avg_volume_10d,avg_volume_20d,avg_volume_5d,body_percent,change_percent,close,consolidation_range_10d_percent,consolidation_range_5d_percent,daily_range_percent,days_to_cover_historical,distance_from_ma20_percent,distance_from_ma50_percent,distance_from_recent_high_percent,distance_from_recent_low_percent,drawdown_from_previous_peak_percent,float_shares_historical,gap_percent,high,higher_lows_5d,highest_high_20d,highest_high_50d,histogram_change,historical_fundamentals_note,label,low,lower_highs_5d,lower_wick_percent,lowest_low_20d,lowest_low_50d,ma20,ma20_above_ma50,ma20_slope_5d,ma50,ma50_slope_5d,macd,macd_histogram,macd_signal,macd_slope_3d,observation_date,open,price_volume_change_5d,recovery_from_recent_bottom_percent,rsi14,rsi_change_5d,short_interest_historical,short_percent_historical,split_age_trading_sessions,support_tests_20d,ticker,upper_wick_percent,volatility_10d_percent,volume,volume_acceleration,volume_ratio_10d,volume_ratio_20d,volume_ratio_5d,volume_trend_5d_vs_20d,window_end
595353640.0,307777035.0,1042504140.0,100.0,-63.63636171214343,0.004000000189989805,2049.999970896171,399.99996507540516,124.99997962731966,,-98.21627638533435,-99.90384476256547,-99.73684208946163,0.0,-99.78835977670555,,-27.27272342428686,0.008999999612569809,0,1.5199999809265137,14.579999923706055,-0.032871461741931673,غير متاح تاريخيًا؛ لم يتم استبداله بقيم اليوم.,success,0.004000000189989805,3,0.0,0.004000000189989805,0.004000000189989805,0.22424999910872428,False,-66.41455716729764,4.159940006090328,-32.96322890117326,-1.870463541693722,0.6651202724035155,-2.5355838140972375,0.42528896984274733,2026-06-18,0.00800000037997961,-69.23076840415158,-55.55555153132203,0.0,0.0,,,22,2,ADTX,24.99997962731965,19.30388507504181,1448031600.0,0.059117761997850016,2.432220956942499,4.704807166655563,1.3889936206872042,3.3872057413250474,2026-06-17
164660.0,112815.0,185660.0,9.340656713477271,-7.848099722462665,1.8200000524520874,36.57143456595284,22.85714830671037,14.560444904775688,,-23.36035132803692,-41.68348726326534,-41.66666284585596,4.000002997262131,-47.3988429946145,,0.7594929374080017,2.015000104904175,1,3.119999885559082,5.449999809265137,-0.00015032019431804322,غير متاح تاريخيًا؛ لم يتم استبداله بقيم اليوم.,success,1.75,3,3.8461566172910975,1.75,1.75,2.374749994277954,False,-12.20887251518813,3.120900011062622,-8.429669469975366,-0.41783218987127446,0.004752192728948446,-0.4225843826002229,0.0010196467834231449,2026-08-03,1.9900000095367432,-12.918654201215018,4.000002997262131,21.212127232792156,12.291937232223532,,,52,3,EZRA,1.373631574007319,5.542089028292906,105800.0,-2.3781213906013745,0.642536135066197,0.9378185524974516,0.5698588818269956,1.6457031423126358,2026-07-31
364770.0,478540.0,103800.0,4.93438232503549,7.627118187458426,3.809999942779541,55.11550672092538,30.815040250885104,14.698167706259296,,-5.587907948378912,-5.6136362849467325,-26.58959728759592,25.74257355626337,-26.58959728759592,,2.3163846906714136,3.9000000953674316,3,5.190000057220459,5.190000057220459,0.013800913869869341,غير متاح تاريخيًا؛ لم يتم استبداله بقيم اليوم.,success,3.3399999141693115,2,7.401576616406028,3.0299999713897705,2.515000104904175,4.035499966144561,False,3.269144449955119,4.036599984169007,-2.097936276162582,-0.1012404607917432,-0.042833307051429376,-0.05840715374031383,-0.037290714823096316,2026-06-22,3.621999979019165,13.056381963273056,25.74257355626337,43.924191726573426,-0.31021402009832144,,,23,5,FRGT,2.3622087648177774,12.441672203008132,48500.0,0.4395185329908799,0.13296049565479617,0.1013499393990053,0.46724470134874757,0.2169097672085928,2026-06-18
27830.0,66098.6,28420.0,2.222220063700145,-2.173910977784832,1.350000023841858,52.30769936149669,41.53846929764635,12.222228010985974,,-21.653970812550405,-40.84266288646589,-43.15789373297441,3.846159489197354,-44.32989482938422,,0.0,1.465000033378601,1,2.375,4.449999809265137,-0.001147900902069121,غير متاح تاريخيًا؛ لم يتم استبداله بقيم اليوم.,success,1.2999999523162842,3,3.703708936484497,1.2999999523162842,1.2999999523162842,1.723125010728836,False,-11.481410134691938,2.2820500206947325,-5.155645916646668,-0.2679023878956661,-0.00832691071096392,-0.2595754771847022,-0.019219912957587404,2026-06-11,1.3799999952316284,-18.674695723668265,3.053441435840476,28.19148969898511,-3.159859144530074,,,17,2,PPCB,6.2962990108013335,5.854847806779554,20900.0,-0.5283790275085434,0.7509881422924901,0.3161942915583688,0.7353976073187896,0.42996372086549484,2026-06-10
749950.0,376685.0,1497800.0,3.9062463620211116,6.666660043928618,1.2799999713897705,293.0681965192242,293.0681965192242,12.109382348717354,,-48.123532179160755,-50.73929665609149,-62.99508729538496,45.45454299154359,-62.99508729538496,,2.499997516473229,1.3250000476837158,2,3.4590001106262207,3.5,0.0013547912619974178,غير متاح تاريخيًا؛ لم يتم استبداله بقيم اليوم.,success,1.1699999570846558,3,4.687504947651288,0.8799999952316284,0.8799999952316284,2.4674000084400176,False,-14.293653635154968,2.5984200072288512,-2.954226322096354,-0.34288738541715835,-0.19902412520936985,-0.1438632602077885,-0.22968984494586797,2026-08-17,1.2300000190734863,-50.76923006385032,45.45454299154359,23.9487408741892,-25.703229037512997,,,62,0,RETO,3.515631039044955,18.184542980246444,151100.0,-0.5410138198560359,0.20148009867324487,0.40113091840662624,0.1008812925624249,3.9762666418891115,2026-08-14
254160.0,1689641.8,270420.0,8.724831838896886,12.878784115868536,1.4900000095367432,44.531255093170444,43.633543606305025,22.81879404043163,,-36.501172771213895,-98.66555133473533,-85.6038651727551,16.40625334694057,-85.6038651727551,,3.030300019967558,1.6399999856948853,2,10.350000381469727,448.5,0.2445953595722301,غير متاح تاريخيًا؛ لم يتم استبداله بقيم اليوم.,success,1.2999999523162842,3,4.026849772134245,1.2799999713897705,1.2799999713897705,2.3465000450611115,False,-91.45437645847045,111.656600086689,-14.218787921569387,-31.70942526012557,7.1194726026623485,-38.82889786278792,6.249614052660881,2026-06-09,1.3600000143051147,-12.865498462130487,16.40625334694057,38.144329263421795,27.97796950741963,,,14,4,EZGO,10.067112429400499,9.318235417292726,621400.0,1.3152451528258626,2.444916587976078,0.3677702575776712,2.2979069595444126,0.1600457564437622,2026-06-08
837087.0,446643.5,151620.0,3.6734755443363665,-1.2096762564130281,2.450000047683716,187.14288017376853,28.476194130860932,8.367353393255868,,-45.85635239473721,-66.16302445785878,-66.62125345024809,16.666674235510783,-66.62125345024809,,-4.8387146393044205,2.565000057220459,2,7.340000152587891,15.199999809265137,0.04967823139904737,غير متاح تاريخيًا؛ لم يتم استبداله بقيم اليوم.,success,2.359999895095825,3,0.0,2.0999999046325684,2.0999999046325684,4.524999988079071,False,-22.11033676132834,7.240599989891052,-7.207484339733949,-1.572611131792717,-0.09130929005366184,-1.481301841739055,0.04658979181769185,2026-05-29,2.359999895095825,-0.4065036710645509,16.666674235510783,16.45570231484777,5.307046101330442,,,5,5,CMND,4.693877848919501,15.508639308412544,67300.0,0.04842054142823826,0.08039785589789353,0.1506794568822786,0.44387283999472366,0.3394653677933296,2026-05-28
16743.5,58761.9,13467.0,26.553664706228453,-26.24999682108561,17.700000762939453,73.07691884464072,58.333342794388486,31.638418870552243,,-86.76457356753357,-98.89923725900492,-99.07812496026357,13.461540577679653,-99.17982650679406,,-6.666668256123865,22.399999618530273,1,1920.0,3328.0,5.908934874373131,غير متاح تاريخيًا؛ لم يتم استبداله بقيم اليوم.,success,16.799999237060547,3,5.084754164323789,15.600000381469727,15.600000381469727,133.73200216293336,False,-76.8182563518586,1607.9760064315797,-16.210839088016172,-469.33906046089805,87.43820381221565,-556.7772642731137,85.57516705150647,2026-06-08,22.399999618530273,-26.859503285447328,13.461540577679653,12.712785770695945,12.646848417592338,,,11,3,HAO,0.0,13.205999501364644,23980.0,1.267172520561318,1.4321975692059605,0.40808755332962343,1.7806489938367862,0.22917911095454707,2026-06-05
160830.0,192360.0,150880.0,7.713131160944392,9.64391620542342,0.7390000224113464,26.91652283365553,26.91652283365553,11.502026517533,,0.15586026766576389,-11.74222288803316,-25.12664326444558,25.894379353195184,-25.353533808837913,,1.1869371385031524,0.7450000047683716,3,0.9869999885559082,1.2100000381469727,0.0074036954829134055,غير متاح تاريخيًا؛ لم يتم استبداله بقيم اليوم.,success,0.6600000262260437,1,2.9769897848611144,0.5870000123977661,0.5870000123977661,0.7378500074148178,False,-6.801818585356012,0.8373200035095215,-3.798341064645616,-0.0756604503446201,0.01538189402136425,-0.09104234436598435,0.022493720211459012,2026-09-04,0.6819999814033508,20.75163990690767,25.894379353195184,39.28571998768881,20.09141107399634,,,73,8,ONCO,0.8119055717274934,3.899854502022924,288300.0,1.0372370487323288,1.7925760119380711,1.498752339363693,1.9107900318133617,0.7843626533582866,2026-09-03
1977790.0,1091562.55,3916700.0,6.502634127209929,9.003836895011696,2.8450000286102295,33.33333333333333,29.733329349093964,13.673108437713042,,12.239868196733772,10.156039777195724,-15.828404370311155,62.38584876845303,-15.828404370311155,,1.9157161971084191,2.9189999103546143,4,3.380000114440918,4.335999965667725,0.023663039471873017,غير متاح تاريخيًا؛ لم يتم استبداله بقيم اليوم.,success,2.5299999713897705,0,4.569424011725669,1.7519999742507935,1.7519999742507935,2.534749972820282,False,2.8254429833390216,2.582699990272522,-1.8835381228907822,0.004484357180064347,0.015471925511451589,-0.010987568331387242,0.031434164626011896,2026-06-17,2.6600000858306885,25.88495754936082,62.38584876845303,55.14874426526983,0.02507075276144377,,,17,4,LNAI,2.601050298777445,7.992373159194959,19332500.0,2.5968830636083005,9.774799144499669,17.71084946071116,4.93591543901754,3.5881590111350006,2026-06-16
107400.0,388838.25,104600.0,0.9009000301245093,0.9090900224102638,1.1100000143051147,40.776707568956795,30.097094232978485,9.9099110709451,,-23.763734669545034,-88.46777196653149,-65.3125000698492,7.766994673543626,-65.3125000698492,,1.8181800448205276,1.1399999856948853,0,3.200000047683716,36.560001373291016,-0.027434393899951504,غير متاح تاريخيًا؛ لم يتم استبداله بقيم اليوم.,success,1.0299999713897705,3,7.207210980571571,1.0299999713897705,1.0299999713897705,1.4559999883174897,False,-13.333333475249153,9.62520001411438,-20.069755867067272,-1.8152146512591532,0.5949252280620037,-2.410139879321157,0.37627108054379854,2026-06-08,1.1200000047683716,-9.756097797361274,2.7777750183035854,17.730496873630628,-14.68708874695416,,,10,4,LZMH,1.8018000602490185,6.846415016993082,90800.0,0.139668988630698,0.845437616387337,0.23351612142066785,0.8680688336520076,0.2690064570550865,2026-06-05
0.0,231576.7,0.0,0.0,0.0,2.190000057220459,200.0,0.0,0.0,,-55.25589890276892,-42.91791012686876,-66.66666666666667,0.0,-66.66666666666667,,0.0,2.190000057220459,0,6.570000171661377,6.570000171661377,0.03504312061478454,غير متاح تاريخيًا؛ لم يتم استبداله بقيم اليوم.,success,2.190000057220459,0,0.0,2.190000057220459,1.4609999656677246,4.894500064849853,True,-12.332079181726098,3.836580023765564,0.9424432789565396,-0.5318435510692363,-0.5643061879035302,0.03246263683429386,-0.43234399082338504,2026-06-03,2.190000057220459,0.0,0.0,10.975608810554931,-14.861715657106231,,,6,6,TJGC,0.0,21.0818510677892,0.0,,,0.0,,0.0,2026-06-02
269774.0,167357.5,472280.0,9.345796162597452,10.167315838216817,4.28000020980835,60.85409512341513,34.523813156178875,14.953267175523191,,-3.1071320748817577,-32.04083572576497,-44.91634208089159,52.31317782785227,-46.16351808184541,,-0.12869693782785463,4.519999980926514,3,7.769999980926514,29.0,0.062127413789039077,غير متاح تاريخيًا؛ لم يتم استبداله بقيم اليوم.,success,3.880000114440918,1,0.0,2.809999942779541,2.809999942779541,4.417250001430512,False,-20.122061215884614,6.297900004386902,-5.578710646408636,-0.9639007303659959,0.16203586455991026,-1.1259365949259061,0.24056988155866055,2026-06-02,3.880000114440918,7.8085687396491466,52.31317782785227,44.56522302501321,36.44640579629409,,,5,2,VSA,5.60747101292574,9.68830193737975,2049400.0,3.829003768025999,7.5967291139991255,12.245641814678159,4.3393749470653,2.8219828809584273,2026-06-01
237990.0,297223.2,345440.0,10.78838096280146,6.637172389398316,2.4100000858306885,52.35602809869106,46.073298984829904,14.522817102387323,,0.46062057484683727,-3.3920968707578325,-34.864863384545,29.569896091159475,-34.864863384545,,-4.867252015929314,2.5,2,3.700000047683716,5.423999786376953,-0.004279950879036962,غير متاح تاريخيًا؛ لم يتم استبداله بقيم اليوم.,success,2.1500000953674316,4,0.0,1.8600000143051147,1.7599999904632568,2.3989500284194945,False,2.9614376842350465,2.4946200132369993,-1.0817239685395053,0.02152065379468704,-0.005955234014590197,0.027475887809277236,-0.04345382884063298,2026-06-12,2.1500000953674316,-0.8230444599618192,36.93182380054119,52.34087313885181,-6.47911423257117,,,12,8,CUPR,3.7344361395858625,10.877725581425933,163600.0,-3.7652947080426515,0.6874238413378714,0.5504280957879465,0.47359888837424735,1.1622242139913708,2026-06-11
371331.5,1586750.75,667720.0,8.536584568052042,5.806453944989287,3.2799999713897705,48.28897055757311,32.24333742482563,14.878046351625102,,-27.617787518053728,-83.16204497310706,-74.1732281838549,24.714822382698976,-74.1732281838549,,-3.2258034744817476,3.299999952316284,3,12.699999809265137,38.0,0.07272950440399395,غير متاح تاريخيًا؛ لم يتم استبداله بقيم اليوم.,success,2.812000036239624,3,5.731706262202143,2.630000114440918,2.630000114440918,4.5315000176429745,False,-44.27570083525253,19.479800047874452,-15.409668210070704,-4.968739327990074,0.9589706646259364,-5.92770999261601,0.8848580493420535,2026-06-03,3.0,14.285717845971945,24.714822382698976,23.96907170567154,23.12873630079001,,,5,4,SDOT,0.6097555213709185,9.492850620077348,191300.0,-2.8158193520139863,0.5151731000467238,0.12056083792618343,0.2864973342119451,0.4208096325147475,2026-06-02
253336.1,250385.05,374700.0,259.73596440434187,-73.09058694672281,3.0299999713897705,330.8580999486889,330.8580999486889,330.85809994868885,,-83.84689223109206,-88.35940633947546,-97.16292145617135,0.0,-97.16292145617135,,-3.1971634372454316,13.055000305175781,3,106.80000305175781,106.80000305175781,-0.18799654203625416,غير متاح تاريخيًا؛ لم يتم استبداله بقيم اليوم.,success,3.0299999713897705,2,0.0,3.0299999713897705,3.0299999713897705,18.758000099658965,False,-43.418194839594705,26.029600033760072,-5.965145521061343,-8.941430008371537,-0.1131671944186472,-8.82826281395289,0.5347777534944882,2026-06-04,10.899999618530273,-68.76288627866147,-63.183473390978676,19.423372246770697,-13.377649540171745,,,5,3,RPGL,71.122135544347,24.84416131950066,1578900.0,3.921007163390553,6.232431935282812,6.305887671807882,4.213771016813451,1.4964950982496759,2026-06-03
803544.0,415755.6,1598006.4,34.8754484390388,-14.848483692515979,7.025000095367432,3726.086956521739,3726.086956521739,55.16014159993152,,-85.26713134868156,-90.9752508755779,-96.80681813846935,22.173914702042286,-96.80681813846935,,14.848489472360328,9.625,0,220.0,581.25,-4.237595427323868,غير متاح تاريخيًا؛ لم يتم استبداله بقيم اليوم.,success,5.75,4,18.149467303327413,5.75,5.75,47.68250000476837,False,-7.448563449757206,77.8415000629425,-70.14833504829231,-97.02007305473266,34.89555456946006,-131.91562762419272,13.20941735993165,2026-06-08,9.475000381469727,-95.72948322470066,-14.848483692515979,42.84910780992537,6.500987075909798,,,6,0,HKIT,2.135225857565315,120.58078426067829,1698132.0,0.19478156953300318,2.1133030674113678,4.084447689940918,1.0626565700863275,3.8436196650147347,2026-06-05
652294.8,327970.8,1016300.0,13.309348538378316,-1.0676146619453597,2.7799999713897705,569.0265464319657,129.64602120005355,16.546755556203536,,-56.7332013660226,-63.09375278676206,-81.61375666381511,23.008848810655238,-81.61375666381511,,-14.23487064391854,2.8499999046325684,1,15.119999885559082,15.119999885559082,0.009859814174599024,غير متاح تاريخيًا؛ لم يتم استبداله بقيم اليوم.,success,2.390000104904175,3,0.7194237817389376,2.259999990463257,2.259999990463257,6.425249981880188,False,-15.370937325097689,7.532599983215332,-6.7562883791670085,-1.284052198648567,-0.47016225949647816,-0.8138899391520887,-0.39923007328166005,2026-06-12,2.4100000858306885,-12.578619087116271,23.008848810655238,29.51360311610125,-2.4308404085184065,,,9,2,CDTG,2.5179832360862817,18.786338148576682,148000.0,-2.678169841007652,0.2268912767662719,0.4512596853134487,0.1456262914493752,3.0987514742166073,2026-06-11
910550.0,666800.0,1462340.0,3.5211234104378644,0.47169907470114847,0.4259999990463257,124.324316922725,86.48648343876913,9.389669423684648,,-37.86464376243994,-66.69897741271154,-69.35251773881416,15.135133393582345,-71.0204087921634,,-3.066033442282845,0.44999998807907104,2,1.3899999856948853,2.5299999713897705,7.086285927176972e-05,غير متاح تاريخيًا؛ لم يتم استبداله بقيم اليوم.,success,0.4099999964237213,3,0.23474575820606247,0.3700000047683716,0.3700000047683716,0.6855999946594238,False,-23.54613867813866,1.279239993095398,-12.374820242532136,-0.27494746694294125,0.02067275040164146,-0.2956202173445827,0.006202470188753417,2026-08-24,0.41100001335144043,-23.65591799854022,15.135133393582345,38.6292830166911,20.122284939520405,,,58,1,DAIC,5.63380025504072,17.175890988605165,160100.0,-0.14927742485296183,0.17582779638679918,0.2401019796040792,0.10948206299492594,2.1930713857228556,2026-08-21
252960.0,183922.5,403740.0,16.500002145767212,-2.2004926462152907,4.0,54.755349835317006,38.18462078387921,29.124993085861206,,6.044538625822948,30.98949483398121,-10.932980545341998,63.26530294485866,-10.932980545341998,,-18.33741345813953,4.449999809265137,2,4.491000175476074,4.491000175476074,-0.010223647850850615,غير متاح تاريخيًا؛ لم يتم استبداله بقيم اليوم.,success,3.2850000858306885,3,1.3749957084655762,2.450000047683716,1.5679999589920044,3.7720000028610228,True,6.00269830281468,3.0536799955368044,7.818546665041071,0.28820683178936646,-0.016384158876169674,0.30459099066553613,-0.05927037718176198,2026-06-18,3.3399999141693115,-6.759905930809484,63.26530294485866,56.326303934004905,-4.831251093724859,,,12,4,WYHG,11.249995231628418,7.704659800625326,686600.0,1.6217870789351236,2.7142631246046807,3.7330941021354103,1.7005993956506662,2.1951637238510786,2026-06-17
119959.7,108498.8,118220.0,2.816898570697485,-2.2935757240897803,2.130000114440918,168.3962436026219,39.15095315704453,7.51174071521988,,-56.41274668973972,-70.79831483429909,-70.781891281389,0.4717089349841386,-70.781891281389,,0.45871514481794495,2.2799999713897705,1,7.289999961853027,11.489999771118164,0.030797884162488964,غير متاح تاريخيًا؛ لم يتم استبداله بقيم اليوم.,success,2.119999885559082,3,0.4694942884761673,2.119999885559082,2.119999885559082,4.886750030517578,False,-19.130362498764097,7.294099988937378,-8.212213857734142,-1.596738398643506,-0.1728619779992584,-1.4238764206442476,-0.09053702917020079,2026-06-17,2.190000057220459,-16.141726518491705,-1.8433161496169914,17.827298077887974,-2.4967040173866337,,,9,2,ICCM,4.225347856046228,12.235406728650537,96400.0,-0.205814254212199,0.8036032100780512,0.88848908928025,0.815428861444764,1.089597304301983,2026-06-16
43450.0,59660.0,75300.0,4.250001907348633,-3.381639396149072,4.0,51.42856623850729,44.5454560560957,20.57499885559082,,15.174200915727788,1.5135673462510324,-16.142557316676353,42.857145289985546,-16.142557316676353,,-7.487921564661715,4.329999923706055,3,4.769999980926514,9.899999618530273,-0.007924135069662275,غير متاح تاريخيًا؛ لم يتم استبداله بقيم اليوم.,success,3.506999969482422,2,8.07499885559082,2.799999952316284,2.5999999046325684,3.473000001907349,False,8.142612112234682,3.9403599977493284,-1.671923848605239,0.0338987563112374,0.13997946898737235,-0.10608071267613496,0.1652773155666254,2026-08-11,3.8299999237060547,18.694366048514,48.97579460873867,60.489510081439136,5.182245800165944,,,46,7,WXM,8.249998092651367,7.506805657100555,62300.0,-1.6896285559840112,1.433831990794016,1.0442507542742205,0.8273572377158035,1.2621521957760644,2026-08-10
314950.0,182310.0,273280.0,1.8181800448205245,1.851850012202405,2.200000047683716,55.29178978179512,28.585549405645615,8.409098963106784,,-21.708183090740018,-37.43245386069894,-44.94494446118028,8.803163538513626,-47.867294856339235,,0.0,2.249000072479248,3,3.996000051498413,6.284999847412109,0.006181839335585304,غير متاح تاريخيًا؛ لم يتم استبداله بقيم اليوم.,success,2.063999891281128,4,4.363645112218746,2.0220000743865967,2.0220000743865967,2.8099999904632567,False,-8.943616331320426,3.516199984550476,-12.147711394947391,-0.44773558912549216,-0.005863387870619019,-0.44187220125487314,0.0008887966137822723,2026-08-19,2.1600000858306885,-6.3829728951544595,8.803163538513626,27.69231389965441,2.5859285032871497,,,50,5,FEMY,2.2272738060675144,4.299377603738821,146900.0,-0.3056645279271477,0.46642324178441025,0.8057703910920959,0.5375439110070258,1.4989852449125116,2026-08-18
8852665.0,9561639.75,2926960.0,11.016949238156633,-9.230769936149663,1.1799999475479126,1592.982410459967,173.68420392192294,16.94915733677141,,-68.55010804175873,-97.07085563466063,-93.88601039277745,3.5087686276281227,-93.88601039277745,,0.7692300638503236,1.3600000143051147,1,19.299999237060547,354.0,-0.6058759644201785,غير متاح تاريخيًا؛ لم يتم استبداله بقيم اليوم.,success,1.159999966621399,3,1.694913713180618,1.1399999856948853,1.1399999856948853,3.752000004053116,False,-12.845528747277136,40.28479994058609,-21.808667594594645,-19.784353755904885,7.756272704736798,-27.540626460641683,4.22298204240365,2026-06-15,1.309999942779541,-32.954548071484936,3.5087686276281227,47.6935749349525,-4.734482420409591,,,5,0,HUBC,4.2372943854341605,45.592827897334296,1144800.0,0.08470294241945564,0.1293169909852005,0.11972841792120437,0.3911225298603329,0.3061148585942071,2026-06-12
114881.8,119304.55,14033.2,2.500001168718547,-5.292484905027505,10.199999809265137,145.25317639957746,31.32911825360898,8.235295767602654,,-53.35916969403416,-84.5874190517014,-76.55172457640198,7.594939892359531,-81.11111146432381,,-2.924795920788892,10.454999923706055,2,43.5,258.0,0.0028232815999515992,غير متاح تاريخيًا؛ لم يتم استبداله بقيم اليوم.,success,9.614999771118164,3,5.735294598884107,9.479999542236328,9.479999542236328,21.869250059127808,False,-34.469738973813534,66.17969984054565,-25.89565552928019,-20.660158867266226,4.030855520585206,-24.691014387851432,2.969878189602145,2026-07-06,10.454999923706055,-16.8704203037643,7.594939892359531,8.21429095300617,-0.40259899289218026,,,18,2,KIDZ,0.0,10.739443010824385,10020.0,0.3437418836520496,0.08722008185804887,0.08398673814200716,0.714021035829319,0.11762501933077993,2026-07-02
1580429.8,1500891.6,3025633.2,15.094345281086511,-12.637363597063867,0.9539999961853027,135.66667863174752,106.66667373092108,97.79873923055277,,-70.39795225240269,-99.06247237362494,-98.25839314174863,6.000002384185854,-99.31153933336152,,0.5494543882554881,1.8329999446868896,0,54.777000427246094,212.97000122070312,0.26195289202737726,غير متاح تاريخيًا؛ لم يتم استبداله بقيم اليوم.,success,0.8999999761581421,3,5.660379480407441,0.8999999761581421,0.8999999761581421,3.2227500081062317,False,-90.21483210494044,101.75700100421905,-15.296605213798841,-27.830185349227047,5.641319864253926,-33.471505213480974,5.146098269709835,2026-06-29,1.0980000495910645,-47.69736865753805,-9.659090780809565,16.483513364487138,13.967263297641793,,,14,0,ZCMD,77.04401446905882,8.22217523388656,14564000.0,3.6707823777401103,9.215214747279505,9.703565533979935,4.813537873658975,2.0158905546543133,2026-06-26
702430.0,2987229.7,1332260.0,1.081080036149411,0.0,1.850000023841858,62.777785798649944,33.33334216365132,4.8648601626723496,,-32.592456902671096,-92.91073649558106,-61.05263107701352,2.777781825006853,-84.25531894602673,,1.0810800361494177,1.9299999475479126,1,4.75,82.0,-0.07048385247195466,غير متاح تاريخيًا؛ لم يتم استبداله بقيم اليوم.,success,1.840000033378601,4,0.5405400180747055,1.7999999523162842,1.7999999523162842,2.7445000052452087,False,-21.540880930743057,26.095799975395202,-20.330817718891126,-5.725996343912416,1.7605113612692413,-7.4865077051816575,1.1679283733432753,2026-07-10,1.8700000047683716,-20.258617367458022,2.777781825006853,7.441863714520068,-28.445233563614877,,,19,4,GMM,3.243240108448233,4.006630722102837,6383000.0,3.4125060179617432,9.087026465270561,2.136762365478624,4.791106841007011,0.44598512126469547,2026-07-09
1140620.0,737600.5,2189500.0,1.851850099804667,2.4390220263873053,3.7799999713897705,49.683540841742804,28.797470288405734,15.608469763320363,,-14.831296406730221,-42.39122204760544,-40.937501327134655,19.620249010091364,-40.937501327134655,,0.5420048947527345,4.070000171661377,2,6.400000095367432,11.899999618530273,0.020026248143395375,غير متاح تاريخيًا؛ لم يتم استبداله بقيم اليوم.,success,3.4800000190734863,2,6.084656635299486,3.1600000858306885,3.1600000858306885,4.4382499814033505,False,-10.717159539646593,6.561500010490417,-5.630662898166761,-0.7557686268312525,0.04757809415219649,-0.803346720983449,0.08124754915590682,2026-06-26,3.7100000381469727,9.248552881929339,19.620249010091364,37.58099217477085,1.1928567072460936,,,10,5,SHPH,7.671963028216208,9.946585457927116,10154300.0,4.275517347513376,8.902439024390244,13.766666372921385,4.637725508106874,2.968409050698854,2026-06-25
153280.0,83465.0,286860.0,15.165885666873184,4.975119657066296,2.109999895095825,61.1842156859977,53.70138491431102,20.37915109648258,,12.864398117788923,-0.8207014917534172,-13.877556978390038,38.8157843140023,-3.652975344035825,,20.895526282920308,2.450000047683716,3,2.450000047683716,3.437999963760376,0.025619997527560112,غير متاح تاريخيًا؛ لم يتم استبداله بقيم اليوم.,success,2.0199999809265137,1,4.265398987862234,1.5199999809265137,1.5199999809265137,1.8694999754428863,False,-2.030656631479788,2.127459990978241,-7.549170350989442,-0.0976330138163013,0.045463781865556385,-0.14309679568185768,0.07259895651096371,2026-08-11,2.430000066757202,28.658531311010705,38.8157843140023,52.11267428274197,30.01965247755522,,,40,6,AIFA,0.9478664417471632,9.821837181285684,1137600.0,0.09846054394122872,7.421711899791232,13.62966512909603,3.965697552813219,3.4368897142514827,2026-08-10
29720.0,19745.0,55340.0,15.675673613677155,23.33333333333334,18.5,236.28318016451976,206.54866199073686,32.00000041239971,,-39.63717036142028,-50.45766427196203,-51.69712697513923,63.71681139588463,-51.69712697513923,,4.000002543131509,20.260000228881836,2,38.29999923706055,60.0,0.3364963565976242,غير متاح تاريخيًا؛ لم يتم استبداله بقيم اليوم.,success,14.34000015258789,2,6.810812048009924,11.300000190734863,11.300000190734863,30.647999954223632,False,-13.07381440004477,37.341800155639646,-8.228106344096965,-5.414147361620127,-2.086888852811184,-3.3272585088089435,-2.0286142840530843,2026-08-24,15.600000381469727,7.246376811594213,63.71681139588463,24.620761350563427,-32.3317737567373,,,47,2,AIFU,9.513514750712627,21.14655782104745,47900.0,0.4820964984241685,1.6117092866756393,2.4259306153456572,0.865558366461872,2.8027348695872374,2026-08-21
624458.0,334503.8,902610.0,12.765958454160259,11.023626718350311,14.100000381469727,116.00000381469728,83.78377403108841,62.41134041829913,,-31.45357188234329,-72.51247599761311,-64.21319838729322,41.00000381469726,-64.21319838729322,,-3.149603342816265,20.399999618530273,2,39.400001525878906,134.0,0.17813281802744818,غير متاح تاريخيًا؛ لم يتم استبداله بقيم اليوم.,success,11.600000381469727,3,4.964537520049142,10.0,10.0,20.570000171661377,False,-22.669172841486727,51.29600025177002,-17.44294581032171,-11.723511566156489,1.9538039546379355,-13.677315520794425,1.6501452772531096,2026-07-14,12.300000190734863,0.0,41.00000381469726,17.18750031044084,-8.709933574309474,,,17,4,VMAR,44.68084444408973,7.611721144968946,3449230.0,3.4184873988354956,5.523558029523203,10.311482261188065,3.821395730160313,2.698354996266111,2026-07-13
64250.0,61590.0,49520.0,26.02495549732457,-22.567284718714774,5.610000133514404,67.76181249039226,60.36961244985621,42.24598625944038,,-12.449766570437127,-7.902943572573395,-31.334148333824764,15.195077317139805,-31.334148333824764,,-2.4154550263902563,7.239999771118164,2,8.170000076293945,8.170000076293945,-0.11766179778948471,غير متاح تاريخيًا؛ لم يتم استبداله بقيم اليوم.,control,4.869999885559082,3,13.19073494373959,4.869999885559082,3.8499999046325684,6.407750058174133,True,3.0723449882890552,6.0914000415802,2.2922298467606073,0.3040803041131621,-0.05776923238487275,0.36184953649803486,-0.14425019507342718,2026-07-30,7.070000171661377,-22.19139939205578,22.408900488261253,45.178199055922875,-32.92829838347686,,,55,3,ASBP,3.0302958183762154,9.764088729303532,119600.0,2.197459386604661,1.86147859922179,1.9418736807923365,2.4151857835218093,0.8040266276993019,2026-07-29
57640.0,54050.0,36780.0,0.15337043058176109,-2.9761877307950435,6.519999980926514,67.76181249039226,54.00411039514821,5.214718968487134,,0.8312382364190851,6.78021513461764,-20.195839411985673,33.88090624519613,-20.195839411985673,,-3.1249935694391606,6.699999809265137,3,8.170000076293945,8.170000076293945,-0.014722253164782706,غير متاح تاريخيًا؛ لم يتم استبداله بقيم اليوم.,control,6.360000133514404,4,2.300614966353361,4.869999885559082,3.8499999046325684,6.466250038146972,True,2.7938950411573904,6.10600004196167,1.2519690199774614,0.2520212140073621,-0.07567259052124564,0.32769380452860775,-0.18416319599150288,2026-08-03,6.510000228881836,-6.456238490830191,33.88090624519613,54.59866268738978,-16.310416662019797,,,57,8,ASBP,2.760733571552012,11.696911484629947,9400.0,-0.0897642564906122,0.16308119361554477,0.17391304347826086,0.255573681348559,0.6804810360777058,2026-07-31
45950.0,49605.0,40000.0,1.9886344779005618,-2.6279399269601544,7.039999961853027,67.76181249039226,52.772078686945136,8.38067725777993,,6.581884643661962,14.304268917190633,-13.831090622871889,44.55852417427371,-13.831090622871889,,-0.6915655685056366,7.409999847412109,4,8.170000076293945,8.170000076293945,0.010229055034386036,غير متاح تاريخيًا؛ لم يتم استبداله بقيم اليوم.,control,6.820000171661377,3,3.124997036700883,4.869999885559082,3.8499999046325684,6.605250024795533,True,3.299839132292326,6.1590000343322755,1.1097611762588944,0.28256465911809503,-0.028381254434610814,0.31094591355270584,-0.003096955684361191,2026-08-05,7.179999828338623,25.490192411863543,44.55852417427371,57.34214242541876,-14.04469807622192,,,59,7,ASBP,3.267045743178485,11.18414359461342,29600.0,-0.013990093560814487,0.6441784548422198,0.596714040923294,0.74,0.8063703255720189,2026-08-04
31850.0,47325.0,23160.0,5.09915207410995,-2.754824790592303,7.059999942779541,62.01232139412698,24.056599070002616,11.756372952310274,,4.922904369610981,13.217227949170528,-13.586292816999823,44.9692014103414,-13.586292816999823,,2.2038545780700636,7.889999866485596,4,8.170000076293945,8.170000076293945,-0.0031167606693281447,غير متاح تاريخيًا؛ لم يتم استبداله بقيم اليوم.,control,7.059999942779541,1,0.0,4.869999885559082,3.8499999046325684,6.728750014305115,True,4.309575964497903,6.235800037384033,2.357112301051578,0.2931344325480545,-0.01239378078132225,0.30552821332937674,0.013703514855692767,2026-08-07,7.420000076293945,8.282208028109395,44.9692014103414,55.89928075816957,-0.20036965149649433,,,61,7,ASBP,6.657220878200322,10.970862419254582,39200.0,1.1296594951331937,1.2307692307692308,0.8283148441627047,1.692573402417962,0.48938193343898573,2026-08-06
38300.0,50340.0,40260.0,1.6688076389925235,0.7761958943272029,7.789999961853027,65.29774907398614,18.035190441554683,8.600771239728873,,12.804546180614462,22.82803953567816,-4.6511641480093235,59.95893521378852,-4.6511641480093235,,2.4579567496978205,8.0,3,8.170000076293945,8.170000076293945,0.023843073458389263,غير متاح تاريخيًا؛ لم يتم استبداله بقيم اليوم.,control,7.329999923706055,1,5.90500693709312,4.869999885559082,4.449999809265137,6.905750012397766,True,5.6935140940309825,6.342200031280518,3.4616638142418443,0.3747442457130923,0.050117867165541896,0.3246263785475504,0.07539460730037906,2026-08-11,7.920000076293945,10.653409148635706,59.95893521378852,51.95924732089311,-7.090523538391757,,,63,5,ASBP,1.0269566636432292,11.202728655530661,83400.0,0.7329252494710055,2.177545691906005,1.6567342073897497,2.0715350223546944,0.799761620977354,2026-08-10
29740.0,46995.0,41360.0,8.555394766989814,-6.3074902845214,7.130000114440918,35.521887427417795,14.022666515285497,10.098173613397025,,1.28920123620333,11.267167132859068,-12.729497578227555,46.406576632237126,-12.729497578227555,,1.7082737887380794,7.809999942779541,2,8.170000076293945,8.170000076293945,-0.03755183363370784,غير متاح تاريخيًا؛ لم يتم استبداله بقيم اليوم.,control,7.090000152587891,2,0.5610092736466084,4.869999885559082,4.449999809265137,7.039250016212463,True,5.389826538539788,6.408000040054321,3.421562244301257,0.3496689720351931,0.010436423386143812,0.3392325486490493,0.011297266571875575,2026-08-13,7.739999771118164,0.9915038559308753,46.406576632237126,49.36204212228568,-7.8544513837062055,,,65,6,ASBP,0.9817695727606008,8.202928563345909,26800.0,0.16163887346517058,0.9011432414256894,0.5702734333439727,0.6479690522243714,0.8800936269815938,2026-08-12
31890.0,44765.0,34720.0,8.917195130818302,10.407872816064057,7.849999904632568,19.970195901190245,13.314448510468102,9.681531695730753,,9.617732710415705,21.329209557173854,-3.9167707303931265,61.190966921991595,-3.9167707303931265,,0.562587357269928,7.900000095367432,2,8.170000076293945,8.170000076293945,0.02728411304963524,غير متاح تاريخيًا؛ لم يتم استبداله بقيم اليوم.,control,7.139999866485596,2,0.12739145227166743,4.869999885559082,4.449999809265137,7.161250019073487,True,5.084559449206938,6.470000038146972,2.747340017654798,0.34631293479179703,0.009267609603437699,0.33704532518835933,-0.03829876503056795,2026-08-17,7.150000095367432,0.7702174977324283,61.190966921991595,56.57698183585311,-1.3213692051876933,,,67,3,ASBP,0.6369451126407831,6.194871880006487,34700.0,0.7125848180267789,1.088115396676074,0.7751591645258572,0.9994239631336406,0.7756059421422987,2026-08-14
29530.0,37740.0,21020.0,0.785339578901603,-1.2919884701511064,7.639999866485596,16.785144983604706,13.314448510468102,6.348163156452334,,5.754920710463973,16.64478058036627,-6.487150610269843,56.87885104762203,-6.487150610269843,,-0.5167953880604426,7.989999771118164,2,8.170000076293945,8.170000076293945,-0.006230036470788347,غير متاح تاريخيًا؛ لم يتم استبداله بقيم اليوم.,control,7.505000114440918,2,1.7670124921975647,4.869999885559082,4.449999809265137,7.22425000667572,True,3.428898640586242,6.549800024032593,2.587475871741951,0.35294309495755627,0.009560173767666547,0.3433829211898897,0.036231175616253886,2026-08-19,7.699999809265137,7.152871582873299,56.87885104762203,70.34067962007448,21.523645554425137,,,69,7,ASBP,3.7958110853531664,5.335863464261049,12100.0,-0.3795147051921509,0.40975279376904844,0.32061473237943827,0.5756422454804948,0.5569687334393216,2026-08-18
17970.0,12915.0,27540.0,0.6435649290515875,-3.3492792400721227,4.039999961853027,27.49999761581421,17.750000953674316,3.217824645257937,,-14.004130047832364,-22.29065642919824,-20.784312992176602,0.9999990463256836,-21.856868428732124,,-3.971289382558596,4.130000114440918,1,5.099999904632568,9.130000114440918,-0.008700580449439374,غير متاح تاريخيًا؛ لم يتم استبداله بقيم اليوم.,control,4.0,4,0.3465331459662291,4.0,3.9600000381469727,4.697899985313415,False,-2.8074315489437063,5.198859977722168,-2.598200859666233,-0.17755590967895696,-0.09234404619957975,-0.0852118634793772,-0.09109890477695526,2026-07-30,4.013999938964844,-8.098270109381843,-1.8225957092764866,23.522164558727454,-18.992809775574074,,,55,4,DKI,2.2277265702401206,2.702512083906565,73800.0,-0.8382255097647842,4.106844741235392,5.714285714285714,2.679738562091503,2.132404181184669,2026-07-29
15330.0,12065.0,26140.0,0.0,-7.940156659396136,4.0,23.749995231628418,11.500000953674316,5.124998092651367,,-13.82374774797006,-22.148089542704806,-21.568625984353197,0.0,-21.568625984353197,,-7.940156659396136,4.204999923706055,1,5.099999904632568,9.130000114440918,-0.004959734692707815,غير متاح تاريخيًا؛ لم يتم استبداله بقيم اليوم.,control,4.0,3,0.0,4.0,3.9600000381469727,4.641649985313416,False,-3.3472853346123155,5.137959976196289,-2.915578668787955,-0.20048453760140728,-0.07767507186347135,-0.12280946573793593,-0.05471521992178463,2026-08-03,4.0,-5.882352941176472,0.0,28.912831057258245,-4.958132737722721,,,57,4,DKI,5.124998092651367,4.257497016262033,4000.0,0.06583492513920203,0.2609262883235486,0.33153750518027353,0.1530221882172915,2.1665975963530872,2026-07-31
15880.0,11520.0,18400.0,1.5831119626240187,-3.06905681185341,3.7899999618530273,27.077741203217375,16.487929436282613,3.1662239252480373,,-16.531774453749325,-24.884453230249072,-25.68627386815452,1.6085775461857743,-25.68627386815452,,-1.5345314547575706,3.8499999046325684,1,5.099999904632568,9.130000114440918,-0.004383853219116579,غير متاح تاريخيًا؛ لم يتم استبداله بقيم اليوم.,control,3.7300000190734863,2,1.5831119626240187,3.7300000190734863,3.7300000190734863,4.540649974346161,False,-4.183460714631271,5.045559973716736,-3.571933688754181,-0.2502930357713087,-0.08571968889210124,-0.16457334687920744,-0.07418700082847707,2026-08-05,3.8499999046325684,-6.188118870311388,-3.06905681185341,23.380657417632392,-4.309623741044234,,,59,4,DKI,0.0,4.0998208501708815,7400.0,0.23120126866657859,0.4659949622166247,0.6423611111111112,0.40217391304347827,1.5972222222222223,2026-08-04
16290.0,11935.0,6200.0,0.0,-1.773535004011162,3.5999999046325684,27.653638800373592,17.87709162359592,1.3888942238726676,,-18.476416125400995,-27.217737725407464,-29.41176525586755,0.5586586970037999,-29.41176525586755,,-1.773535004011162,3.630000114440918,0,5.099999904632568,9.130000114440918,-0.0006653204145043445,غير متاح تاريخيًا؛ لم يتم استبداله بقيم اليوم.,control,3.5799999237060547,3,0.5555550404536735,3.5799999237060547,3.5799999237060547,4.415899956226349,False,-5.615936629379348,4.946259970664978,-4.28989401141775,-0.30108098681488027,-0.09111598002619925,-0.20996500678868102,-0.0766017264857135,2026-08-07,3.5999999046325684,-10.000002384185791,-1.504789799937778,16.487934400158863,-20.46741244826513,,,61,4,DKI,0.833339183418994,4.089967901826766,12800.0,1.5035405192761604,0.7857581338244322,1.0724759111855886,2.064516129032258,0.5194805194805194,2026-08-06
1217470.0,612490.0,2408620.0,19.310348758705157,18.528605291619037,4.349999904632568,52.00000490461076,52.00000490461076,32.64368063046862,,0.45261293460940877,-10.3916824187692,-18.233087137775193,24.285711560930533,-14.705882627933775,,41.41689235225974,5.320000171661377,1,5.320000171661377,9.130000114440918,0.056438984135840836,غير متاح تاريخيًا؛ لم يتم استبداله بقيم اليوم.,control,3.9000000953674316,2,10.344823428292624,3.5,3.5,4.330399954319001,False,-5.699945153836106,4.85445996761322,-4.742786948353794,-0.2599788987597611,-0.023936097291413244,-0.23604280146834786,0.017657772634064983,2026-08-11,5.190000057220459,14.775724232612998,24.285711560930533,43.57476743974453,15.831969285902524,,,63,5,DKI,2.9885084434708444,7.508231609515128,12006400.0,3.2614620884713985,9.861762507495051,19.602605756828684,4.984763059345185,3.9325050204901304,2026-08-10
1230590.0,624280.0,2457080.0,11.566265254049066,5.8673473111493735,4.150000095367432,52.00000490461076,52.00000490461076,17.831325121240155,,-2.108786027548637,-13.202793388575163,-21.992481927468944,18.571431296212324,-21.992481927468944,,-6.377550896283546,4.400000095367432,1,5.320000171661377,9.130000114440918,0.024626733116119542,غير متاح تاريخيًا؛ لم يتم استبداله بقيم اليوم.,control,3.6600000858306885,1,0.2409636200832776,3.5,3.5,4.239399969577789,False,-5.3895422354999,4.781259970664978,-4.314709743335532,-0.2241535245574946,0.012030640126588776,-0.23618416468408338,0.08628033401525403,2026-08-13,3.6700000762939453,15.277783480691465,18.571431296212324,45.822013713928456,23.213691790116442,,,65,5,DKI,6.02409624710781,8.330377265470686,83300.0,-0.035212387699043494,0.06769110751753224,0.13343371564041775,0.03390203005193156,3.9358621131543536,2026-08-12
1242010.0,628670.0,2475780.0,0.4878044241882981,-2.147974972763944,4.099999904632568,52.00000490461076,45.3551925383064,6.585365541629455,,-1.2476533667874268,-12.881992703576618,-22.93233510644448,17.142854418073373,-22.93233510644448,,-1.67064846552325,4.269999980926514,1,5.320000171661377,9.130000114440918,0.006913318924778006,غير متاح تاريخيًا؛ لم يتم استبداله بقيم اليوم.,control,4.0,2,2.4390221209414906,3.5,3.5,4.151799976825714,False,-4.729341855926361,4.706259970664978,-3.8451636788035204,-0.18023029096765608,0.03845480229841455,-0.21868509326607063,0.07155762673760524,2026-08-17,4.119999885559082,-5.747126562779014,17.142854418073373,47.32142659474373,25.567209433474716,,,67,5,DKI,3.658538996499666,7.5343353885762605,37300.0,-0.018602439635891782,0.03003196431590728,0.05933160481651741,0.015065959010897577,3.938123339748994,2026-08-14
1247270.0,631575.0,53660.0,0.7389214342651194,0.49504903750889895,4.059999942779541,52.00000490461076,25.409837293654757,9.605914049278889,,-0.5462616861087732,-12.436970388163004,-23.684214064383234,15.999998365129752,-23.684214064383234,,1.2376284952223093,4.28000020980835,2,5.320000171661377,9.130000114440918,0.001442250823602581,غير متاح تاريخيًا؛ لم يتم استبداله بقيم اليوم.,control,3.890000104904175,2,4.187188184022032,3.5,3.5,4.082299983501434,False,-4.650347363772744,4.6366599702835085,-3.70104215202538,-0.15847719004386018,0.04037897728540743,-0.1988561673292676,0.03828012042317752,2026-08-19,4.090000152587891,-2.168678325775364,15.999998365129752,50.3745315342104,11.083803354658443,,,69,5,DKI,4.679804430991738,7.398658985970595,28400.0,0.08750596794340976,0.02276972908832891,0.044966947710089855,0.5292582929556466,0.08496219768040217,2026-08-18
126890.0,174125.0,106560.0,1.0401232266289118,1.9696895943750459,0.6729999780654907,75.42373095391581,24.23729034444111,10.401187983490665,,-34.65702386445686,-65.1562543718369,-67.00980437988963,14.067797962874785,-67.64423063697194,,3.030300019967558,0.699999988079071,2,2.0399999618530273,3.7100000381469727,0.011388320451368061,غير متاح تاريخيًا؛ لم يتم استبداله بقيم اليوم.,control,0.6299999952316284,2,6.389299292024331,0.5899999737739563,0.5899999737739563,1.0299499928951263,False,-29.55439256455602,1.9314800000190735,-11.752987942350046,-0.4901646233181456,0.044847278535335766,-0.5350119018534814,0.06164279104437009,2026-07-30,0.6800000071525574,10.32786266933825,14.067797962874785,14.994822963089618,9.003263182394477,,,55,4,KALA,2.971765464837421,8.222949694102248,36600.0,-0.02463469836143689,0.28843880526440224,0.21019382627422828,0.34346846846846846,0.6119741564967696,2026-07-29
99960.0,167525.0,64980.0,3.174601797994651,3.5616387129054905,0.7559999823570251,35.59322838672343,28.13007729801584,15.60846212522889,,-18.818793581056248,-59.27601904679588,-62.94117664245861,28.13559592574959,-62.94117664245861,,0.2739690682928675,0.7879999876022339,3,2.0399999618530273,3.7100000381469727,0.011693605404113572,غير متاح تاريخيًا؛ لم يتم استبداله بقيم اليوم.,control,0.6700000166893005,1,8.201055301837219,0.5899999737739563,0.5899999737739563,0.9312499970197677,False,-25.305794599160347,1.856399999856949,-10.448625115701947,-0.4331706457621689,0.06984310496156054,-0.5030137507237294,0.07959411764117874,2026-08-03,0.7319999933242798,12.667656938762306,28.13559592574959,28.86075364876669,20.192872446708407,,,57,5,KALA,4.2328050253970195,7.103401476323797,71600.0,-0.14681085180136155,0.7162865146058424,0.42739889568721084,1.1018775007694674,0.3878824056111028,2026-07-31
100050.0,148340.0,77580.0,11.709288802645323,-5.108559622914976,0.7429999709129333,49.152548194651004,39.68253998289062,15.746978192801539,,-13.104499967707328,-58.30340468265853,-50.79470360228371,25.932204057621732,-51.753247446908524,,6.002553179827896,0.859000027179718,4,1.5099999904632568,3.7100000381469727,0.0039203303497618025,غير متاح تاريخيًا؛ لم يتم استبداله بقيم اليوم.,control,0.7419999837875366,1,0.1345877745012603,0.5899999737739563,0.5899999737739563,0.8550499975681305,False,-21.033431699346593,1.7819199991226196,-9.85014835900092,-0.3783831919500307,0.08374042757409289,-0.46212361952412356,0.08394183545664191,2026-08-05,0.8299999833106995,10.401187983490656,25.932204057621732,28.35595538119871,15.07627902605789,,,59,5,KALA,3.903101615654956,7.265511146139644,127300.0,0.7053290901588558,1.2723638180909544,0.8581636780369422,1.6408868265016756,0.5229877308884994,2026-08-04
72540.0,140030.0,68840.0,0.9497923461488443,5.135522771015788,0.7369999885559082,49.152548194651004,31.343279598709508,5.9701452703511455,,-6.7029567744578245,-57.118254097923725,-46.20438058461802,24.915257850209894,-47.73049602817465,,4.1369536226530945,0.7509999871253967,3,1.3700000047683716,3.7100000381469727,0.0017010972163007398,غير متاح تاريخيًا؛ لم يتم استبداله بقيم اليوم.,control,0.7070000171661377,3,3.1207601444357245,0.5899999737739563,0.5899999737739563,0.7899499952793121,False,-19.18256697586057,1.7186799955368042,-9.15491490654674,-0.33498641652213046,0.08504165153737892,-0.4200280680595094,0.0682522126711852,2026-08-07,0.7300000190734863,-2.5132267519212825,24.915257850209894,45.9958896048518,22.203192768728655,,,61,5,KALA,1.8995927797665764,4.6832169843118825,47700.0,0.177210306776715,0.6575682382133995,0.340641291151896,0.6929110981987217,0.49160894094122687,2026-08-06
68870.0,121875.0,76600.0,3.0463578877629534,0.9358247649003282,0.7549999952316284,43.089427900090605,23.597127484902657,12.450328804485554,,0.4189663098230989,-54.417571511193906,-33.77192941178685,27.96610657492804,-38.11475594048213,,4.010691224204455,0.8190000057220459,3,1.1399999856948853,3.7100000381469727,0.0002760731700737762,غير متاح تاريخيًا؛ لم يتم استبداله بقيم اليوم.,control,0.7250000238418579,2,3.9735061694360327,0.5899999737739563,0.5899999737739563,0.7518499970436097,False,-15.843967062062259,1.6563399982452394,-8.945279416227958,-0.29041124437538435,0.08645722798442901,-0.37686847235981336,0.06753668224739151,2026-08-11,0.777999997138977,1.6150773604944435,27.96610657492804,52.38095422401518,15.424435301739905,,,63,5,KALA,5.4304647472865675,4.4102081892525975,124500.0,0.9427162979032048,1.807753738928416,1.0215384615384615,1.6253263707571801,0.6285128205128205,2026-08-10
75050.0,100970.0,71760.0,1.4705895243218976,4.615381468302893,0.8840000033378601,46.15384968074834,34.370574966454484,14.819002473120765,,19.677791000301426,-44.82999621236423,-14.589368903697208,49.83051570041977,-22.456139085035232,,6.153844309005141,0.949999988079071,4,1.034999966621399,3.7100000381469727,0.003953000652078653,غير متاح تاريخيًا؛ لم يتم استبداله بقيم اليوم.,control,0.8190000057220459,0,7.35294087900264,0.5899999737739563,0.5899999737739563,0.7386500000953674,False,-9.98659483834815,1.602319997549057,-8.299472338943403,-0.23501102503074334,0.09523046499472648,-0.3302414900254698,0.07729059951082207,2026-08-13,0.8970000147819519,19.94572823128349,49.83051570041977,79.782608892832,43.76728707225479,,,65,5,KALA,5.99547206979623,5.419551457117432,62800.0,-0.32432556931083534,0.8367754830113258,0.6219669208675844,0.875139353400223,0.7107061503416856,2026-08-12
72000.0,85980.0,80860.0,0.6342476198781116,2.380947466118899,0.9459999799728394,39.71223391778762,33.93103224882481,7.716703527876765,,25.965376987235533,-38.85413007312333,-2.5746689348760676,60.33898678362917,-2.5746689348760676,,1.7315987436063773,0.949999988079071,4,0.9710000157356262,3.7100000381469727,0.0009498077208526245,غير متاح تاريخيًا؛ لم يتم استبداله بقيم اليوم.,control,0.8769999742507935,1,6.659622061179066,0.5899999737739563,0.5899999737739563,0.7509999990463256,False,-2.289877690431219,1.547119995355606,-8.293816532089638,-0.1816350592229652,0.09922925515514525,-0.28086431437811044,0.08113658270853841,2026-08-17,0.9399999976158142,25.298011383776696,60.33898678362917,79.82646384363878,30.03832552146406,,,67,5,KALA,0.422833846819588,5.0892983953721735,32200.0,-0.8553935725631542,0.44722222222222224,0.3745056989997674,0.3982191441998516,0.940451267736683,2026-08-14
69010.0,84530.0,70740.0,0.1112332744823098,-1.2087952611295805,0.8989999890327454,43.3093528264823,21.611719772294258,7.675195390856966,,17.164080295962503,-39.96661160736517,-9.738956189807757,52.3728862701907,-9.738956189807757,,-1.0989065691980104,0.9390000104904175,3,0.9959999918937683,3.7100000381469727,-0.006054042067037246,غير متاح تاريخيًا؛ لم يتم استبداله بقيم اليوم.,control,0.8700000047683716,2,3.22580474061802,0.5899999737739563,0.5899999737739563,0.7673000007867813,False,2.862122438743686,1.4974999964237212,-8.052117235128087,-0.1461029148026307,0.08883192603914697,-0.23493484084177768,0.06128926592997341,2026-08-19,0.8999999761581421,1.6968309545528637,52.3728862701907,73.3471072599069,13.493088612353752,,,69,5,KALA,4.338157375756635,5.006132340545052,36600.0,-0.9657697488860489,0.5303579191421534,0.4329823731219685,0.5173876166242578,0.8368626523127883,2026-08-18
42760.0,51535.0,31340.0,2.393614744616607,-4.020421897725457,15.039999961853027,51.30674042447689,27.166436173509688,11.702122870156417,,-10.18214328175635,-5.792500686924695,-33.70068187820328,15.692307398869442,-33.70068187820328,,-1.723040564448608,16.299999237060547,0,22.684999465942383,22.684999465942383,-0.11866775936780738,غير متاح تاريخيًا؛ لم يتم استبداله بقيم اليوم.,control,14.539999961853027,3,3.3244680935384565,13.0,12.510000228881836,16.744999837875366,True,3.171547316113865,15.964758720397949,-3.9374825771066213,0.2590313307453833,-0.272174463231475,0.5312057939768583,-0.5004408907673366,2026-07-30,15.399999618530273,-14.301990793863528,18.18324815511303,44.994041808109905,-13.259164871279218,,,55,6,SMX,5.984040032001353,7.957927059371647,34300.0,-0.021508911185452284,0.8021515434985969,0.6655670903269623,1.0944479897894066,0.6081303968176968,2026-07-29
39960.0,50045.0,34220.0,4.362835414374775,-2.806583902395876,15.930000305175781,51.30674042447689,26.478675638901116,10.357812849471044,,-5.532820526912663,-0.05263725049110546,-29.77738293936515,10.280378274314895,-29.77738293936515,,1.4338048755510258,17.25,2,22.684999465942383,22.684999465942383,-0.0071826501464506975,غير متاح تاريخيًا؛ لم يتم استبداله بقيم اليوم.,control,15.600000381469727,3,2.0715625698942084,14.444999694824219,12.510000228881836,16.862999820709227,True,2.3706178523509314,15.938389835357667,-1.8252384849872794,0.14576592193560955,-0.2581570230519076,0.40392294498751713,-0.2999767839854499,2026-08-03,16.625,-1.9692288912259603,11.398602046851813,49.174531763264255,-1.8917532870221478,,,57,11,SMX,3.9234148652020595,7.910113849532906,29400.0,-0.011706382731198395,0.7357357357357357,0.5874712758517334,0.859146697837522,0.683784593865521,2026-07-31
32810.0,45565.0,26640.0,0.41470145529125996,2.117353052525006,16.8799991607666,37.55158220406991,20.357634428561177,8.471566210142147,,-0.20839576194858767,6.026491505383058,-25.589598597482844,16.857040618802266,-25.589598597482844,,2.540835201738756,17.5,3,22.684999465942383,22.684999465942383,0.05774011341223567,غير متاح تاريخيًا؛ لم يتم استبداله بقيم اليوم.,control,16.06999969482422,2,4.798575273777423,14.444999694824219,12.510000228881836,16.915249824523926,True,1.513833082451299,15.92054864883423,-0.7372031835994108,0.15432136120443118,-0.15677770362001803,0.3110990648244492,-0.06316646664060599,2026-08-05,16.950000762939453,12.234037257848996,16.857040618802266,41.36053818908994,-8.985881867191168,,,59,11,SMX,3.258289481073462,5.60139176221927,20100.0,0.11593490041765897,0.6126181042365133,0.4411280588170745,0.7545045045045045,0.5846592779545704,2026-08-04
29040.0,44055.0,24320.0,0.893386601257146,-0.9439518596479513,16.790000915527344,27.166436173509688,18.587601369987116,10.244188323800756,,-1.169886062814729,6.029840948023613,-25.986328804042348,15.474559556928424,-25.986328804042348,,-0.05899839782722571,17.799999237060547,2,22.684999465942383,22.684999465942383,0.021867401960225685,غير متاح تاريخيًا؛ لم يتم استبداله بقيم اليوم.,control,16.079999923706055,2,4.2287132406567185,14.539999961853027,12.510000228881836,16.988749933242797,True,1.009275938658094,15.835165615081786,-0.9515676727818501,0.17232681987262666,-0.08887026297451078,0.26119708284713744,0.03655114617542665,2026-08-07,16.940000534057617,5.398622685977861,15.474559556928424,51.1221967081025,-1.0466188751840306,,,61,9,SMX,5.122088481886891,4.421724585846621,20900.0,-0.3397026325903152,0.7196969696969697,0.47440699126092384,0.859375,0.5520372261945296,2026-08-06
25570.0,41115.0,19820.0,0.6962063862256596,-1.188240044421307,15.800000190734863,22.42090291444576,14.102556421755374,3.8607572741356706,,-6.978112219229238,0.02300598427753542,-30.350449359913622,8.665751253009347,-30.350449359913622,,-1.8761738275740125,16.299999237060547,2,22.684999465942383,22.684999465942383,-0.029708570920892463,غير متاح تاريخيًا؛ لم يتم استبداله بقيم اليوم.,control,15.6899995803833,3,0.0,14.539999961853027,12.510000228881836,16.985249996185303,True,0.8520500454627156,15.796366081237792,-0.8323087260543649,0.03814992759794933,-0.15364953198627418,0.1917994595842235,-0.13452705605807935,2026-08-11,15.6899995803833,-6.398098481793346,8.665751253009347,25.649352693474896,-21.369702274284222,,,63,12,SMX,3.1645508879100115,4.226761481315368,10100.0,-0.2610559253464668,0.39499413375048886,0.24565243828286512,0.5095862764883956,0.48206250760063235,2026-08-10
19680.0,31220.0,13340.0,1.918313544984511,3.9897032630697105,16.15999984741211,18.71414379619738,14.543109914770124,5.87871174650581,,-3.37384418434854,2.5172548036028974,-26.545455239035864,11.141677371453195,-28.76349910577003,,1.994854699985038,16.5,2,22.0,22.684999465942383,0.02968576677748541,غير متاح تاريخيًا؛ لم يتم استبداله بقيم اليوم.,control,15.550000190734863,3,1.8564368413834225,14.539999961853027,12.510000228881836,16.72424998283386,True,-1.5366266175480203,15.763199939727784,-0.8878045694824976,-0.044928730827908936,-0.15287116581184074,0.1079424349839318,-0.15119961234331925,2026-08-13,15.850000381469727,-3.7522396293177773,11.141677371453195,40.569880657411666,-8.395093818883524,,,65,13,SMX,2.103961360137877,4.009079605636899,11200.0,0.3955202329631032,0.5691056910569106,0.35874439461883406,0.8395802098950524,0.42729019859064704,2026-08-12
16620.0,28290.0,11440.0,4.981546460888855,0.061539870042071065,16.260000228881836,18.587601369987116,9.909909688760354,6.273065457600027,,-2.4199948261526605,3.4640757820893375,-26.09090805053711,11.829437906061768,-26.09090805053711,,5.046151968149037,17.06999969482422,2,22.0,22.684999465942383,0.02596799376174755,غير متاح تاريخيًا؛ لم يتم استبداله بقيم اليوم.,control,16.049999237060547,2,1.2915189967111727,14.539999961853027,12.510000228881836,16.66325001716614,True,-2.014024226493405,15.715599937438965,-0.46671269965684603,-0.041834724232479914,-0.09552344051731657,0.053688716284836645,-0.005438018080045737,2026-08-17,17.06999969482422,2.9113926113540023,11.829437906061768,50.08103913094149,7.223897439232374,,,67,14,SMX,0.0,2.6294901940702218,15700.0,0.30033645599683334,0.9446450060168472,0.5549664192294097,1.3723776223776223,0.40438317426652526,2026-08-14
16670.0,24740.0,16000.0,3.805773834755773,4.455103575958352,15.239999771118164,23.268696359533124,18.28255138531436,9.553808070412705,,-6.254326875369287,-3.240553661613854,-23.800001144409176,5.540167686858255,-30.727273767644714,,0.47977857499750254,15.956000328063965,2,20.0,22.684999465942383,-0.0028565117263426587,غير متاح تاريخيًا؛ لم يتم استبداله بقيم اليوم.,control,14.5,3,1.0498677809387533,14.4399995803833,12.510000228881836,16.256750059127807,True,-3.7335856066783246,15.750399932861328,-0.23057245987070374,-0.22183894597809584,-0.1841611934630121,-0.037677752515083734,-0.1779170881131975,2026-08-19,14.65999984741211,-5.693069832802477,5.540167686858255,51.373625114018445,18.45695916481511,,,69,11,SMX,4.698166454718178,4.226058236610259,12000.0,-1.1390356671070012,0.7198560287942412,0.4850444624090542,0.75,0.6467259498787389,2026-08-18
52180.0,90900.0,42880.0,6.148488863196967,9.948975992222685,4.309999942779541,44.321334890473075,23.82271246777965,11.136886009918435,,-10.25507729674251,-16.981278983464453,-34.99246050702389,19.39058360180741,-34.99246050702389,,3.1887754481417785,4.46999979019165,3,6.630000114440918,6.949999809265137,0.044709859387865425,غير متاح تاريخيًا؛ لم يتم استبداله بقيم اليوم.,control,3.990000009536743,1,1.2761036539998727,3.609999895095825,3.609999895095825,4.802500033378601,False,-6.045191578155551,5.191600027084351,-2.2776040694086674,-0.38911198294970095,-0.07278225609433697,-0.316329726855364,0.006760908420968548,2026-08-04,4.045000076293945,9.948975992222685,19.39058360180741,32.091694263554544,-8.242880500597238,,,55,5,SLMT,3.7122934927215954,8.401590692145758,33600.0,-0.13898428212917713,0.6439248754311997,0.3696369636963696,0.7835820895522388,0.4717271727172717,2026-08-03
54330.0,91255.0,44920.0,3.7825022858310713,1.1961768609626056,4.230000019073486,39.33518991625431,20.810803583366756,6.3829782437129365,,-10.324358443252535,-17.476296305689942,-36.19909583621198,17.17451916882129,-36.19909583621198,,-2.63157084197696,4.25,3,6.630000114440918,6.949999809265137,0.025173990058571294,غير متاح تاريخيًا؛ لم يتم استبداله بقيم اليوم.,control,3.9800000190734863,2,2.1276631721529804,3.609999895095825,3.609999895095825,4.7170000076293945,False,-5.470941911535054,5.125800018310547,-1.9736088352575676,-0.354396242483797,-0.02118201207586007,-0.3332142304079369,0.06123003583018516,2026-08-06,4.070000171661377,4.444439996580907,17.17451916882129,32.42425083128583,-4.052620832604795,,,57,5,SLMT,0.4728127857288839,8.452541239438753,40200.0,0.17592383840851966,0.7399226946438432,0.4405238069146896,0.8949243098842387,0.49224700016437456,2026-08-05
39640.0,79960.0,34080.0,11.633670085809445,-1.2224985053662207,4.039999961853027,24.93075789305863,20.266672770182282,18.811887031138646,,-12.582495975025964,-19.788751644092706,-39.06485833909063,11.911359536086309,-39.06485833909063,,10.268950137524957,4.510000228881836,2,6.630000114440918,6.949999809265137,0.007294131254246716,غير متاح تاريخيًا؛ لم يتم استبداله بقيم اليوم.,control,3.75,2,7.178216945329203,3.609999895095825,3.609999895095825,4.621500015258789,False,-4.848672508973917,5.036700019836426,-3.177624106457866,-0.33938105726114287,-0.002895529359762894,-0.33648552790138,0.03489367226226037,2026-08-10,4.510000228881836,-6.26450080072134,11.911359536086309,33.015875947297246,15.509873175010142,,,59,6,SLMT,0.0,6.228957712875739,41600.0,0.5021822036815222,1.0494450050454087,0.5202601300650325,1.2206572769953052,0.42621310655327665,2026-08-07
39530.0,47295.0,36640.0,2.3017880356437597,-1.7587922841038939,3.9100000858306885,24.93075789305863,23.561646877925124,6.956517391232501,,-11.267444226128987,-21.11050448683194,-34.285710736626086,8.310254832483865,-39.8368973345911,,0.5025120811725348,4.034999847412109,2,5.949999809265137,6.949999809265137,0.0010255398249771064,غير متاح تاريخيًا؛ لم يتم استبداله بقيم اليوم.,control,3.763000011444092,2,3.75959261278037,3.609999895095825,3.609999895095825,4.4065000176429745,False,-7.368089095193331,4.956300024986267,-3.9737279929106806,-0.33360355704366373,0.0020922372093070685,-0.3356957942529708,0.012347749131785157,2026-08-12,4.0,-7.56501020803515,8.310254832483865,32.29814041709763,3.3208623789785747,,,61,8,SLMT,0.895136742808372,6.018389058613113,21000.0,-0.8772969953521891,0.5312420946116874,0.44402156676181415,0.5731441048034934,0.7747119145787081,2026-08-11
33020.0,45420.0,31940.0,2.638191421364102,-0.7481348652370268,3.9800000190734863,23.561646877925124,23.561646877925124,5.276376852311672,,-6.429999351614701,-18.283543824409243,-27.37226267845174,10.249311211346711,-30.297723424094958,,1.870319326292158,4.159999847412109,2,5.480000019073486,6.949999809265137,0.006738185657103712,غير متاح تاريخيًا؛ لم يتم استبداله بقيم اليوم.,control,3.950000047683716,2,0.7537681217588103,3.609999895095825,3.609999895095825,4.253500044345856,False,-8.80145723030128,4.870500025749206,-4.203217679348803,-0.3091716664411397,0.018805782817404748,-0.32797744925854444,0.025980489729827916,2026-08-14,4.085000038146973,-1.4851471125267302,10.249311211346711,52.53456408534546,18.34925151793319,,,63,8,SLMT,1.8844173091887597,4.007667226516789,15200.0,-0.2933384711719089,0.46032707450030286,0.33465433729634525,0.47589229805886035,0.7032144429766622,2026-08-13
32450.0,42315.0,26360.0,0.5037778534604955,-1.7326716312811796,3.9700000286102295,23.561646877925124,10.550088619735742,5.566749484592485,,-4.210399581883606,-17.43787023576463,-23.800383885942743,9.972303157223461,-25.724973162854305,,-1.2376225937722696,4.13100004196167,1,5.210000038146973,6.949999809265137,0.003247416696582295,غير متاح تاريخيًا؛ لم يتم استبداله بقيم اليوم.,control,3.9100000858306885,1,1.5113335603814866,3.609999895095825,3.609999895095825,4.144500041007996,False,-7.674314294438711,4.808500022888183,-3.7048162441581156,-0.28062445716764195,0.03210989751003207,-0.312734354677674,0.039986840634952614,2026-08-18,3.990000009536743,1.5345253570958395,9.972303157223461,51.25627990190575,18.756273941442693,,,65,9,SLMT,3.551638070750503,1.950288347710559,31400.0,-0.030810171094263428,0.9676425269645609,0.7420536452794517,1.1911987860394537,0.6229469455275907,2026-08-17
38070.0,46200.0,42340.0,5.325441649971722,5.889721667522241,4.224999904632568,23.561646877925124,13.648293667614952,11.597633623600201,,4.378972794403824,-11.401432403540335,-16.003981542705603,17.03601183956318,-18.43629257440248,,0.2506263268008846,4.329999923706055,1,5.03000020980835,6.949999809265137,0.01865456515520486,غير متاح تاريخيًا؛ لم يتم استبداله بقيم اليوم.,control,3.8399999141693115,2,3.786984365496762,3.609999895095825,3.609999895095825,4.047750031948089,False,-6.3887604630583965,4.768700013160705,-2.8560372656887156,-0.23453181877722695,0.05524411812616553,-0.2897759369033925,0.057367529464505296,2026-08-20,4.0,6.155775989571888,17.03601183956318,55.70031520948679,15.417621629667472,,,67,11,SLMT,2.485207608131716,2.6886940755572044,112400.0,2.076088714435379,2.952456002101392,2.432900432900433,2.6547000472366555,0.9164502164502164,2026-08-19
56950.0,48295.0,82640.0,0.467289251077145,1.6627119008812974,4.28000020980835,21.917799808089388,16.797897010431218,9.813074272620046,,5.659449580545317,-9.660801625994885,-5.099778434612412,18.55956604383058,-10.833332505491079,,2.137770825947638,4.449999809265137,3,4.510000228881836,6.949999809265137,0.010083094048355168,غير متاح تاريخيًا؛ لم يتم استبداله بقيم اليوم.,control,4.03000020980835,2,5.841121208991589,3.609999895095825,3.609999895095825,4.050750052928924,False,-3.5880040857958595,4.737700009346009,-2.1075689940982967,-0.1785845308313201,0.07580811972277413,-0.2543926505540942,0.08841288263265312,2026-08-24,4.300000190734863,7.8085687396491466,18.55956604383058,48.636376246928734,-1.1197158109904493,,,69,11,SLMT,3.504663812551311,2.400413282949803,86600.0,-1.2588247376063584,1.5206321334503952,1.793146288435656,1.047918683446273,1.7111502225903303,2026-08-21
17395560.0,32141490.0,16445160.0,0.0,0.0,0.003000000026077032,33.33333850734759,0.0,0.0,,-10.447762646303826,-90.2024819032887,-39.99999813735481,49.99999417923418,-39.99999813735481,,0.0,0.003000000026077032,0,0.004999999888241291,0.3580000102519989,-0.005725292330938242,غير متاح تاريخيًا؛ لم يتم استبداله بقيم اليوم.,control,0.003000000026077032,0,0.0,0.0020000000949949026,0.0020000000949949026,0.003350000083446503,False,-8.219177959856294,0.03061999984551221,-80.36172396823103,-0.16010526478023576,0.07378051843613814,-0.2338857832163739,0.04124114435965984,2026-08-06,0.003000000026077032,0.0,49.99999417923418,50.0,10.0,,,55,17,ADTX,0.0,13.861085228266507,8525500.0,0.10859743830551793,0.49009632342965675,0.26524905970445056,0.5184200092914876,0.5116489621358562,2026-08-05
15417670.0,25261885.0,10361340.0,0.0,0.0,0.003000000026077032,33.33333850734759,0.0,0.0,,-7.692308794464564,-86.07242326283705,-39.99999813735481,49.99999417923418,-39.99999813735481,,0.0,0.003000000026077032,0,0.004999999888241291,0.22100000083446503,-0.004949264862789848,غير متاح تاريخيًا؛ لم يتم استبداله بقيم اليوم.,control,0.003000000026077032,0,0.0,0.0020000000949949026,0.0020000000949949026,0.0032500000670552254,False,-5.7971022317349625,0.02153999997768551,-76.87352366557313,-0.1373874470925299,0.06350734660543103,-0.20089479369796093,0.035437654965802146,2026-08-10,0.003000000026077032,0.0,49.99999417923418,50.0,10.0,,,57,18,ADTX,0.0,7.905695070764835,13053000.0,0.5571574093821439,0.8466259817469176,0.5167072845118248,1.2597791405358767,0.4101570409334062,2026-08-07
13947260.0,21880375.0,9793760.0,49.999994179234186,-33.333330746326205,0.0020000000949949026,49.99999417923418,49.99999417923418,49.999994179234186,,-35.4838690295056,-87.51560483448807,-50.0,0.0,-50.0,,0.0,0.003000000026077032,0,0.004000000189989805,0.15199999511241913,-0.004337624751503413,غير متاح تاريخيًا؛ لم يتم استبداله بقيم اليوم.,control,0.0020000000949949026,0,0.0,0.0020000000949949026,0.0020000000949949026,0.0031000000541098415,False,-7.462687256994327,0.016019999915733933,-60.792951324814524,-0.1179554205732972,0.054569977957858576,-0.17252539853115578,0.030359598307800592,2026-08-12,0.003000000026077032,-33.333330746326205,0.0,33.33333592034026,-16.66666407965974,,,59,17,ADTX,0.0,10.540924715811112,10100200.0,0.12169757056889707,0.7241709124229418,0.46161000439891914,1.0312893107448007,0.4476047599732637,2026-08-11
11630040.0,19358085.0,10636360.0,0.0,-33.333330746326205,0.0020000000949949026,49.99999417923418,49.99999417923418,49.999994179234186,,-34.42622763103489,-82.84734047820771,-50.0,0.0,-50.0,,-33.333330746326205,0.003000000026077032,0,0.004000000189989805,0.10999999940395355,-0.003731493474032066,غير متاح تاريخيًا؛ لم يتم استبداله بقيم اليوم.,control,0.0020000000949949026,0,0.0,0.0020000000949949026,0.0020000000949949026,0.003050000057555735,False,-7.575757939221384,0.011659999969415366,-54.41751369770851,-0.10124883162493972,0.04689579569180538,-0.1481446273167451,0.02601145868631871,2026-08-14,0.0020000000949949026,-33.333330746326205,0.0,24.999998544808463,-25.000001455191537,,,61,5,ADTX,49.999994179234186,22.838669729887183,11911700.0,0.15295738386072644,1.0242183173918575,0.6153346263331316,1.1199038016765135,0.5494531096438516,2026-08-13
9406860.0,15918915.0,9556380.0,0.0,0.0,0.0020000000949949026,49.99999417923418,49.99999417923418,49.999994179234186,,-32.20338809146895,-75.90361332899644,-50.0,0.0,-50.0,,0.0,0.003000000026077032,0,0.004000000189989805,0.07400000095367432,-0.0031863505910071366,غير متاح تاريخيًا؛ لم يتم استبداله بقيم اليوم.,control,0.0020000000949949026,0,0.0,0.0020000000949949026,0.0020000000949949026,0.0029500000644475223,False,-7.812499681676854,0.00830000000540167,-54.69432283667231,-0.08695373696481601,0.04026286846945154,-0.12721660543426755,0.02228755010904296,2026-08-18,0.0020000000949949026,0.0,0.0,33.33333333333333,0.0,,,63,6,ADTX,49.999994179234186,22.838669729887183,7980500.0,-0.0040467387406625255,0.8483702319371182,0.501321855164124,0.8350965532973783,0.6003160391270385,2026-08-17
10068450.0,13732005.0,10108940.0,0.0,0.0,0.0020000000949949026,49.99999417923418,49.99999417923418,0.0,,-28.57142678956144,-67.42670862784504,-50.0,0.0,-50.0,,0.0,0.0020000000949949026,0,0.004000000189989805,0.05999999865889549,-0.0027290831980056746,غير متاح تاريخيًا؛ لم يتم استبداله بقيم اليوم.,control,0.0020000000949949026,1,0.0,0.0020000000949949026,0.0020000000949949026,0.0028000000631436704,False,-9.677418894507584,0.0061400000145658854,-55.57163506299201,-0.07465562584071622,0.034585805862699964,-0.10924143170341619,0.01917747765045555,2026-08-20,0.0020000000949949026,0.0,0.0,33.33333333333333,2.5870071169720177e-06,,,65,8,ADTX,0.0,22.838669729887183,13249500.0,0.3200710764553366,1.315942374446911,0.9648627421851361,1.3106715441975123,0.7361590678127484,2026-08-19
20645980.0,18031825.0,31647600.0,59.99999720603222,149.99998253770258,0.004999999888241291,149.99998253770258,149.99998253770258,59.99999720603222,,81.81817489098921,-6.015040456818621,0.0,149.99998253770258,24.999991268851286,,0.0,0.004999999888241291,0,0.004999999888241291,0.05999999865889549,-0.002150503340419288,غير متاح تاريخيًا؛ لم يتم استبداله بقيم اليوم.,control,0.0020000000949949026,1,0.0,0.0020000000949949026,0.0020000000949949026,0.0027500000433064997,False,-8.333333753721995,0.0053200000431388615,-45.71428524726681,-0.06384232452071942,0.029907654231727976,-0.0937499787524474,0.0167306695876661,2026-08-24,0.0020000000949949026,149.99998253770258,149.99998253770258,66.66666666666666,33.33333333333333,,,67,10,ADTX,0.0,53.17104345793722,117372800.0,2.6542511446348467,5.685019553443333,6.509202479504986,3.7087425270794627,1.7550968911909914,2026-08-21
40372730.0,27159995.0,71347120.0,49.999992238978614,-25.00000291038291,0.006000000052154064,399.99996507540516,399.99996507540516,66.66666149265241,,90.47618836434795,18.110236292650093,-39.99999813735481,199.99998835846836,-39.99999813735481,,12.499989813659829,0.008999999612569809,2,0.009999999776482582,0.05999999865889549,-0.0019784399890556623,غير متاح تاريخيًا؛ لم يتم استبداله بقيم اليوم.,control,0.004999999888241291,1,16.666669253673795,0.0020000000949949026,0.0020000000949949026,0.0031500000623054802,False,10.526315660481632,0.005080000041052699,-28.450703924949327,-0.054165870595163354,0.026059665440013424,-0.08022553603517678,0.01500286414306877,2026-08-26,0.008999999612569809,199.99998835846836,199.99998835846836,63.63636325151961,30.303029918186283,,,69,10,ADTX,0.0,54.025881309510766,88517300.0,-1.052276783712684,2.192502216223674,3.2591059018972572,1.2406569459285812,2.6269194821280344,2026-08-25
11304670.0,5701595.0,643140.0,0.3984059960658085,-1.5686259843532002,2.509999990463257,162.85713740757535,29.26477373092522,9.163347408261801,,10.670193838983222,-15.004572048226983,-45.4347816847673,43.42857088361467,-45.4347816847673,,-1.960782480441492,2.640000104904175,3,4.599999904632568,4.599999904632568,7.8430761015158e-05,غير متاح تاريخيًا؛ لم يتم استبداله بقيم اليوم.,control,2.4100000858306885,3,3.585653964592276,1.75,1.75,2.267999994754791,False,-3.735144301226212,2.9531000089645385,-4.612552136303316,-0.1694497607705494,0.11513294828522547,-0.2845827090557749,0.11402179778177546,2026-08-11,2.5,13.063061176380874,43.42857088361467,54.382470706098,2.9805973823392975,,,58,4,EZRA,5.179287447603718,17.194610956045807,86500.0,0.12008891686047889,0.007651705003330482,0.015171193323973379,0.1344963771496097,0.11280001473271953,2026-08-10
11302440.0,5707050.0,345760.0,6.3559365269099315,-5.976099439735338,2.359999895095825,162.85713740757535,23.67816626183008,10.593220809861478,,4.586745028984507,-19.225112413050105,-48.69565339079428,34.857136862618574,-48.69565339079428,,0.0,2.5899999141693115,2,4.599999904632568,4.599999904632568,-0.01296446993811029,غير متاح تاريخيًا؛ لم يتم استبداله بقيم اليوم.,control,2.3399999141693115,3,0.847456856590309,1.75,1.75,2.2564999938011168,False,-2.778974507450316,2.921700005531311,-4.641143863595576,-0.15687211112188093,0.10216847834711518,-0.2590405894689961,0.0794654943050559,2026-08-12,2.509999990463257,-0.8403453102266312,34.857136862618574,52.702699965977025,9.90114083845166,,,59,4,EZRA,3.389827426361236,17.23404315129234,148900.0,0.2961491573251705,0.013174146467488436,0.02609053714265689,0.4306455344747802,0.06058471539587002,2026-08-11
11300020.0,5710190.0,235700.0,1.2766047245027552,-0.4237284282951559,2.3499999046325684,162.85713740757535,22.272727223467225,8.51064067234448,,4.700374765964455,-18.586526802142767,-48.913044492328574,34.28570883614677,-48.913044492328574,,0.8474669590729178,2.4000000953674316,1,4.599999904632568,4.599999904632568,-0.011758271475919013,غير متاح تاريخيًا؛ لم يتم استبداله بقيم اليوم.,control,2.200000047683716,4,6.382972895154462,1.75,1.75,2.24449999332428,False,-2.221738149241159,2.8865000009536743,-4.783111119091865,-0.14602783088000093,0.09041020687119616,-0.2364380377511971,0.052283597722869946,2026-08-13,2.380000114440918,-8.56031261964415,34.28570883614677,52.49999747826517,-0.5526384120293599,,,60,4,EZRA,0.8510630526872615,16.73102491260623,96900.0,-0.01952970927325287,0.008575206061582193,0.01696966300595952,0.41111582520152734,0.04127708535092527,2026-08-12
11253360.0,5707505.0,138140.0,1.2820501064172196,-0.42553152634362545,2.3399999141693115,162.85713740757535,21.363637201056985,5.555560649969825,,4.011553289072123,-18.047143334931913,-49.130435593862856,33.71428080967493,-49.130435593862856,,-1.702126105374524,2.4000000953674316,2,4.599999904632568,4.599999904632568,-0.010591924776937878,غير متاح تاريخيًا؛ لم يتم استبداله بقيم اليوم.,control,2.2699999809265137,3,1.7094001418896263,1.75,1.75,2.249749994277954,False,-1.3700131555630324,2.8552999973297117,-4.927913147042151,-0.13666518513337422,0.07981828209425829,-0.2164834672276325,0.032784575637175184,2026-08-14,2.309999942779541,-8.235295767602658,33.71428080967493,53.7401536185226,-2.0138139221121634,,,61,4,EZRA,2.56411040166298,16.611830843524036,35500.0,-0.15413015848660044,0.003154613377693418,0.006219880665895168,0.2569856667149269,0.02420322014610587,2026-08-13
11252650.0,5708655.0,93300.0,5.28455741565119,5.128210614497419,2.4600000381469727,121.04755917701256,20.00000216744158,10.85365674005436,,8.909797044541644,-13.08341728905431,-46.52173719243873,40.571430751255576,-46.52173719243873,,-0.4273500354724069,2.5490000247955322,2,4.599999904632568,4.599999904632568,-0.0011912534735969427,غير متاح تاريخيًا؛ لم يتم استبداله بقيم اليوم.,control,2.2820000648498535,2,1.9512137443850486,1.75,1.75,2.2587499976158143,False,-0.5613028328986913,2.830299997329712,-4.918198423200593,-0.11819968145180582,0.07862702862066134,-0.19682671007246716,0.038672429670075115,2026-08-17,2.3299999237060547,-1.9920299803290464,40.571430751255576,57.115386608084165,1.139291917722936,,,62,4,EZRA,3.6178855800181196,16.193102911007227,98700.0,0.8008921467898964,0.00877126721261214,0.017289536677203298,1.0578778135048232,0.01634360457936239,2026-08-14
371350.0,5711750.0,99560.0,9.502264005526996,-10.162601468425825,2.2100000381469727,29.26477373092522,18.264833173407812,11.085967481000953,,-2.071561377470621,-21.05733024994875,-51.95651991380858,26.2857164655413,-51.95651991380858,,-1.6260146842582146,2.434999942779541,2,4.599999904632568,4.599999904632568,-0.019028397773731776,غير متاح تاريخيًا؛ لم يتم استبداله بقيم اليوم.,control,2.190000057220459,2,0.904976496891065,1.75,1.75,2.256749999523163,False,-0.4960315369332391,2.799499998092651,-5.201314225918985,-0.12232842151380519,0.05959863084692957,-0.18192705236073475,0.023699409366195745,2026-08-18,2.4200000762939453,-6.355926424427317,26.2857164655413,54.19708026021384,-0.18539044588415976,,,63,4,EZRA,0.6787269785828918,7.633665490614818,117800.0,0.12532829336540585,0.3172209505857008,0.02062415196743555,1.183206106870229,0.01743073488860682,2026-08-17
215610.0,5698770.0,85460.0,6.060600430887407,4.524882484455328,2.309999942779541,23.963131919082727,17.465434800761194,8.658000615553437,,2.3142484439445443,-16.744757931526454,-49.78260889846572,31.999996730259483,-49.78260889846572,,-1.8099529937821268,2.369999885559082,2,4.599999904632568,4.599999904632568,-0.0070105352891179085,غير متاح تاريخيًا؛ لم يتم استبداله بقيم اليوم.,control,2.1700000762939453,2,0.0,1.75,1.75,2.2577499985694884,False,0.055395735510987976,2.774599995613098,-5.03474037853735,-0.11619193291347019,0.05258809555781166,-0.16878002847128185,0.020473252219904037,2026-08-19,2.1700000762939453,-1.702126105374524,31.999996730259483,59.811320041752936,7.10862007577591,,,64,4,EZRA,2.5974001846660313,5.791111256575069,78400.0,-0.2658178550565151,0.3636194981679885,0.013757354657233052,0.917388251813714,0.014996218482233885,2026-08-18
159680.0,5691210.0,83660.0,6.666669978035689,3.8961105981499156,2.4000000953674316,23.963131919082727,17.465434800761194,11.249998758236616,,5.878464468863354,-12.689169872979367,-47.82608380164445,37.14286259242468,-47.82608380164445,,-3.030300215443704,2.509999990463257,2,4.599999904632568,4.599999904632568,0.00013151221426480064,غير متاح تاريخيًا؛ لم يتم استبداله بقيم اليوم.,control,2.240000009536743,2,0.0,1.75,1.75,2.2667500019073485,False,0.9913124815881469,2.7487999963760377,-4.770483441265949,-0.10288051875618631,0.05271960777207646,-0.15560012652826277,0.015319162695619504,2026-08-20,2.240000009536743,2.564110401662978,37.14286259242468,58.317026234673385,5.817028756408213,,,65,3,EZRA,4.583328780200927,5.453033228827566,87900.0,0.13329307737586293,0.5504759519038076,0.015444870247276062,1.050681329189577,0.014699861716576968,2026-08-19
80900.0,75800.0,132620.0,0.8771921263311704,-1.4409208041508248,3.4200000762939453,39.215687007823405,37.25490452738192,6.725146606508966,,-2.418144663727062,-10.939817120674967,-36.19403001672043,34.117652558675516,-36.19403001672043,,-0.5763683216603255,3.450000047683716,3,5.360000133514404,5.900000095367432,0.02921131451207276,غير متاح تاريخيًا؛ لم يتم استبداله بقيم اليوم.,control,3.2200000286102295,1,5.847954480177796,2.549999952316284,2.549999952316284,3.5047500014305113,False,-6.283842261451699,3.840099992752075,-1.0767922506998095,-0.22255691330788174,0.01693834395529309,-0.23949525726317483,0.10696969213663099,2026-08-06,3.450000047683716,24.363639137961645,34.117652558675516,35.007850221927654,-3.911066523533144,,,55,1,FRGT,0.0,6.730710509853658,553700.0,3.4719617139194687,6.8442521631644,7.304749340369393,4.175086713919469,1.7496042216358838,2026-08-05
90100.0,79905.0,152320.0,6.5693454792226476,-8.666666348775232,2.740000009536743,37.25490452738192,32.07546694501959,12.77371910271429,,-19.6775371677005,-27.576454060140232,-48.88059811035488,7.450982775426063,-48.88059811035488,,-2.6666641235351562,3.0,1,5.360000133514404,5.900000095367432,-0.019454012699523432,غير متاح تاريخيًا؛ لم يتم استبداله بقيم اليوم.,control,2.6500000953674316,3,3.2846683889073405,2.549999952316284,2.549999952316284,3.4112499952316284,False,-4.786825857409427,3.783299994468689,-2.2933291130393885,-0.2492035188365347,-0.009714509832160434,-0.23948900900437425,0.006799294972243075,2026-08-10,2.9200000762939453,-15.692307398869442,7.450982775426063,37.166666984558105,-1.8182135687543024,,,57,6,FRGT,2.919705234584303,7.278696641993769,49400.0,-0.3793174422611542,0.5482796892341842,0.6182341530567549,0.3243172268907563,1.906263688129654,2026-08-07
98330.0,82555.0,171060.0,0.3891046973934726,4.897954417287975,2.569999933242798,45.833327538437544,43.74999627470986,8.560312619644153,,-20.795132629689373,-30.58931737255246,-52.05224124579042,7.083326296674164,-52.05224124579042,,4.489791549180633,2.640000104904175,1,5.360000133514404,5.900000095367432,-0.005649868606950187,غير متاح تاريخيًا؛ لم يتم استبداله بقيم اليوم.,control,2.4200000762939453,4,5.447465763508616,2.4000000953674316,2.4000000953674316,3.2447499990463258,False,-7.74753009519813,3.702599997520447,-3.846053833333951,-0.30313494767231663,-0.04337227054645326,-0.2597626771258634,-0.07581406899334553,2026-08-12,2.559999942779541,-24.8538047979298,7.083326296674164,32.19424424954535,3.894750320233328,,,59,5,FRGT,2.7237421587420627,8.096503612722472,65400.0,-0.11959656199310997,0.6651072917726024,0.7921991399672945,0.38232199228340935,2.072073163345648,2026-08-11
1553460.0,797590.0,2956700.0,35.483868841219824,-10.330578186710504,2.1700000762939453,89.1891867510153,62.70270009037353,53.45621778053186,,-27.582177031741615,-40.299326693811885,-51.01579773406544,17.297299909626474,-58.82352781503351,,21.48760184019729,3.009999990463257,1,4.429999828338623,5.900000095367432,-0.01606037780769798,غير متاح تاريخيًا؛ لم يتم استبداله بقيم اليوم.,control,1.850000023841858,2,14.7465456774823,1.850000023841858,1.850000023841858,2.996500015258789,False,-13.6144139745214,3.6348000049591063,-5.004834620092047,-0.357604578898866,-0.06790466414995139,-0.2896999147489146,-0.07096256747011287,2026-08-14,2.940000057220459,-20.802917199229086,-6.465511261424439,34.030419129909944,-2.526958803488725,,,61,4,FRGT,3.2258032618297365,8.62465559919581,14454000.0,3.3536317192856107,9.30439148738944,18.12209280457378,4.888558189873846,3.707042465427099,2026-08-13
1627280.0,828595.0,3092980.0,1.7543912239656678,-6.557377155969979,1.7100000381469727,133.33333333333334,100.66666603088379,18.42105556686456,,-39.0808683983453,-51.7439881377082,-54.253609509393485,14.000002543131519,-54.253609509393485,,-8.196726330588977,1.815000057220459,0,3.73799991607666,5.900000095367432,-0.01592691522652817,غير متاح تاريخيًا؛ لم يتم استبداله بقيم اليوم.,control,1.5,2,10.526312487277371,1.5,1.5,2.8070000231266024,False,-15.851007217630663,3.54360000371933,-5.208249620347926,-0.44981084696349116,-0.10939510734747238,-0.3404157396160188,-0.125242811909811,2026-08-18,1.6799999475479126,-33.4630318068019,-5.524856784194299,30.80894973290964,-6.357717251648467,,,63,3,FRGT,6.140351855621519,7.323713859748402,313400.0,-0.06230309225042294,0.19259131802762894,0.37823061930134744,0.10132622907357952,3.7328007048075356,2026-08-17
1603530.0,842215.0,3120020.0,7.954544684857372,12.820516347415012,1.7599999904632568,114.0000025431315,100.66666603088379,15.340908090314583,,-33.18147394514561,-48.8014897582398,-50.42253481398213,17.333332697550464,-52.91599705784578,,3.8461579608730645,1.7999999523162842,2,3.549999952316284,5.900000095367432,0.015719976572800498,غير متاح تاريخيًا؛ لم يتم استبداله بقيم اليوم.,control,1.5299999713897705,3,5.11363828785657,1.5,1.5,2.6340000212192534,False,-15.21686612966625,3.437600004673004,-6.266019459322136,-0.5009341698532865,-0.10439229072937839,-0.39654187912390815,-0.0943990149531917,2026-08-20,1.6200000047683716,-18.89401250763598,17.333332697550464,33.876220992437936,-1.6396515353647914,,,65,2,FRGT,2.272725117600642,8.568038964024185,202200.0,0.022312991070165586,0.1260967989373445,0.24008121441674632,0.06480727687643027,3.704541002000677,2026-08-19
1610030.0,850065.0,173540.0,1.8292665641127552,0.0,1.6399999856948853,100.66666603088379,21.000003814697266,9.146347358282142,,-34.13654716916108,-50.614310330663436,-53.14285755157471,9.333332379659009,-53.14285755157471,,1.8292665641127526,1.690000057220459,3,3.5,5.900000095367432,0.01578001690084635,غير متاح تاريخيًا؛ لم يتم استبداله بقيم اليوم.,control,1.5399999618530273,3,6.097562482568367,1.5,1.5,2.4900000154972077,False,-14.049016304145779,3.320800006389618,-7.658083509215874,-0.5164815893832784,-0.0773298040227724,-0.439151785360506,-0.025925515639535934,2026-08-24,1.6699999570846558,-4.093570227515453,9.333332379659009,20.074348486872907,-10.576336241906574,,,67,5,FRGT,1.2195183116010193,8.390547404382124,84900.0,-0.03836478094337764,0.05273193667198748,0.09987471546293519,0.489224386308632,0.20414909448101026,2026-08-21
1617020.0,857675.0,127740.0,4.635765092330359,-5.625002002343504,1.5099999904632568,104.76190012791888,22.448973964853856,14.569538410575428,,-35.91512009236099,-53.567036072549115,-56.857143129621235,2.721085787382216,-56.857143129621235,,-1.2499987892806708,1.690000057220459,2,3.5,5.900000095367432,0.01129743087365681,غير متاح تاريخيًا؛ لم يتم استبداله بقيم اليوم.,control,1.4700000286102295,2,2.649004112957355,1.4700000286102295,1.4700000286102295,2.356250011920929,False,-13.500367267670176,3.2520000076293947,-6.83016269422464,-0.5179317169912641,-0.05063704927489587,-0.4672946677163682,-0.005002561712832421,2026-08-26,1.5800000429153442,-14.204545531514267,0.6666660308837891,12.549017224573944,-18.04927322044881,,,69,7,FRGT,7.284769205287714,7.545008473908165,107500.0,0.020533854483898772,0.06648031564235446,0.12533885212930307,0.8415531548457805,0.1489375346139272,2026-08-25
21310.0,27225.0,30880.0,3.91645165418922,-3.7688465992105846,7.659999847412109,37.59440792064523,25.314684176749335,18.9295080285435,,-13.720279839567095,-31.742075436233886,-48.659518711511865,7.132863569821657,-48.659518711511865,,0.0,8.760000228881836,1,14.920000076293945,18.458999633789062,-0.006030784425270386,غير متاح تاريخيًا؛ لم يتم استبداله بقيم اليوم.,control,7.309999942779541,2,4.569189446535224,7.150000095367432,7.150000095367432,8.87810001373291,False,-4.876650517802005,11.222139987945557,-8.261886083774305,-0.677057502946802,-0.08787142481322996,-0.589186078133572,-0.08275220379256787,2026-08-06,7.960000038146973,1.9973317437915306,7.132863569821657,40.9854083625401,-0.7883552720286175,,,55,1,MI,10.443866927819053,6.882112463161236,98300.0,2.9353144469383903,4.612857813233224,3.610651974288338,3.1832901554404147,1.1342516069788797,2026-08-05
55550.0,44610.0,92620.0,7.962215448546115,-7.375001907348633,7.409999847412109,36.92307456325885,24.181812470685358,15.533064056541948,,-14.899483377811062,-32.0715708999873,-50.33512192010178,3.6363601199548956,-50.33512192010178,,0.0,8.41100025177002,2,14.920000076293945,18.458999633789062,-0.011515612860586888,غير متاح تاريخيًا؛ لم يتم استبداله بقيم اليوم.,control,7.260000228881836,2,2.024286391620639,7.150000095367432,7.150000095367432,8.707350015640259,False,-5.264790104701267,10.908539981842042,-7.377349975699177,-0.6935438830915412,-0.07149113878207725,-0.622052744309464,-0.044485020773317174,2026-08-10,8.0,-5.484697663352001,3.6363601199548956,41.79894122684475,1.1907125517170343,,,57,5,MI,5.546562216375193,7.236783155851794,35400.0,-3.0647876687516886,0.6372637263726373,0.7935440484196369,0.3822068667674368,2.076216095045954,2026-08-07
58770.0,37360.0,97780.0,8.333331441122303,9.090906839021628,8.399999618530273,36.92307456325885,22.300267633056613,14.166667991214387,,-1.7756434789732767,-20.728845228230785,-19.07514907592359,17.482510580282806,-19.07514907592359,,0.0,8.65999984741211,3,10.380000114440918,18.458999633789062,0.06610084408087435,غير متاح تاريخيًا؛ لم يتم استبداله بقيم اليوم.,control,7.46999979019165,2,2.7380955895058583,7.150000095367432,7.150000095367432,8.551849985122681,False,-4.927683240730585,10.596539993286132,-6.838690339007847,-0.6156011322038832,0.015317882083866308,-0.6309190142877495,0.04855435333155178,2026-08-12,7.699999809265137,9.660571616958569,17.482510580282806,36.36363158690503,-8.901263029207044,,,59,7,MI,3.095240960586228,8.02779761535876,19900.0,-0.006441805292086572,0.3386081334013953,0.5326552462526767,0.20351810186132133,2.617237687366167,2026-08-11
56280.0,38385.0,21060.0,3.7528051653541743,-0.15367007355353568,8.446999549865723,25.314684176749335,19.283740694122507,4.3802522229915795,,-0.812573925241511,-18.58831582771654,-18.622355908127176,18.1398522685144,-18.622355908127176,,-3.9007083004497956,8.5,4,10.380000114440918,18.458999633789062,0.032807841972813945,غير متاح تاريخيًا؛ لم يتم استبداله بقيم اليوم.,control,8.130000114440918,3,0.0,7.150000095367432,7.150000095367432,8.516199970245362,False,-3.190347033874874,10.375659999847413,-6.486326566164036,-0.4916191967618122,0.09833451867942733,-0.5899537154412395,0.19391225004391188,2026-08-14,8.130000114440918,13.994598162046913,18.1398522685144,42.904810334295185,-1.2998263832353842,,,61,7,MI,0.6274470576374053,6.490817694272384,5500.0,-0.03508418007454617,0.09772565742714996,0.1432851374234727,0.2611585944919278,0.5486518171160609,2026-08-13
55000.0,39465.0,15220.0,0.8014862738508254,0.0,8.109999656677246,22.300267633056613,17.804557401588504,9.741060361236794,,-4.002086770049362,-19.874806414899915,-21.86898297434111,13.42656711196144,-21.86898297434111,,0.8014862738508155,8.800000190734863,3,10.380000114440918,18.458999633789062,-0.00041214893662655516,غير متاح تاريخيًا؛ لم يتم استبداله بقيم اليوم.,control,8.010000228881836,3,1.2330386193429383,7.150000095367432,7.150000095367432,8.448099946975708,False,-1.7245697915236002,10.121659984588623,-5.770867204190067,-0.444046506617207,0.09720278105991731,-0.5412492876771243,0.10496416178727586,2026-08-18,8.175000190734863,-3.4523806550335046,13.42656711196144,41.107379086978455,-0.41160687952221764,,,63,7,MI,7.706535468043032,4.750602231007288,13400.0,0.11165536617105687,0.24363636363636362,0.33954136576713545,0.8804204993429697,0.3856581781325225,2026-08-17
47270.0,34290.0,11500.0,1.4534869617614032,-1.0071898812270663,6.880000114440918,36.599995539738586,35.38461831899791,10.755810447806917,,-15.775038984324585,-29.71659729482138,-30.067087758100584,5.846155606783343,-33.7186894163008,,0.43165770693052163,7.239999771118164,1,9.838000297546387,15.0,-0.047439946955220025,غير متاح تاريخيًا؛ لم يتم استبداله بقيم اليوم.,control,6.5,3,5.523257385465865,6.5,6.5,8.168599939346313,False,-4.375260513677814,9.788939990997314,-6.614757155668416,-0.5664168566147119,-0.024685037117594955,-0.5417318194971169,-0.09848180366915216,2026-08-20,6.980000019073486,-18.5509591444185,0.8797645347408345,44.30379615857208,2.98780729386921,,,65,7,MI,3.7790661005796484,6.553916251484944,9300.0,-0.331414237935977,0.19674211973767716,0.27121609798775154,0.808695652173913,0.3353747448235637,2026-08-19
93580.0,74565.0,170640.0,28.333330154418945,-58.5062241758549,3.0,214.2857264499277,214.2857264499277,40.0000015894572,,-61.20697975264875,-68.11814141439645,-69.3564860910156,7.142858967489163,-69.3564860910156,,-46.7496556780654,4.0,0,9.789999961853027,14.920000076293945,-0.2643262440689208,غير متاح تاريخيًا؛ لم يتم استبداله بقيم اليوم.,control,2.799999952316284,3,6.66666825612386,2.799999952316284,2.799999952316284,7.733349919319153,False,-8.785473839985148,9.409739999771118,-8.196404641519074,-0.9109152313751503,-0.29017664859684245,-0.6207385827783078,-0.3981095809950572,2026-08-24,3.8499999046325684,-63.00862975339345,-53.27102859270057,21.72897245719635,-21.749285073874468,,,67,7,MI,5.000003178914389,19.490596498901137,541600.0,-1.0243397767256357,5.787561444753153,7.263461409508483,3.173933427097984,2.288473144236572,2026-08-21
150480.0,104625.0,286400.0,0.0,-3.44828068146934,2.799999952316284,245.09805314864462,187.84314862126274,13.571432889724338,,-60.64015988337339,-68.82078014233251,-71.39938750534675,9.803921751955858,-71.39938750534675,,-3.44828068146934,2.930000066757202,0,9.789999961853027,14.920000076293945,-0.0713399530564266,غير متاح تاريخيًا؛ لم يتم استبداله بقيم اليوم.,control,2.549999952316284,3,8.928571580624096,2.549999952316284,2.549999952316284,7.113849914073944,False,-14.738842157006825,8.980339999198913,-9.875214853654812,-1.3719569489593164,-0.5127022362967434,-0.859254712662573,-0.7979121238022975,2026-08-26,2.799999952316284,-59.30232695143178,2.564100100869404,20.86331134746314,-17.358215447958983,,,69,2,MI,4.642861309100241,18.471467068790627,532200.0,1.4403004591686197,3.536682615629984,5.08673835125448,1.8582402234636872,2.737395459976105,2026-08-25
116480.0,132255.0,160740.0,10.169492381566323,15.686271530717422,1.1799999475479126,61.05263058828845,38.94737568588478,22.88136543538619,,-13.139496191796296,-24.013140537632303,-37.891469410916976,24.210522353153753,-37.891469410916976,,3.921564960882984,1.3200000524520874,2,1.899899959564209,6.789999961853027,0.016515976870548205,غير متاح تاريخيًا؛ لم يتم استبداله بقيم اليوم.,control,1.0499999523162842,2,0.847456856590309,0.949999988079071,0.949999988079071,1.3585000038146973,False,-11.151079704604994,1.5529000091552734,-4.905082914557002,-0.167109591378358,-0.019956095736131108,-0.1471534956422269,0.0025362733864597864,2026-08-06,1.059999942779541,13.461537579812921,24.210522353153753,30.476185502378627,20.375173090403862,,,55,3,PPCB,11.864416197229556,8.95853182176158,595000.0,3.1007715923296812,5.108173076923077,4.498884730255945,3.701629961428394,1.215379380741749,2026-08-05
253890.0,182140.0,429260.0,1.6666650109821552,-11.764703304297397,1.2000000476837158,68.42105725465395,63.66612716007396,6.666669978035689,,-8.883823786476597,-21.920746971779238,-31.208436660805972,26.315796078077057,-32.90841612533944,,-10.294116486933824,1.2599999904632568,3,1.7444000244140625,6.789999961853027,0.006082012482253651,غير متاح تاريخيًا؛ لم يتم استبداله بقيم اليوم.,control,1.1799999475479126,1,1.666674945089223,0.949999988079071,0.949999988079071,1.3170000076293946,False,-10.469068737076725,1.5369000101089478,-3.5156005414545777,-0.13314495375265856,0.010352696673421202,-0.14349765042607976,0.045491590562214856,2026-08-10,1.2200000286102295,14.2857240170853,26.315796078077057,42.37288323944591,25.518953063140728,,,57,3,PPCB,3.3333300219643105,10.965699390662055,193400.0,-2.648543642527995,0.7617472133601166,1.0618205775776874,0.4505427945767134,2.3567585373888216,2026-08-07
254700.0,178860.0,430180.0,0.8547000709448132,1.7391288122742932,1.1699999570846558,68.42105725465395,52.38096157169168,6.837610756387045,,-7.982701217990796,-22.665083492085348,-32.928230869656495,23.15789176486531,-32.928230869656495,,2.6086932184114398,1.2400000095367432,3,1.7444000244140625,6.789999961853027,0.002811614468048007,غير متاح تاريخيًا؛ لم يتم استبداله بقيم اليوم.,control,1.159999966621399,2,0.8547000709448132,0.949999988079071,0.949999988079071,1.27150000333786,False,-8.492263430806368,1.5129000067710876,-3.2981785178796463,-0.12237398473902728,0.014551046202709667,-0.13692503094173694,0.019441155664240206,2026-08-12,1.1799999475479126,-0.8474568565903118,23.15789176486531,38.655457386533534,21.451158930037558,,,59,3,PPCB,5.128210614497419,10.674284649799786,44100.0,-0.09150631113458718,0.17314487632508835,0.24656155652465617,0.10251522618438794,2.405121323940512,2026-08-11
238680.0,160660.0,78920.0,1.6393426604503258,0.8264454667762822,1.2200000286102295,68.42105725465395,18.30985190289358,4.918027981350978,,-0.9740240733676631,-18.115308361433293,-23.7499993480742,28.421057254653938,-30.061911744124004,,2.4793364003288243,1.2599999904632568,3,1.600000023841858,6.789999961853027,0.00383681350809581,غير متاح تاريخيًا؛ لم يتم استبداله بقيم اليوم.,control,1.2000000476837158,1,1.6393426604503258,0.949999988079071,0.949999988079071,1.2320000052452087,False,-7.8878504856152,1.4899000096321107,-3.585064342644706,-0.10310168471986003,0.023188366399267246,-0.12629005111912728,0.02572167603789266,2026-08-14,1.2400000095367432,1.6666650109821601,28.421057254653938,43.478261770958724,-0.7695260263774557,,,61,3,PPCB,1.6393426604503258,8.466762062397667,34500.0,0.3148868270780879,0.14454499748617397,0.21473920079671355,0.43715154586923466,0.49122370222830825,2026-08-13
235790.0,151640.0,40700.0,8.695654427396825,-5.737709082829157,1.149999976158142,63.66612716007396,12.1739120519454,10.43478323967111,,-4.722454750568694,-21.843144767933566,-28.125002561137048,21.052630588288434,-28.125002561137048,,2.459013990675496,1.2699999809265137,2,1.600000023841858,6.789999961853027,-0.003245273805749793,غير متاح تاريخيًا؛ لم يتم استبداله بقيم اليوم.,control,1.149999976158142,1,0.0,0.949999988079071,0.949999988079071,1.2070000052452088,False,-6.759366523403399,1.471400010585785,-3.5716624800240404,-0.09205314850555135,0.022283722774758985,-0.11433687128031034,0.0206824413222213,2026-08-18,1.25,-1.7094001418896276,21.052630588288434,47.16980856226295,6.519402688559673,,,63,3,PPCB,1.7391288122742863,8.664282715808483,46500.0,0.3237197750913461,0.19720938122905976,0.3066473226061725,1.1425061425061425,0.2683988393563704,2026-08-17
178530.0,147505.0,38080.0,3.9473647060816504,-1.7241363363798556,1.1399999856948853,50.234735950878175,17.2727212630029,7.456133333709785,,-3.471635439056431,-21.97125400426938,-28.750001955777382,19.999999999999996,-28.750001955777382,,2.1551704204748168,1.184999942779541,0,1.600000023841858,6.789999961853027,-0.0023234147082980827,غير متاح تاريخيًا؛ لم يتم استبداله بقيم اليوم.,control,1.100000023841858,3,3.508768627628134,0.949999988079071,0.949999988079071,1.1810000002384187,False,-5.557777284321541,1.4610000085830688,-2.658404948008497,-0.08609804679348709,0.018438647206499167,-0.10453669399998626,0.008280758600004212,2026-08-20,1.184999942779541,-6.5573804130543145,19.999999999999996,56.09756203934516,15.933627773300131,,,65,3,PPCB,0.0,6.994777115287911,36900.0,0.10927234530175711,0.2066879516047723,0.2501610114911359,0.9690126050420168,0.25816074031388764,2026-08-19
40300.0,147095.0,32480.0,3.70370002440479,-1.8181800448205276,1.0800000429153442,22.85714480341705,20.95238462867668,6.481486080605124,,-6.005218275113999,-25.51723890950933,-32.499998323619394,13.684216470269362,-32.499998323619394,,1.8181800448205276,1.1200000047683716,0,1.600000023841858,6.789999961853027,-0.0036331223258884437,غير متاح تاريخيًا؛ لم يتم استبداله بقيم اليوم.,control,1.0499999523162842,4,2.7777860562003345,0.949999988079071,0.949999988079071,1.1490000009536743,False,-5.70373450075018,1.4500000095367431,-2.1328294166170436,-0.087453904170816,0.010783006165132114,-0.09823691033594811,0.0009303897159977925,2026-08-24,1.1200000047683716,-6.086950842960004,13.684216470269362,51.851857302664854,6.397312833320122,,,67,3,PPCB,0.0,2.883290366836394,25100.0,0.18421505655127812,0.6228287841191067,0.1706380230463306,0.7727832512315271,0.22080968081851865,2026-08-21
31330.0,143015.0,24160.0,0.8849549119871483,-2.16450015388836,1.1299999952316284,22.85714480341705,13.333343929715102,7.070788269848056,,-0.5937980694355582,-19.383606417176267,-29.37500135041772,18.947369411711556,-29.37500135041772,,-1.298700092333016,1.159999966621399,2,1.600000023841858,2.4700000286102295,0.00033474433631025535,غير متاح تاريخيًا؛ لم يتم استبداله بقيم اليوم.,control,1.0801000595092773,3,4.4159235338866125,0.949999988079071,0.949999988079071,1.1367499947547912,False,-4.95401411964258,1.4017000079154969,-4.359989127878605,-0.07738473013039071,0.013957244193089982,-0.09134197432348069,0.00913180325581986,2026-08-26,1.1399999856948853,-0.8771921569070362,18.947369411711556,46.52778122712051,-13.472215967955115,,,69,3,PPCB,1.7699098239742965,3.6011006974404274,15000.0,-0.20707283814645816,0.47877433769549954,0.10488410306611194,0.6208609271523179,0.16893332867181765,2026-08-25
2480.0,6340.0,2360.0,0.0,0.0,2.9000000953674316,16.232474083564806,9.022556458369202,0.0,,1.1386855895194836,9.405891570711834,-14.705881940452292,16.232474083564806,-14.705881940452292,,0.0,2.9000000953674316,2,3.4000000953674316,3.5,0.007005810137775136,غير متاح تاريخيًا؛ لم يتم استبداله بقيم اليوم.,control,2.9000000953674316,0,0.0,2.494999885559082,1.850000023841858,2.867349994182587,True,0.9683609221987188,2.6506800079345703,1.9696248303145092,0.02805320119145982,-0.001978850467047752,0.030032051658507572,0.02633005819476253,2026-08-06,2.9000000953674316,5.454548922452052,16.232474083564806,37.385336276744844,-4.919258496259957,,,55,8,RETO,0.0,3.3471598096631494,0.0,0.0,0.0,0.0,0.0,0.3722397476340694,2026-08-05
2420.0,6305.0,2300.0,0.0,-1.6551757136648915,2.8519999980926514,16.232474083564806,9.022556458369202,0.0,,-0.675628633461911,7.172919221774854,-16.11764946775859,14.308622401141813,-16.11764946775859,,-1.6551757136648915,2.8519999980926514,2,3.4000000953674316,3.5,0.0011577901271850044,غير متاح تاريخيًا؛ لم يتم استبداله بقيم اليوم.,control,2.8519999980926514,1,0.0,2.494999885559082,1.850000023841858,2.871399998664856,True,0.6943472928724548,2.6611200094223024,1.900838106106928,0.02900572623367914,-0.0008210603398627475,0.02982678657354189,0.016087490361623935,2026-08-07,2.8519999980926514,2.5899290447433554,14.308622401141813,42.894738575757295,-4.9186749347889105,,,56,8,RETO,0.0,3.405428315101788,400.0,0.17391304347826086,0.1652892561983471,0.063441712926249,0.17391304347826086,0.3647898493259318,2026-08-06
2097540.0,1106535.0,483260.0,4.848480294668028,4.430375401359932,1.649999976158142,215.90908936971474,36.111108351636936,28.484850630396796,,-22.356596276416983,-34.08226660882209,-52.29835433976253,87.49999830668622,-52.29835433976253,,-0.6329107716228521,1.9500000476837158,1,3.4590001106262207,3.4590001106262207,0.021557456728155233,غير متاح تاريخيًا؛ لم يتم استبداله بقيم اليوم.,control,1.4800000190734863,1,5.454547556307063,0.8799999952316284,0.8799999952316284,2.125100004673004,False,-11.549987403290451,2.503120012283325,-3.306653266087145,-0.31928295610203183,-0.037640951904438,-0.28164200419759383,0.019442617018749164,2026-08-25,1.5700000524520874,-12.234043598768674,87.49999830668622,31.431965265686017,-2.802271052457357,,,68,2,RETO,18.1818227794217,22.605182621440544,772200.0,1.5256985737426738,0.3681455419205355,0.6978541121609348,1.5978976120514836,0.43673268355723044,2026-08-24
1613760.0,1109240.0,309720.0,4.320990879385587,-1.8181801105005113,1.6200000047683716,119.2893456305681,36.111108351636936,9.876548478996169,,-22.006643976574182,-34.7069066768415,-53.16565617353839,84.09091063028526,-53.16565617353839,,2.424247372139554,1.7100000381469727,2,3.4590001106262207,3.4590001106262207,0.016138145440276752,غير متاح تاريخيًا؛ لم يتم استبداله بقيم اليوم.,control,1.5499999523162842,2,4.320990879385587,0.8799999952316284,0.8799999952316284,2.07710000872612,False,-11.757333400244697,2.481120011806488,-3.7997455255696533,-0.3085205122777954,-0.02150280646416125,-0.28701770581363417,0.026465862400840034,2026-08-26,1.690000057220459,7.284769205287711,84.09091063028526,31.15429799506896,-7.5407947450128745,,,69,2,RETO,1.2345667202249964,13.239019720774733,55600.0,-1.4183806289699907,0.034453698195518544,0.05012440950560744,0.17951698308149297,0.27921820345461756,2026-08-25
1597420.0,1119340.0,282580.0,13.074209680300052,-12.654323599502415,1.4149999618530273,119.2893456305681,44.44444542559085,21.20141062925657,,-29.910594922847544,-42.4370893948673,-59.09222559704242,60.795451081858175,-59.09222559704242,,-1.2345667202249944,1.649999976158142,1,3.4590001106262207,3.4590001106262207,0.0007763513763574537,غير متاح تاريخيًا؛ لم يتم استبداله بقيم اليوم.,control,1.350000023841858,2,4.593635318975423,0.8799999952316284,0.8799999952316284,2.018850010633469,False,-11.796316597279121,2.458180010318756,-4.280952570619978,-0.3129257746733889,-0.020726455087803797,-0.2921993195855851,0.018504400180688663,2026-08-27,1.600000023841858,-12.654323599502415,60.795451081858175,29.777652025900323,-1.411669600232898,,,70,2,RETO,3.5335656299810947,13.815893273913396,202000.0,0.5353248316258465,0.12645390692491643,0.18046348741222507,0.7148418147073395,0.2524523379848839,2026-08-26
1510520.0,1122990.0,260700.0,1.4285700905079517,-1.060069688994325,1.399999976158142,84.61539872299338,44.44444542559085,8.499997147491952,,-28.254799529330565,-42.43847202748429,-59.525876513930356,59.09090724365769,-59.525876513930356,,0.35335656299810836,1.468999981880188,1,3.4590001106262207,3.4590001106262207,0.0032797784031984856,غير متاح تاريخيًا؛ لم يتم استبداله بقيم اليوم.,control,1.350000023841858,3,3.571425226269879,0.8799999952316284,0.8799999952316284,1.9513500094413758,False,-12.481779568714234,2.4321800088882446,-4.796611814727592,-0.31400766544134173,-0.01744667668460531,-0.2965609887567364,0.005275290660690102,2026-08-28,1.4199999570846558,-11.39240897899434,59.09090724365769,27.456645974896517,-5.363261183814927,,,71,2,RETO,3.5000018307141207,13.764825323818966,73700.0,-0.4321413927664113,0.048791144771337024,0.06562836712704477,0.28270042194092826,0.23214810461357627,2026-08-27
101269.5,99223.9,86080.2,4.147460248061081,-1.1389578392868693,6.943999767303467,85.18517782658736,64.47368949920038,36.175117628191025,,4.151664111220632,-27.66908037761915,-23.72583812090965,60.740728966984214,-23.72583812090965,,-5.239180263721355,8.0,2,9.104000091552734,19.040000915527344,0.05480726564931149,غير متاح تاريخيًا؛ لم يتم استبداله بقيم اليوم.,control,5.48799991607666,0,16.82028024759001,4.320000171661377,4.320000171661377,6.667200016975403,False,-9.235459974424343,9.6003200340271,-15.394810561428063,-1.3981508029790701,0.4707482440455355,-1.8688990470246056,0.513369934500087,2026-08-06,6.656000137329102,31.515141882078,60.740728966984214,46.57210290296415,22.361576174400156,,,55,4,YMT,15.207377132539929,12.774846989001967,390344.0,2.861323608918837,3.8545070332133564,3.933971553224576,4.534654891601089,0.8675349386589319,2026-08-05
59567.0,60006.1,103677.8,0.2873611943949024,-3.064068933519315,5.567999839782715,83.82351942179992,70.0680273488006,12.643678456225954,,-13.249410468979717,-39.326314857689624,-33.07692254788775,28.888880058571488,-37.85714490985382,,-2.7855126842088573,5.984000205993652,2,8.319999694824219,19.040000915527344,-0.048472358518000025,غير متاح تاريخيًا؛ لم يتم استبداله بقيم اليوم.,control,5.28000020980835,2,5.172407296362352,4.320000171661377,4.320000171661377,6.418400001525879,False,-8.214162769416046,9.176960039138795,-10.151011704435852,-1.298169214679227,0.37240782847725273,-1.6705770431564797,0.27247591496053847,2026-08-10,5.584000110626221,-7.692311340827018,28.888880058571488,35.74660639586068,5.5268241067247885,,,57,5,YMT,7.183909965468699,9.665294395430875,20388.0,-0.5814330726293766,0.3422700488525526,0.3397654571785202,0.1966476912125836,1.7277876749197165,2026-08-07
559083.9,311747.0,1109715.2,6.334840957749545,-26.33333598242855,3.5360000133514404,134.74178456306856,134.74178456306856,9.95475103969312,,-41.910894867173134,-59.02703105714545,-56.666665692734554,3.7558691686439216,-56.666665692734554,,-21.666669978035692,3.759999990463257,1,8.15999984741211,19.040000915527344,-0.13368094622590143,غير متاح تاريخيًا؛ لم يتم استبداله بقيم اليوم.,control,3.4079999923706055,4,3.6199100819435754,3.4079999923706055,3.4079999923706055,6.087200009822846,False,-9.631829011915183,8.630080037117004,-11.914949042959078,-1.4045945538149134,0.1550415018567275,-1.5596360556716409,-0.06179574053437342,2026-08-12,3.759999990463257,-49.078339115144296,-11.59999966621399,28.028936274098342,-19.971065128363747,,,59,3,YMT,0.0,12.989075785643736,162594.0,-4.38738016431578,0.2908221825024831,0.5215575450605779,0.14651867434094804,3.5596660112206373,2026-08-11
574625.8,319417.65,1048330.2,0.4385973798399445,-3.797469707417278,3.6480000019073486,145.09804379889627,83.33334307265457,8.771934525604868,,-36.268343925538936,-54.80494779114067,-55.29411678770695,11.764708030732617,-55.29411678770695,,-4.219411484620272,3.680000066757202,1,8.15999984741211,19.040000915527344,-0.03855452031252149,غير متاح تاريخيًا؛ لم يتم استبداله بقيم اليوم.,control,3.359999895095825,3,7.456142386085034,3.2639999389648438,3.2639999389648438,5.724000012874603,False,-12.4770641509516,8.071680026054382,-13.911262993600172,-1.4673068485155412,0.05512705138531304,-1.5224338999008542,-0.15763286546234756,2026-08-14,3.631999969482422,-34.48275670119797,11.764708030732617,41.40436026672714,-0.5105338224902312,,,61,2,YMT,0.877194759679889,13.25216895251351,54650.0,-0.04975293708546407,0.09510537118242862,0.1710926118202923,0.05213052147119295,3.2820046105780314,2026-08-13
580528.9,322357.0,81032.6,1.3574688092064093,-1.7777748049040532,3.5360000133514404,145.09804379889627,17.647058393853477,4.524889288081182,,-33.95098601932174,-53.25125849154051,-56.666665692734554,8.333335768163641,-56.666665692734554,,-3.1111108756359696,3.5360000133514404,2,8.15999984741211,15.680000305175781,-0.0025098513240160436,غير متاح تاريخيًا؛ لم يتم استبداله بقيم اليوم.,control,3.375999927520752,3,3.1674204788747726,3.2639999389648438,3.2639999389648438,5.353600001335144,False,-14.631968521174443,7.563840007781982,-15.212712781677773,-1.4672385254972076,0.03637860771509516,-1.5036171332123027,-0.024704434447859747,2026-08-18,3.48799991607666,0.0,8.333335768163641,36.585368119020934,4.757849501750648,,,63,4,YMT,0.0,12.176269164369346,41019.0,0.4685616058914751,0.070657981023856,0.12724712042859315,0.506203676051367,0.25137533852219746,2026-08-17
545008.9,323139.2,36912.6,2.9268279563522452,-3.7558691686439216,3.2799999713897705,102.59067105486554,19.170984335945974,9.756095610793878,,-33.53866178485722,-54.134598706759384,-59.00000035762787,6.217613620000795,-59.80392116759658,,-0.9389690411235718,3.4079999923706055,1,8.0,15.680000305175781,0.0047277140210770785,غير متاح تاريخيًا؛ لم يتم استبداله بقيم اليوم.,control,3.0880000591278076,4,5.8536559127044905,3.0880000591278076,3.0880000591278076,4.935200011730194,False,-16.522327446197103,7.1513600206375125,-14.362354481719086,-1.4400505163651616,0.04316569690160721,-1.4832162132667688,0.033772809736803744,2026-08-20,3.375999927520752,-10.087720129527689,0.9852236998351138,33.33333200878572,0.5118329939353856,,,65,6,YMT,0.9756117417371426,9.632415934934759,32075.0,0.5376474690923696,0.05885224993573499,0.09926062823699508,0.868944479662771,0.11423126627781463,2026-08-19
539031.4,299299.2,25889.0,1.44230342144982,2.4630592495877845,3.328000068664551,61.90476265563929,16.931220101588075,6.730768404151578,,-29.070757390173075,-50.89475327096494,-58.399999141693115,10.05291489189759,-58.399999141693115,,3.9408874588667375,3.3919999599456787,1,8.0,12.0,0.023234612301171076,غير متاح تاريخيًا؛ لم يتم استبداله بقيم اليوم.,control,3.1679999828338623,3,4.807694787545266,3.0239999294281006,3.0239999294281006,4.692000007629394,False,-15.550755896427571,6.7772800064086915,-13.12605110939854,-1.3711537243692433,0.0785807613152123,-1.4497344856844556,0.0844159302423968,2026-08-24,3.375999927520752,-5.882351354680737,10.05291489189759,24.776122310852244,-10.750193685008682,,,67,5,YMT,0.4807701951564923,9.316128669916141,17525.0,-0.03624951125985765,0.032512020635532546,0.058553447520073555,0.6769284251998918,0.08649872769456116,2026-08-21
356059.5,457571.7,660162.6,6.282719653843684,-4.5000016018748035,3.055999994277954,99.3827239984856,99.3827239984856,84.29320086539079,,-31.797893494598384,-52.925518963548825,-61.800000071525574,17.90123400010817,-61.800000071525574,,1.4999955669046106,5.168000221252441,1,8.0,10.35200023651123,0.008591408731172034,غير متاح تاريخيًا؛ لم يتم استبداله بقيم اليوم.,control,2.5920000076293945,2,15.183245664834812,2.5920000076293945,2.5920000076293945,4.480800008773803,False,-12.86558792366872,6.491840009689331,-11.853139298939618,-1.2978861401383672,0.10266413181925449,-1.4005502719576217,0.11614738686085024,2026-08-26,3.247999906539917,-6.829267654441629,1.0582032274023767,7.368425235413497,-28.098242935939197,,,69,5,YMT,62.82723554671229,3.6775291465716635,3215850.0,4.19844129191478,9.03177699232853,7.028078878129919,4.8712998888455665,1.4427522506308847,2026-08-25
3879540.5,1940218.0,7283056.0,9.3457850215429,-10.833332505491079,2.140000104904175,11632.673378110389,138.6138721372951,10.280374664751742,,-98.05549992829067,-98.52846114087616,-99.09704636923875,5.940600253006956,-99.09704636923875,,-2.5000074505802994,2.3399999141693115,1,237.0,250.60000610351562,2.006742635834847,غير متاح تاريخيًا؛ لم يتم استبداله بقيم اليوم.,control,2.119999885559082,3,0.934589643208842,2.0199999809265137,2.0199999809265137,110.05399979352951,False,-25.030313662595603,145.42600024700164,-13.4014407226008,-50.44335540471628,-12.404739752387925,-38.03861565232835,-6.5354548337288705,2026-08-06,2.3399999141693115,-37.05882220944735,5.940600253006956,21.155805943064365,-10.930385282087158,,,55,0,YYAI,0.0,36.32015826842208,1966375.0,-0.5282237511703097,0.5068577064732279,1.0134814747621144,0.2699931182734281,3.753730766336566,2026-08-05
5409796.5,2705370.25,9527811.0,3.8461503192516595,-2.5000050291418274,1.559999942779541,15811.764089727078,198.5294044172476,12.820508705793602,,-98.35463871007448,-98.8566503797558,-99.34177217604238,14.705876939024542,-99.34177217604238,,-6.25000139698384,1.559999942779541,1,237.0,250.60000610351562,2.2930302274346346,غير متاح تاريخيًا؛ لم يتم استبداله بقيم اليوم.,control,1.3600000143051147,4,8.974358386541944,1.3600000143051147,1.3600000143051147,94.81199979186059,False,-28.247740902851092,136.44120006322862,-13.9819140741814,-50.448847070979085,-7.891315907861383,-42.5575311631177,-1.0999339685249439,2026-08-10,1.5,-35.000004967053535,3.9999961853027344,20.464356342197632,-8.850256705923883,,,57,2,YYAI,0.0,29.727827639668515,12370910.0,0.9066079629598299,2.2867606942331378,4.572723456244113,1.2984000207392863,3.521814065930532,2026-08-07
6313706.5,3203931.75,5449251.0,4.87805143982653,1.2345667202249944,1.6399999856948853,858.823516521487,72.0588154085368,12.195124965136735,,-97.9247073837086,-98.71185035906754,-99.30801688367305,20.588232973867648,-99.30801688367305,,-3.7037075192730917,1.7200000286102295,2,237.0,237.0,2.103942108911042,غير متاح تاريخيًا؛ لم يتم استبداله بقيم اليوم.,control,1.5199999809265137,2,2.439022085483674,1.3600000143051147,1.3600000143051147,79.02499979138375,False,-32.58863061838234,127.31439994096756,-15.04625569658674,-48.40049634667356,-3.5446531042187317,-44.85584324245483,2.3685519747748103,2026-08-12,1.559999942779541,-23.364490406493633,20.588232973867648,21.787204955917105,-0.5958317705964618,,,59,0,YYAI,4.87805143982653,23.50641596274223,2381905.0,-0.8033725061420667,0.3772593800487875,0.7434318786597124,0.4371068611080679,1.700801210887217,2026-08-11
6329249.0,3377360.25,5162685.0,7.812502037268178,-12.328771373571856,1.2799999713897705,250.00000513833157,48.27586880195174,23.43750611180453,,-97.86531473961361,-98.92381992478256,-99.45991562388618,10.3448282949423,-99.45991562388618,,-5.479454851034116,1.4600000381469727,2,237.0,237.0,1.6794357951256629,غير متاح تاريخيًا؛ لم يتم استبداله بقيم اليوم.,control,1.159999966621399,2,9.375000582076622,1.159999966621399,1.159999966621399,59.96199979186058,False,-41.696161175654034,118.9391999411583,-15.527336413073222,-45.220555588085944,0.0367644021002107,-45.257319990186154,4.39771959144398,2026-08-14,1.3799999952316284,-17.948716773083884,-3.0303090509739783,0.035495626441871764,-22.459405476031336,,,61,3,YYAI,6.250003492459733,11.407084307434696,1926475.0,0.08537327965169922,0.3043765539955846,0.570408501728532,0.373153698124135,1.5286154327184966,2026-08-13
4574575.0,3842282.5,3030334.0,16.39343637575627,7.017547712211614,1.2200000286102295,170.00000476837158,72.00000286102295,23.770488119035747,,-97.11310926221428,-98.91100984204951,-99.48523205543871,22.00000286102295,-99.48523205543871,,24.56140130730764,1.4299999475479126,1,237.0,237.0,1.2477172084864634,غير متاح تاريخيًا؛ لم يتم استبداله بقيم اليوم.,control,1.1399999856948853,3,6.557380413054316,1.0,1.0,42.260000097751615,False,-51.47158443715284,112.03039988040923,-15.114080057171563,-41.460959208829344,2.738860055652289,-44.19981926448163,5.448223274907306,2026-08-18,1.4199999570846558,-25.609753704156123,22.00000286102295,0.9400709974658525,-20.33276756785854,,,63,2,YYAI,0.8196713302251629,9.71496556757141,7623100.0,1.9612159510281906,1.666406168879076,1.9840029982178562,2.5155972905956903,0.7886806865450419,2026-08-17
5489464.5,4684502.5,5614179.0,15.25424362359079,-21.33333683013916,1.1799999475479126,89.99999761581421,57.00000524520874,22.033898476313265,,-95.40104471907415,-98.88363297236205,-99.50210972677304,17.99999475479126,-99.50210972677304,,-9.333332379659021,1.3700000047683716,2,237.0,237.0,0.8387255835065659,غير متاح تاريخيًا؛ لم يتم استبداله بقيم اليوم.,control,1.1100000143051147,2,5.932197996132164,1.0,1.0,25.658000034093856,False,-63.14988223443342,105.69999994039536,-13.957032335306074,-37.45417270654097,4.636885302544869,-42.09105800908584,5.939218724687905,2026-08-20,1.3600000143051147,-7.812502037268176,17.99999475479126,14.193549032141789,-4.152479271872451,,,65,1,YYAI,0.847456856590309,14.335628198153403,2021400.0,-2.326027867195552,0.3682326390852878,0.4315079349407968,0.36005264527547126,1.1984578938745363,2026-08-19
4132223.5,4771010.0,5240680.0,9.767432112253228,-9.663865882944101,1.0750000476837158,72.00000286102295,48.1132204908634,10.79069134065977,,-80.96081398815359,-98.91052408588386,-99.50323471441595,7.500004768371582,-99.54641348198999,,-0.8403453102266312,1.1859999895095825,2,216.39999389648438,237.0,0.5043316311515085,غير متاح تاريخيًا؛ لم يتم استبداله بقيم اليوم.,control,1.0700000524520874,3,0.46511581486920134,1.0,1.0,5.6462500393390656,False,-88.99559522592354,98.6713000035286,-14.453278030456818,-33.50481839286609,5.808215016005086,-39.31303340887118,5.947301222817664,2026-08-24,1.1799999475479126,-11.885244059517873,7.500004768371582,20.224723134463346,20.08917578986896,,,67,3,YYAI,0.5581434135373398,12.682077817214553,645600.0,-0.076871420083935,0.15623549887850935,0.13531725986740753,0.12319012036605936,1.0984424681566376,2026-08-21
3335116.5,4824411.5,1151560.0,3.883503123630685,-6.363640994079745,1.0299999713897705,58.000004291534424,34.31372846928258,11.650486223456546,,-44.526729402692865,-98.87977607114347,-92.10122719016171,2.999997138977051,-98.21180555785512,,-2.7272700672307915,1.1399999856948853,1,13.039999961853027,237.0,0.24883210907674425,غير متاح تاريخيًا؛ لم يتم استبداله بقيم اليوم.,control,1.0199999809265137,3,0.9708728874782327,1.0,1.0,1.8567500352859496,False,-94.50584394644551,91.94589982032775,-15.612208305577713,-29.732219855640835,6.4286810536663594,-36.160900909307195,5.728983922378035,2026-08-26,1.0700000524520874,-12.711862951337249,2.999997138977051,23.05825467450778,14.564045576087125,,,69,3,YYAI,6.79611021234763,12.540043280088694,786100.0,0.3757481727843012,0.23570391019324213,0.16294215366993467,0.6826392024731668,0.23869439827013098,2026-08-25
80980.0,145500.0,112100.0,6.499999761581421,7.181132888136266,1.0,28.089888091942772,27.51677780755046,21.99999690055847,,-3.9015959512969767,-21.088349469665225,-27.007299524128705,13.76564172672281,-27.007299524128705,,0.21435950594714814,1.1399999856948853,1,1.3700000047683716,3.299999952316284,-0.04802104367947546,غير متاح تاريخيًا؛ لم يتم استبداله بقيم اليوم.,control,0.9200000166893005,2,1.4999985694885254,0.8790000081062317,0.8790000081062317,1.0406000077724458,False,-8.001060141671557,1.2672399997711181,-6.451898667098388,-1.6598700472628458,0.7296919054562081,-2.389561952719054,0.4205252951356515,2026-08-07,0.9350000023841858,10.37527373070728,13.76564172672281,41.911764448076816,15.453723061599995,,,55,10,EZGO,13.999998569488525,4.736180108915225,428900.0,3.0771635313776224,5.296369473944184,2.947766323024055,3.8260481712756467,0.770446735395189,2026-08-06
91250.0,143765.0,135780.0,0.9259250061011975,1.8868020014566111,1.0800000429153442,31.460671448343327,30.87247932855568,13.888886129414704,,5.820109095537895,-13.946962379007545,-17.114346504359055,22.86689794715231,-21.16788035355213,,0.9434066238082961,1.1699999570846558,3,1.3029999732971191,3.299999952316284,-0.041301677325624064,غير متاح تاريخيًا؛ لم يتم استبداله بقيم اليوم.,control,1.0199999809265137,2,4.629636068402729,0.8790000081062317,0.8790000081062317,1.0206000089645386,False,-6.448507383758595,1.2550399994850159,-3.9740470455104315,-1.4107553095803023,0.6456541492048973,-2.0564094587851995,0.3835166703671202,2026-08-11,1.0700000524520874,17.391306882995238,22.86689794715231,61.03678971435326,34.50326274389285,,,57,10,EZGO,8.333325054910777,4.253101224014577,110700.0,0.055188428697045655,1.2131506849315068,0.7700066080061211,0.8152894387980557,0.9444579696031719,2026-08-10
96280.0,138310.0,161180.0,5.737709082829153,5.172419285802743,1.2200000286102295,36.4653285312702,32.60869635638757,9.016394403729805,,19.889939227453635,-1.4412178149219135,0.0,38.794086161462936,-2.399997711181645,,-0.8620681681899223,1.2200000286102295,4,1.2200000286102295,3.299999952316284,-0.03326712711623503,غير متاح تاريخيًا؛ لم يتم استبداله بقيم اليوم.,control,1.1100000143051147,1,3.2786853209006517,0.8790000081062317,0.8790000081062317,1.0176000058650971,False,-3.3710000612799718,1.2378399991989135,-3.039228062255206,-1.1833322156589559,0.5765069742314568,-1.7598391898904127,0.34753495389694633,2026-08-13,1.149999976158142,22.00000286102295,38.794086161462936,63.02082912944741,30.139978626066878,,,59,10,EZGO,0.0,3.551138570911015,70900.0,-0.25293388746458945,0.7363938512671375,0.5126165859301569,0.4398808785209083,1.1653531921046925,2026-08-12
110160.0,140895.0,101520.0,6.956525615122539,-6.504068428844844,1.149999976158142,44.295298746949015,26.470586860331125,11.739129848876825,,12.403476567451532,-5.725342773518671,-10.852712390299724,30.830485273346973,-10.852712390299724,,0.0,1.2350000143051147,3,1.2899999618530273,3.299999952316284,-0.04027074283838705,غير متاح تاريخيًا؛ لم يتم استبداله بقيم اليوم.,control,1.100000023841858,1,4.347822030685715,0.8790000081062317,0.8790000081062317,1.0231000065803528,False,-0.6795456018724666,1.219839997291565,-3.2671446811964544,-0.9970026746014857,0.5018458863862203,-1.498848560987706,0.29718915749909924,2026-08-17,1.2300000190734863,6.481475042708373,30.830485273346973,64.75693830030346,14.75693830030346,,,61,10,EZGO,0.43478220306857157,4.22042869859712,88700.0,-0.42439522556435205,0.8051924473493101,0.629546825650307,0.873719464144996,0.7205365697860109,2026-08-14
129800.0,139450.0,107900.0,6.730763058690403,8.900521468875677,1.0399999618530273,44.295298746949015,35.078532397559115,12.980774521122513,,1.7164610241822587,-13.545150571107333,-19.379845534327465,16.853930176305187,-19.379845534327465,,1.5706853991273695,1.090000033378601,1,1.2899999618530273,3.299999952316284,-0.03715395060104232,غير متاح تاريخيًا؛ لم يتم استبداله بقيم اليوم.,control,0.9549999833106995,3,1.442312100935426,0.8899999856948853,0.8790000081062317,1.0224500060081483,False,0.5260052731152376,1.2029399955272675,-3.551842809080863,-0.8680145293971728,0.41436369596018174,-1.2823782253573546,0.2141788739624808,2026-08-19,0.9700000286102295,-14.754103486558956,18.31626305597689,59.40337066959901,2.8735263133358373,,,63,9,EZGO,4.807699361496682,7.895111223181067,128100.0,0.02941754358262605,0.9869029275808937,0.9186088203657224,1.1872103799814644,0.7737540337038366,2026-08-18
113510.0,97245.0,125180.0,1.7391288122742863,3.6036001204980295,1.149999976158142,35.078532397559115,29.31937548561403,14.086962038267426,,11.92758526161759,-3.1448464689133204,-10.852712390299724,29.213482544076296,-10.852712390299724,,1.8018000602490147,1.222000002861023,2,1.2899999618530273,1.9700000286102295,-0.02492697352374562,غير متاح تاريخيًا؛ لم يتم استبداله بقيم اليوم.,control,1.059999942779541,2,6.086961208985396,0.8899999856948853,0.8790000081062317,1.0274500012397767,False,0.6218776514829383,1.187339996099472,-3.329968308909559,-0.735267251491962,0.3605861536563042,-1.0958534051482662,0.1991842512942139,2026-08-21,1.1299999952316284,0.0,29.213482544076296,65.17412636569881,-10.027483920908168,,,65,8,EZGO,6.260872017007745,7.888697931063431,225700.0,1.2038301209894118,1.9883710686283147,2.3209419507429687,1.80300367470842,1.2872641266903182,2026-08-20
104350.0,97800.0,105400.0,2.9702942250534496,-1.9417457749564604,1.0099999904632568,35.078532397559115,27.95811771898824,5.940588450106899,,-2.0795973644258448,-13.300256328421389,-21.705424780599458,13.483146819904634,-21.705424780599458,,0.9708728874782357,1.059999942779541,2,1.2899999618530273,1.9700000286102295,-0.029427400959020855,غير متاح تاريخيًا؛ لم يتم استبداله بقيم اليوم.,control,1.0,2,0.9900980750178164,0.8899999856948853,0.8790000081062317,1.0314499974250793,False,1.3361486174944703,1.1649399960041047,-3.607658946425829,-0.6400489754900947,0.29896505294561104,-0.9390140284357057,0.1604378408921978,2026-08-25,1.0399999618530273,-2.884612739438741,13.483146819904634,54.89130283376674,3.865312112521252,,,67,8,EZGO,1.9801961500356329,8.571657137766719,22700.0,-0.47945286930804676,0.21753713464302826,0.23210633946830267,0.21537001897533206,1.0777096114519427,2026-08-24
90280.0,93280.0,74080.0,2.8455220285495337,-3.529407296076148,0.984000027179718,35.078532397559115,24.693875416076907,4.065036661398561,,-5.375514163141748,-14.436268024900833,-23.72092586993213,10.067117897388144,-23.72092586993213,,-0.784315329613694,1.0199999809265137,0,1.2899999618530273,1.9700000286102295,-0.024345222671729005,غير متاح تاريخيًا؛ لم يتم استبداله بقيم اليوم.,control,0.9800000190734863,4,0.4065048776163425,0.8939999938011169,0.8790000081062317,1.0398999989032744,False,1.6073080040607257,1.1500199961662292,-3.7913898658430867,-0.5583746461937562,0.24970205104934484,-0.808076697243101,0.12698819157372032,2026-08-27,1.0119999647140503,-14.434778471299426,10.561802583787717,49.09706697375841,-11.630661568907371,,,69,6,EZGO,0.813009755232685,7.891837974105272,17200.0,0.015155046589078625,0.19051838723969872,0.1843910806174957,0.23218142548596113,0.7941680960548885,2026-08-26
604360.0,458005.0,680740.0,2.6200890456968255,-2.6360579386330074,11.449999809265137,18.661645240153813,17.62488167831584,12.069868930164802,,-4.059661551380744,0.9006128465521623,-9.054808018317818,7.917061072280518,-9.054808018317818,,-0.08503595822452192,11.991999626159668,0,12.59000015258789,12.59000015258789,-0.031540315826430326,غير متاح تاريخيًا؛ لم يتم استبداله بقيم اليوم.,control,10.609999656677246,4,7.336245996337724,10.609999656677246,9.229999542236328,11.934500122070313,True,0.19098825713823597,11.347800064086915,2.622583138773238,0.10985738809998935,-0.08386300406934732,0.19372039216933667,-0.12906410780047217,2026-08-07,11.75,-7.586767619132506,7.310213002754851,36.56387720720758,-19.634483579028633,,,55,7,NCI,2.113533888130253,2.3246372789101293,1737600.0,1.002137591355575,2.8751075517903235,3.7938450453597667,2.552516379234363,1.4863156515758562,2026-08-06
577870.0,463140.0,646300.0,1.9014716752950702,-1.111112107352108,11.569999694824219,18.661645240153813,16.682379972083684,2.506482018169433,,-2.8425108245257347,1.2957419756146837,-8.10167152820891,9.048068512828,-8.10167152820891,,0.7692320859408852,11.789999961853027,2,12.59000015258789,12.59000015258789,-0.006152561553772001,غير متاح تاريخيًا؛ لم يتم استبداله بقيم اليوم.,control,11.5,4,0.605010342874363,10.609999656677246,9.779999732971191,11.90850009918213,True,-0.49508069926202936,11.422000045776366,1.9457334156271378,0.058458707790276065,-0.09119988317833577,0.14965859096861184,-0.10390474715348041,2026-08-11,11.789999961853027,-1.279868334359835,9.048068512828,40.00000762938871,-25.753397342644497,,,57,14,NCI,0.0,2.3546817178705366,118300.0,-0.1462355929085061,0.2047173239655978,0.2554303234443149,0.18304193099179947,1.3954743706006822,2026-08-10
644120.0,542655.0,760240.0,2.1207196087103912,3.8983053450130978,12.260000228881836,25.44769887188685,25.44769887188685,10.685158198697495,,2.848036060945325,6.586453004000448,-7.888806593779963,15.5513725315362,-2.6211272415133546,,1.6949136104436047,13.3100004196167,3,13.3100004196167,13.3100004196167,0.041125832605230006,غير متاح تاريخيًا؛ لم يتم استبداله بقيم اليوم.,control,12.0,2,0.0,10.609999656677246,9.819999694824219,11.920500087738038,True,-0.4010531732489553,11.502400054931641,1.753330412799614,0.08562339852153755,-0.03583582286384454,0.1214592213853821,-0.0017878416170944433,2026-08-13,12.0,7.074239590478082,15.5513725315362,59.7864721579935,17.14686915716618,,,59,11,NCI,8.564438589987104,2.770011729937184,1224400.0,0.8948698913487518,1.9008880332857232,2.256313864241553,1.6105440387246133,1.4009637799338437,2026-08-12
776830.0,602890.0,840280.0,0.5732980721173047,1.580695284088618,12.210000038146973,25.44769887188685,17.787612344731496,3.2760079521285173,,2.3770591051977874,5.571695054647385,-8.26446541540683,15.080117184196041,-8.26446541540683,,2.163055451795648,12.300000190734863,2,13.3100004196167,13.3100004196167,0.01940380342374358,غير متاح تاريخيًا؛ لم يتم استبداله بقيم اليوم.,control,11.899999618530273,2,2.53890596763459,10.609999656677246,10.140000343322754,11.926500082015991,True,0.020965798623229226,11.56560007095337,1.5185296643472679,0.10880809578111261,-0.005200116498889074,0.11400821228000169,0.05535157414884395,2026-08-17,12.279999732971191,5.531550217836689,15.080117184196041,54.180599659866985,13.196995024701764,,,61,14,NCI,0.16380391237662278,2.7419131905330043,318300.0,-2.1156124604548547,0.4097421572287373,0.5279570070825523,0.3788023039939068,1.393753421022077,2026-08-14
717350.0,605620.0,755620.0,2.55999755859375,2.627255228296166,12.5,25.44769887188685,16.754393552626002,3.9600067138671875,,4.602509625466711,7.3514249587125935,-6.085652848086276,17.813387412631165,-6.085652848086276,,0.0,12.600000381469727,3,13.3100004196167,13.3100004196167,0.025090365178303944,غير متاح تاريخيًا؛ لم يتم استبداله بقيم اليوم.,control,12.104999542236328,2,0.600006103515625,10.609999656677246,10.140000343322754,11.950000095367432,True,0.40329357696546886,11.644000072479248,1.6410617128924665,0.1517919281881035,0.029370871468451853,0.12242105671965164,0.06108760670601221,2026-08-19,12.180000305175781,1.9575837409266716,17.813387412631165,58.43373961191782,6.315089722358039,,,63,12,NCI,0.8000030517578125,2.135999986710636,98300.0,0.03083119889291648,0.13703213215306337,0.1623130015521284,0.13009184510732907,1.2476800634060963,2026-08-18
808770.0,706565.0,793940.0,2.9814656737182723,0.48582562015468955,12.40999984741211,17.787612344731496,10.084040347958112,7.252220654879939,,3.2660680610232973,5.9850354058632815,-6.761837293995432,16.965129585108517,-6.761837293995432,,3.481776017972016,13.100000381469727,3,13.3100004196167,13.3100004196167,0.0031073283546145525,غير متاح تاريخيًا؛ لم يتم استبداله بقيم اليوم.,control,12.199999809265137,0,1.6921840509995214,10.609999656677246,10.140000343322754,12.017500114440917,True,0.8264117167214202,11.709200077056884,1.6141349853553644,0.17560818021015479,0.035975970386104505,0.13963220982405028,0.05624933506746821,2026-08-21,12.779999732971191,1.6380000707640452,16.965129585108517,50.32466738274833,-4.609543246761035,,,65,10,NCI,2.5785709301621447,1.9239821747599186,2431700.0,1.6171350032222847,3.0066644410648267,3.441580038637634,3.062825906239766,1.1236616588707338,2026-08-20
988900.0,783385.0,1144640.0,13.063976324730655,14.318711648379455,14.850000381469727,34.86725233521499,27.959697450622723,15.690234773417904,,21.467426704253544,25.50922329555563,-2.559051151611813,39.96230784158507,11.570247282511925,,-0.6158577761019357,15.239999771118164,3,15.239999771118164,15.239999771118164,0.13594211106490545,غير متاح تاريخيًا؛ لم يتم استبداله بقيم اليوم.,control,12.90999984741211,0,0.0,10.609999656677246,10.140000343322754,12.225500106811523,True,2.4898354756114127,11.831800079345703,2.007069621620361,0.417228204244978,0.207721014791436,0.20950718945354196,0.2537213449859639,2026-08-25,12.90999984741211,18.80000305175782,39.96230784158507,82.26804622391134,28.625659399263235,,,67,9,NCI,2.6262584486872496,4.624867898626346,1263100.0,0.12237808398136385,1.277277783395692,1.6123617378428232,1.103491053955829,1.4611461797200611,2026-08-24
1077300.0,860710.0,1436120.0,6.55737871509894,-9.963102306026695,12.199999809265137,33.68421299195583,30.815452962570934,11.06557707029213,,-0.957950279379427,2.3730382863759836,-19.94750661095306,14.985864317038388,-19.94750661095306,,-4.059041940906683,13.0,2,15.239999771118164,15.239999771118164,-0.1054654184972238,غير متاح تاريخيًا؛ لم يتم استبداله بقيم اليوم.,control,11.649999618530273,2,4.508198355193191,10.609999656677246,10.140000343322754,12.31800012588501,True,2.799916531909674,11.917200088500977,2.0675243787008135,0.3734226243456824,0.09169938684522294,0.28172323750045947,0.1440667848634689,2026-08-27,13.0,-1.6921840509995234,14.985864317038388,55.24475552457559,0.9163971456627849,,,69,8,NCI,0.0,6.810878527746516,1599900.0,0.3628423795046406,1.48510164299638,1.8588142347596752,1.1140433947023927,1.6685294698562814,2026-08-26
141350.0,202320.0,82920.0,2.4999975785613424,-1.8404890477013436,1.600000023841858,25.87412715663575,13.924044520594192,5.62499455176302,,-6.048149422788695,-32.557746494284636,-28.888887829250763,11.888117659406383,-28.888887829250763,,0.6134963492337775,1.6699999570846558,2,2.25,4.659999847412109,-0.006730334501419355,غير متاح تاريخيًا؛ لم يتم استبداله بقيم اليوم.,control,1.5800000429153442,2,1.2499987892806712,1.4299999475479126,1.4299999475479126,1.703000009059906,False,-5.17817278694972,2.3724000024795533,-3.0961522418067045,-0.22395623490489935,0.06448244550472115,-0.2884386804096205,0.04455505415776018,2026-08-11,1.6399999856948853,-6.432749231065237,11.888117659406383,47.6190496464167,10.330913881967817,,,55,9,CMND,1.8749981839210066,6.0760926481601025,26900.0,-0.19179190176427385,0.1903077467279802,0.13295769078687228,0.3244090689821515,0.4098457888493476,2026-08-10
115550.0,200270.0,75640.0,1.242234829118668,0.6249993946403354,1.6100000143051147,25.87412715663575,16.88311668205551,7.453416379015641,,-4.564315206092373,-30.990140962557522,-28.444443808661568,12.587417717452132,-28.444443808661568,,-0.6249993946403354,1.659999966621399,1,2.25,4.550000190734863,-0.004330903202026837,غير متاح تاريخيًا؛ لم يتم استبداله بقيم اليوم.,control,1.5399999618530273,3,3.1055944771003032,1.4299999475479126,1.4299999475479126,1.6870000123977662,False,-4.984510681451115,2.3330000042915344,-4.118033756139594,-0.2132492525312526,0.060151542302694316,-0.2734007948339469,0.03174307864781123,2026-08-12,1.590000033378601,-8.522725964257539,12.587417717452132,46.34146660584085,1.124076022607838,,,56,6,CMND,3.10558707279667,4.980026912787192,71000.0,0.6142477263642261,0.6144526179143228,0.3545213961152444,0.9386567953463776,0.3776901183402407,2026-08-11
117470.0,193535.0,61140.0,2.424240147334014,2.4844696582373427,1.649999976158142,24.137923663635142,14.285716497389478,4.2424202578345245,,-1.6979465164844054,-28.341875509510217,-26.666667726304794,15.38461794963515,-26.666667726304794,,0.0,1.6699999570846558,1,2.25,4.550000190734863,-0.0008225224895699323,غير متاح تاريخيًا؛ لم يتم استبداله بقيم اليوم.,control,1.600000023841858,2,0.6060600368335035,1.4299999475479126,1.4299999475479126,1.6785000085830688,False,-4.5493315358592685,2.3026000022888184,-4.9768900355877115,-0.19923952006754142,0.059329019813124384,-0.2585685398806658,0.03410699171211884,2026-08-13,1.6100000143051147,-5.714287076677593,15.38461794963515,49.41176520086908,10.576814980586512,,,57,6,CMND,1.212120073667007,4.981464511727164,59900.0,0.04106188309654035,0.5099174257257172,0.3095047407445682,0.9797186784429179,0.3159118505696644,2026-08-12
121280.0,130295.0,88840.0,8.648646732940588,12.12121518628113,1.850000023841858,22.368423529278903,20.77922469991771,9.189186751015292,,10.67903162133188,-18.90233110483832,-7.035175126832094,29.3706357831788,-17.77777671813965,,2.424247372139554,1.8600000143051147,2,1.9900000095367432,4.550000190734863,0.011495189411585505,غير متاح تاريخيًا؛ لم يتم استبداله بقيم اليوم.,control,1.690000057220459,2,0.0,1.4299999475479126,1.4299999475479126,1.6715000092983245,False,-4.074605312068547,2.2812000012397764,-5.202792636919362,-0.17003827834977847,0.07082420922470989,-0.24086248757448836,0.05391795655512088,2026-08-14,1.690000057220459,13.496934310049902,29.3706357831788,62.00000047683715,21.59596287028031,,,58,6,CMND,0.5405400180747055,5.237789249830851,207700.0,1.3581921725251145,1.712565963060686,1.5940749836908554,2.3379108509680324,0.6818373690471622,2026-08-13
116410.0,122475.0,80360.0,1.0752677834782465,0.5405400180747089,1.8600000143051147,24.342105882319732,22.727274838417234,3.7634372421738624,,11.544228265478251,-17.706397024065247,-3.626939644829197,30.06993584122455,-6.532663045659559,,1.6216200542241266,1.8899999856948853,3,1.9299999475479126,4.550000190734863,0.006326313297519759,غير متاح تاريخيًا؛ لم يتم استبداله بقيم اليوم.,control,1.8200000524520874,1,2.150535566956493,1.4299999475479126,1.4299999475479126,1.6675000071525574,False,-3.193033435451109,2.2601999998092652,-5.407215325490366,-0.14442433442170133,0.07715052252222965,-0.22157485694393098,0.06882491810955127,2026-08-17,1.8799999952316284,16.24999916180969,30.06993584122455,62.00000047683715,23.538462897024232,,,59,6,CMND,0.5376338917391232,5.143672712388143,36300.0,-1.8861935786932689,0.3118288806803539,0.2963870177587263,0.45171727227476355,0.6561339048785466,2026-08-14
83530.0,110175.0,84140.0,0.5291000285156192,1.6129016752173708,1.8899999856948853,27.922082948612427,27.922082948612427,5.820106621041676,,13.275395785021038,-15.617466401206592,-4.060915825051115,32.167836015361814,-2.072536939902392,,1.0752677834782398,1.9700000286102295,4,1.9700000286102295,4.550000190734863,0.00385543650255471,غير متاح تاريخيًا؛ لم يتم استبداله بقيم اليوم.,control,1.8600000143051147,0,1.0582000570312384,1.4299999475479126,1.4299999475479126,1.668500006198883,False,-2.025836915882795,2.239799997806549,-5.589276872973159,-0.12031740816295056,0.08100595902478436,-0.20132336718773491,0.07892211190459086,2026-08-18,1.8799999952316284,17.39130241626863,32.167836015361814,74.71264052822595,27.09359088180925,,,60,6,CMND,4.232806535494818,4.879755535990891,45800.0,0.09261360483481573,0.5483059978450856,0.4157022918084865,0.5443308771095793,0.7636941229861584,2026-08-17
156350.0,142050.0,237060.0,4.081634763179803,3.7037065069791986,1.9600000381469727,50.0,44.374994272366244,23.97958674762518,,16.35500313937255,-10.884784952181349,-15.151511398369378,37.062944757996384,-0.5076137217272736,,-0.5291000285156167,2.309999942779541,3,2.309999942779541,4.130000114440918,0.004472713203514528,غير متاح تاريخيًا؛ لم يتم استبداله بقيم اليوم.,control,1.840000033378601,0,2.040814340536656,1.4299999475479126,1.4299999475479126,1.6845000088214874,False,-0.14819226780712347,2.199399998188019,-5.726532612848667,-0.09447502690236131,0.08547867222829889,-0.1799536991306602,0.07556325144741716,2026-08-19,1.8799999952316284,18.78788281625521,37.062944757996384,76.59574306189295,30.254276456052096,,,61,6,CMND,17.85713764390872,4.803170048929041,835600.0,2.980515153431212,5.344419571474257,5.882435762055614,3.5248460305407914,1.6688489968321014,2026-08-18
149450.0,142930.0,237760.0,2.617804837662846,-2.551024007777314,1.909999966621399,50.0,36.68638251875536,4.188483995466052,,12.584730689826419,-11.64770246377711,-17.31601671283317,33.56643613145334,-17.31601671283317,,0.0,1.9600000381469727,3,2.309999942779541,3.5999999046325684,-0.0032278074905477128,غير متاح تاريخيًا؛ لم يتم استبداله بقيم اليوم.,control,1.8799999952316284,1,1.570679157803206,1.4299999475479126,1.4299999475479126,1.6965000092983247,False,1.072386096110356,2.1617999982833864,-6.114826885497903,-0.07714011820847122,0.08225086473775117,-0.1593909829462224,0.06728421621323011,2026-08-20,1.9600000381469727,3.243240108448231,33.56643613145334,67.469873807656,18.058108606786924,,,62,6,CMND,0.0,4.929969337743884,63400.0,-3.2581905796659596,0.4242221478755437,0.4435737773735395,0.2666554508748318,1.6634716294689709,2026-08-19
277995.5,539237.5,66498.0,5.031449134334396,2.5806504705075506,3.180000066757202,22.85714699297543,17.482518123772415,6.918239748170006,,-12.469031834977018,-76.82621076468067,-62.76346509412397,13.571432889724333,-62.76346509412397,,-2.580642779585396,3.200000047683716,2,8.539999961853027,40.79999923706055,-0.6428028881076493,غير متاح تاريخيًا؛ لم يتم استبداله بقيم اليوم.,control,2.9800000190734863,3,1.2578604092237398,2.799999952316284,2.799999952316284,3.6329999923706056,False,-45.80038807309903,13.72240005493164,-13.149366819572418,-22.00420490955387,9.363134018584386,-31.367338928138256,5.446738307871382,2026-08-11,3.0199999809265137,-0.6249993946403354,13.571432889724333,27.619048375932124,15.669365199026643,,,55,7,HAO,0.6289302046118699,5.51683855513355,81815.0,1.1156937396343893,0.29430332505382284,0.15172349845847144,1.230337754518933,0.12331857483947241,2026-08-10
291336.0,261348.5,90960.0,6.6666676299740715,3.773581227671219,3.299999952316284,22.85714699297543,20.27972669226972,10.909095112614127,,-6.063195196008831,-75.31492221214371,-41.0714284193759,17.857143161248203,-61.358314203080596,,-3.1446585204987887,3.440000057220459,3,5.599999904632568,40.79999923706055,-0.6000992003392334,غير متاح تاريخيًا؛ لم يتم استبداله بقيم اليوم.,control,3.0799999237060547,2,0.0,2.799999952316284,2.799999952316284,3.5129999995231627,False,-38.93620692110282,13.368400053977966,-12.326862360819469,-20.413545405331817,8.763034818245153,-29.17658022357697,5.102976301710079,2026-08-12,3.0799999237060547,2.4844696582373427,17.857143161248203,38.04347459895785,20.4508845614345,,,56,7,HAO,4.242427482640056,5.349803126317516,210625.0,1.0852405216464145,0.7229624900458577,0.8059162382795386,2.3155782761653474,0.34804102568026984,2026-08-11
306571.5,256162.5,118462.0,11.464972021884396,-4.848480294668034,3.140000104904175,27.407407276587882,27.407407276587882,14.649682254103325,,-8.720927436071978,-75.74765126818903,-43.928568600391806,16.29629812776958,-43.928568600391806,,-15.757575407282154,3.1600000858306885,3,5.599999904632568,40.79999923706055,-0.579716822213463,غير متاح تاريخيًا؛ لم يتم استبداله بقيم اليوم.,control,2.700000047683716,2,2.5477681857751433,2.700000047683716,2.700000047683716,3.4400000095367433,False,-29.276315225939676,12.947200040817261,-12.379199262294794,-18.94743272853736,8.18331799603169,-27.13075072456905,4.7547527975549535,2026-08-13,2.7799999713897705,4.666670163472486,12.142862799216392,40.22988489997447,20.62204611676956,,,57,8,HAO,0.6369420464437858,4.988592324410716,207370.0,-0.5650591223438688,0.676416431403441,0.8095252037281023,1.7505191538214786,0.4624486409993656,2026-08-12
314453.5,256112.5,134181.0,7.975459853492514,3.8216522786627127,3.259999990463257,27.407407276587882,27.407407276587882,9.202452551960075,,-3.5502963442415325,-73.96249335587021,-41.78571346462988,20.740738255169866,-41.78571346462988,,-4.458601918054628,3.259999990463257,3,5.599999904632568,40.79999923706055,-0.5373343369196633,غير متاح تاريخيًا؛ لم يتم استبداله بقيم اليوم.,control,2.9600000381469727,1,1.226992698467561,2.700000047683716,2.700000047683716,3.3800000071525576,False,-14.300202523707206,12.52040003299713,-13.05519305413232,-17.57327115067902,7.6459836591120265,-25.219254809791046,4.4309337588748505,2026-08-14,3.0,5.161293250092935,20.740738255169866,46.590904626717005,28.242285890646173,,,58,9,HAO,0.0,5.085765207093875,128055.0,-0.7961739037488156,0.407230321812287,0.49999511933232466,0.954345250072663,0.5239142954756211,2026-08-13
358858.0,304524.75,342293.0,10.552765685456407,22.085890512776206,3.9800000190734863,54.444444542559076,54.444444542559076,25.125628020293135,,18.452381435992905,-67.2804998096056,-28.928569877634214,47.407405510524384,-28.928569877634214,,9.202452551960082,4.170000076293945,3,5.599999904632568,40.79999923706055,-0.4617379983412704,غير متاح تاريخيًا؛ لم يتم استبداله بقيم اليوم.,control,3.1700000762939453,1,9.798991573281066,2.700000047683716,2.700000047683716,3.3600000023841856,False,-10.160427686467166,12.16400004863739,-13.52688593789486,-16.238947733827604,7.184245660770756,-23.42319339459836,4.174597671504213,2026-08-17,3.559999942779541,25.15723067679312,47.407405510524384,61.15702585186874,37.11856938333027,,,59,9,HAO,4.7738707615556635,8.296514170132673,1083600.0,2.2113636601299995,3.0195787748914613,3.558331465669047,3.1657089102026625,1.1240235810061416,2026-08-14
404874.0,405283.5,743250.0,2.205880290496682,2.512560405862696,4.079999923706055,102.59258124399926,102.59258124399926,48.28430948602096,,21.60953546968296,-65.322636267007,-27.142857264499277,51.111105616691276,-27.142857264499277,,0.2512560405862674,5.46999979019165,3,5.599999904632568,40.79999923706055,-0.44609191756916644,غير متاح تاريخيًا؛ لم يتم استبداله بقيم اليوم.,control,3.5,1,12.009804379889626,2.700000047683716,2.700000047683716,3.355000007152557,False,-7.652077781498912,11.765600047111512,-14.259896227969836,-15.000501215596376,6.73815374320159,-21.738654958797966,3.946931512940985,2026-08-18,3.990000009536743,23.63636311092323,51.111105616691276,68.10345066784451,40.48440229191239,,,60,9,HAO,34.06862481563465,7.864572659240454,2086600.0,-0.3583089774747781,5.153702139431033,5.148494819058758,2.8073999327278845,1.833901454167268,2026-08-17
613402.5,507750.75,1135845.0,8.463244030614433,10.049016055855397,4.489999771118164,102.59258124399926,102.59258124399926,14.253895303121892,,33.09618405852106,-60.96127636226617,-19.821431293171322,66.2962848822932,-19.821431293171322,,0.7352992737583053,4.670000076293945,4,5.599999904632568,40.79999923706055,-0.40847452504256765,غير متاح تاريخيًا؛ لم يتم استبداله بقيم اليوم.,control,4.03000020980835,1,1.7817355853925125,2.700000047683716,2.700000047683716,3.3735000014305117,False,-3.970964933435417,11.501400027275086,-13.965770168190971,-13.826555936099187,6.329679218159022,-20.15623515425821,3.746715214579833,2026-08-19,4.110000133514404,42.993618506748035,66.2962848822932,79.91968259871345,41.8762079997556,,,61,9,HAO,4.008915687114946,7.990473763424376,2173600.0,-0.8937585467993467,3.5435134353055293,4.280840550210906,1.9136413859285377,2.237012943850895,2026-08-18
627236.5,465928.5,1136011.0,9.374997477667971,-14.476612251295961,3.8399999141693115,102.59258124399926,84.79728782760402,15.416673418755483,,13.659905815099016,-65.69652221117934,-29.798901984331327,42.22221653157312,-31.428571793497827,,-6.458796807038758,4.392000198364258,3,5.46999979019165,38.0,-0.4455570866823919,غير متاح تاريخيًا؛ لم يتم استبداله بقيم اليوم.,control,3.799999952316284,2,1.041665696538963,2.700000047683716,2.700000047683716,3.37849999666214,False,-1.787791066979827,11.194200010299683,-13.539607212301352,-12.801082489912421,5.88412213147663,-18.68520462138905,3.4378652439151836,2026-08-20,4.199999809265137,17.791408754686366,42.22221653157312,63.375798427211436,23.145913527236964,,,62,9,HAO,5.00001024454855,9.849204873312503,208200.0,-1.7303685126905144,0.3319322137662588,0.44684967757928523,0.18327287323802322,2.4381659417700354,2026-08-19
327290.0,308535.0,219520.0,0.6681494815457913,0.6726437472557301,0.8980000019073486,51.72930995122369,27.883393669503032,3.7861892454105086,,6.228190074478124,-6.0354931637948255,-11.089107882519599,35.03758991450005,-11.089107882519599,,0.0,0.9259999990463257,2,1.0099999904632568,1.2699999809265137,-0.003498948726991774,غير متاح تاريخيًا؛ لم يتم استبداله بقيم اليوم.,control,0.8920000195503235,2,0.0,0.6650000214576721,0.6650000214576721,0.8453499972820282,False,-1.6348619812803666,0.9556800031661987,-3.0947068739009986,-0.0983105823914251,0.055504123204410866,-0.15381470559583596,0.03501811358551532,2026-08-11,0.8920000195503235,7.5449131717345574,35.03758991450005,50.623054376718166,2.9862379768391563,,,55,5,ONCO,3.1180397638647177,8.588869715362058,41700.0,-0.25825406797970796,0.12740994225304775,0.13515484466916233,0.18995991253644315,0.7114914029202521,2026-08-10
327940.0,303975.0,218560.0,7.2314042589612475,7.795099409661788,0.9679999947547913,51.72930995122369,27.883393669503032,11.776855725663465,,13.708445535331503,1.7833101246620187,-4.158415455944853,45.56390428874677,-4.158415455944853,,0.0,0.9869999885559082,2,1.0099999904632568,1.2100000381469727,0.0007668441902850542,غير متاح تاريخيًا؛ لم يتم استبداله بقيم اليوم.,control,0.8730000257492065,2,2.5826421790916387,0.6650000214576721,0.6650000214576721,0.8512999981641769,False,0.4306023361406508,0.9510400021076202,-2.8063361556204813,-0.08347599635246605,0.05627096739469592,-0.13974696374716197,0.03626477954635776,2026-08-12,0.8980000019073486,-3.6815921047153366,45.56390428874677,56.2678076345416,2.2173429952985586,,,56,5,ONCO,1.9628092876105772,8.8331070951316,158900.0,0.5370715662336886,0.4845398548514972,0.5227403569372481,0.7270314787701317,0.7190064972448392,2026-08-11
228140.0,296975.0,180880.0,6.278026126746601,-7.851237150442314,0.8920000195503235,51.72930995122369,16.470586090351947,9.192826835079632,,4.059731669721245,-5.716216712669587,-11.683165547240282,34.13533695759439,-11.683165547240282,,-2.0661137432733123,0.9520000219345093,1,1.0099999904632568,1.2100000381469727,-0.006045268486577882,غير متاح تاريخيًا؛ لم يتم استبداله بقيم اليوم.,control,0.8700000047683716,2,2.46636931611757,0.6650000214576721,0.6650000214576721,0.8571999996900559,False,0.8470591406508632,0.946080002784729,-2.8465802348637936,-0.07696484011201443,0.05022569890811804,-0.12719053902013247,0.031722824353521584,2026-08-13,0.9480000138282776,-1.327429748111686,34.13533695759439,57.412792233928876,-4.355164687913096,,,57,4,ONCO,0.44843139221545986,8.570314566236824,203000.0,0.39525954290169496,0.8898045060050846,0.6835592221567472,1.1222910216718267,0.6090748379493224,2026-08-12
174040.0,289950.0,110560.0,2.6077031229251144,-1.1210751394711949,0.8820000290870667,33.819619746085806,16.117642455447623,5.2154197616422495,,2.35581150006563,-6.261953655654429,-12.673263622258101,32.6315790417169,-12.673263622258101,,1.4573936720315928,0.9259999990463257,2,1.0099999904632568,1.2100000381469727,-0.005900575465723659,غير متاح تاريخيًا؛ لم يتم استبداله بقيم اليوم.,control,0.8799999952316284,2,0.22676120062132096,0.6650000214576721,0.6650000214576721,0.861700001358986,False,1.8618128642007958,0.9409200036525727,-2.6647905553716322,-0.07178413471713951,0.04432512344239438,-0.11610925815953389,0.02652644767428558,2026-08-14,0.9049999713897705,-1.1210751394711949,32.6315790417169,54.57271817158295,-2.819479261537303,,,58,4,ONCO,2.380955438095814,8.559736796227462,44300.0,-0.7216036121204519,0.2545391863939324,0.1527849629246422,0.40068740955137483,0.381307121917572,2026-08-13
185490.0,297850.0,136940.0,8.50801561215441,-8.049890843084695,0.8109999895095825,27.883393669503032,21.70160312243088,8.50801561215441,,-6.161412984775804,-13.293563078312465,-19.70297057749465,21.954881705399075,-19.70297057749465,,-0.2267612006213171,0.8799999952316284,1,1.0099999904632568,1.2100000381469727,-0.009494473316878624,غير متاح تاريخيًا؛ لم يتم استبداله بقيم اليوم.,control,0.8109999895095825,3,0.0,0.6650000214576721,0.6650000214576721,0.8642500013113021,False,2.4539155687184344,0.9353400027751922,-2.682287272522843,-0.0725709455026392,0.034830650125515755,-0.10740159562815496,0.010905050849826847,2026-08-17,0.8799999952316284,-9.688197351111183,21.954881705399075,49.79480019151765,7.033406014668721,,,59,6,ONCO,0.0,8.934733938395425,236800.0,1.3285370683221465,1.276618685643431,0.7950310559006211,1.7292244778735213,0.4597616249790163,2026-08-14
190050.0,251130.0,160580.0,6.464375216735223,-6.5351385921926575,0.7580000162124634,36.351341990505134,33.37837511296691,8.839046231343078,,-11.048522639795877,-18.468321709863467,-24.876109169250615,13.984961166006649,-24.950492735669094,,-0.49321925499044017,0.8069999814033508,1,1.0089999437332153,1.2100000381469727,-0.01018000680304322,غير متاح تاريخيًا؛ لم يتم استبداله بقيم اليوم.,control,0.7400000095367432,4,2.3746710146078556,0.6650000214576721,0.6650000214576721,0.8521500021219254,False,0.8044011192713807,0.9297000038623809,-2.7184830924310677,-0.0765882914750643,0.024650643322472535,-0.10123893479753683,0.00037654863695013585,2026-08-18,0.8069999814033508,-21.69421277688375,13.984961166006649,45.31250181898953,-5.310552557728634,,,60,6,ONCO,0.0,9.16909040371653,159900.0,-0.733459127269461,0.8413575374901342,0.6367220164854857,0.9957653506040602,0.6394297774061243,2026-08-17
247440.0,269550.0,276320.0,1.3333320617675781,-1.0554110872500355,0.75,42.112672426378396,34.08451418393306,11.733333269755047,,-11.25835680266949,-18.83995277557751,-25.66897504225196,12.781951248062962,-25.66897504225196,,0.2638488401077943,0.7979999780654907,1,1.0089999437332153,1.2100000381469727,-0.007260424802307874,غير متاح تاريخيًا؛ لم يتم استبداله بقيم اليوم.,control,0.7099999785423279,4,5.333336194356283,0.6650000214576721,0.6650000214576721,0.8451500028371811,False,-0.7224239798259369,0.9241000044345856,-2.8326881743493737,-0.07950116164733101,0.01739021852016466,-0.09689138016749567,-0.007717026930191495,2026-08-19,0.7599999904632568,-15.919284354041697,12.781951248062962,50.0719415205531,-6.195866113988494,,,61,3,ONCO,5.0666650136311855,9.097415636728766,737600.0,1.6736034971087366,2.980924668606531,2.7364125394175476,2.669368847712797,1.0251159339640141,2026-08-18
240360.0,277920.0,299840.0,5.203937997423168,-5.1999966303507446,0.7110000252723694,41.630902458661744,32.47496391744578,6.891705070862879,,-15.02330326460557,-22.559140275883472,-29.534185835360027,6.917293583519868,-29.534185835360027,,-0.2666632334391239,0.7480000257492065,0,1.0089999437332153,1.2100000381469727,-0.007067864657098924,غير متاح تاريخيًا؛ لم يتم استبداله بقيم اليوم.,control,0.6990000009536743,4,1.6877670734397103,0.6650000214576721,0.6650000214576721,0.8367000043392181,False,-2.391506691349754,0.9181200051307679,-2.955352356213281,-0.0839884378386635,0.010322353863065736,-0.09431079170172924,-0.011417492336024293,2026-08-20,0.7480000257492065,-19.387754895166452,6.917293583519868,44.61979974035634,-12.792992493572534,,,62,4,ONCO,0.0,5.327734836724633,320600.0,-1.600131921352071,1.3338325844566483,1.1535693724812897,1.0692369263607258,1.0788716177317215,2026-08-19
631793.4,523260.1,356784.6,4.461938068989702,4.670325081758242,3.809999942779541,92.42424570824485,66.66665863910515,15.748035487198047,,-35.23051965467705,-76.20707013439642,-70.80459856633155,28.28282512045557,-70.80459856633155,,0.0,3.950000047683716,3,13.050000190734863,38.25,0.03810605110775089,غير متاح تاريخيًا؛ لم يتم استبداله بقيم اليوم.,control,3.3499999046325684,2,7.611553927217127,2.9700000286102295,2.9700000286102295,5.882400047779083,False,-28.533158613253306,16.013160061836242,-16.959610319398,-3.9739328152832805,0.6830855972524841,-4.6570184125357645,0.5814116891907402,2026-08-12,3.640000104904175,15.981730387568449,28.28282512045557,16.897850782575986,6.860666945638911,,,55,2,IPW,3.6745434909912196,12.949049678861934,221000.0,0.39440768004069693,0.34979789279216905,0.42235209602260904,0.6194213539485729,0.6818494282289056,2026-08-11
646214.5,526696.75,275251.2,4.3352559333839205,-9.186349340919675,3.4600000381469727,92.42424570824485,45.68647261523804,9.306359050658573,,-38.32332122147499,-77.44835261129653,-73.48659013351221,16.498316660489465,-73.48659013351221,,-5.249345162399354,3.681999921798706,3,13.050000190734863,38.25,0.008196630514544445,غير متاح تاريخيًا؛ لم يتم استبداله بقيم اليوم.,control,3.359999895095825,2,2.89017751296625,2.9700000286102295,2.9700000286102295,5.609900057315826,False,-27.037080516764476,15.342560029029846,-17.427349549811865,-3.7929156278269796,0.6912822277670285,-4.484197855594008,0.5783482690568071,2026-08-13,3.609999895095825,2.245862109659158,16.498316660489465,17.419560446559558,9.62734550550421,,,56,3,IPW,2.0809256043084026,12.930530869802608,172500.0,0.007278911118391407,0.2669392283831452,0.32751293794769,0.6267002650669643,0.522599009771752,2026-08-12
652351.2,529812.3,239940.0,0.8849548808677254,-2.023119435579168,3.390000104904175,92.42424570824485,42.76316470551698,5.014751357913327,,-36.65800797254186,-77.02498590296568,-74.0229880815559,14.141416574008536,-74.0229880815559,,-1.1560682489023755,3.5,2,13.050000190734863,38.25,0.005313676226632147,غير متاح تاريخيًا؛ لم يتم استبداله بقيم اليوم.,control,3.3299999237060547,3,1.7699167947316667,2.9700000286102295,2.9700000286102295,5.351900053024292,False,-24.8318095727836,14.755160064697266,-17.765383014895754,-3.6134529756019322,0.6965959039936607,-4.310048879595593,0.5693572901022206,2026-08-14,3.4200000762939453,-8.625335039150773,14.141416574008536,22.40802107213922,13.17506008589325,,,57,4,IPW,2.3598796823139345,12.904007445975715,78900.0,-0.2978680570149513,0.12094712173442772,0.1489206649222753,0.328832208052013,0.45287736807922346,2026-08-13
812611.2,612054.5,458680.0,4.2459731345892795,0.7374588842250063,3.4149999618530273,92.42424570824485,29.93421372531857,17.86236901639175,,-32.975477974464006,-75.95791725806451,-73.83141829930713,14.98316259111383,-73.83141829930713,,-3.5398265564671183,3.75,2,13.050000190734863,38.25,0.007703126343977296,غير متاح تاريخيًا؛ لم يتم استبداله بقيم اليوم.,control,3.140000104904175,2,3.8067314048167398,2.9700000286102295,2.9700000286102295,5.0951500415802,False,-22.997929643686497,14.204260082244874,-18.01652566866917,-3.4296750916735457,0.704299030337638,-4.133974122011184,0.5442577236097348,2026-08-17,3.2699999809265137,-6.181322433150605,14.98316259111383,23.93105852262407,9.244609867557642,,,58,4,IPW,9.80966447698573,12.658539926684966,1665000.0,3.3011494785268654,2.048950346734084,2.720345982261384,3.6299816865788785,0.7494103874736645,2026-08-14
580185.6,621136.7,467080.0,3.821652278662715,-8.052704539406019,3.140000104904175,92.42424570824485,27.625202299510576,6.528659772522867,,-35.22567741306166,-77.05325774416039,-75.93869686581701,5.723908237586595,-75.93869686581701,,-4.538798627267493,3.299999952316284,1,13.050000190734863,38.25,-0.011953544067680788,غير متاح تاريخيًا؛ لم يتم استبداله بقيم اليوم.,control,3.0950000286102295,3,1.4331234009725806,2.9700000286102295,2.9700000286102295,4.847600066661835,False,-22.492964514386827,13.683860087394715,-17.71561681170446,-3.268542264173737,0.6923454862699572,-3.9608877504436943,0.5243733636532424,2026-08-18,3.259999990463257,-17.585297846135283,5.723908237586595,23.22183930896547,8.822098646275222,,,59,4,IPW,1.2738840928875717,12.53771144954331,198000.0,-3.2060714356582656,0.3412701039115759,0.3187704091546998,0.4239102509206132,0.751976175292814,2026-08-17
423082.3,550628.35,489380.0,0.653594160147165,-2.5477757787232713,3.059999942779541,69.52053698394627,28.424654178759056,9.15032603351729,,-33.41457235186569,-76.81442350796128,-70.43478425123484,4.794515850262693,-76.5517249191149,,-3.1847178251670494,3.200000047683716,0,10.350000381469727,38.25,-0.012780910177859983,غير متاح تاريخيًا؛ لم يتم استبداله بقيم اليوم.,control,2.9200000762939453,3,3.92156496088299,2.9200000762939453,2.9200000762939453,4.595600044727325,False,-21.87542487079901,13.197860074043273,-17.58116434808269,-3.111432030328573,0.6795645760920972,-3.7909966064206704,0.502020945273359,2026-08-19,3.0399999618530273,-11.560696270444392,3.0303001111897654,25.7270090963643,8.829158313788312,,,60,5,IPW,4.575166912487134,12.185731117632958,332500.0,0.25552086600284096,0.7858991028459474,0.6038555769967165,0.6794311169234541,0.8887664429192577,2026-08-18
387915.6,559692.25,500580.0,1.9230751596258298,1.960782480441492,3.119999885559082,48.630138328496386,28.424654178759056,8.653845859937638,,-28.293997706417773,-75.36413023221907,-69.85507468052833,6.8493083575181135,-69.85507468052833,,0.0,3.3299999237060547,1,10.350000381469727,38.25,-0.005243876297481798,غير متاح تاريخيًا؛ لم يتم استبداله بقيم اليوم.,control,3.059999942779541,2,0.0,2.9200000762939453,2.9200000762939453,4.351100027561188,False,-22.43890295537525,12.664460053443909,-17.45536579631216,-2.9480957316774017,0.6743206997946154,-3.622416431472017,0.481579359996144,2026-08-20,3.059999942779541,-7.964607993801964,6.8493083575181135,26.869476810049335,9.449916363489777,,,61,6,IPW,6.730770700311808,5.677565821071617,228500.0,-0.2229606226967571,0.5890456583854838,0.40826007506803963,0.45647049422669705,0.8943843692672179,2026-08-19
374310.0,474875.6,508680.0,2.684561181007224,-4.487175372460273,2.9800000190734863,49.1408943154376,28.86597558053079,8.05369154364508,,-27.785586417242957,-75.26038850100136,-59.52186873531865,2.4054959167747025,-71.2077303455102,,-1.923075159625831,3.1500000953674316,1,7.361999988555908,31.770000457763672,-0.014545350684426417,غير متاح تاريخيًا؛ لم يتم استبداله بقيم اليوم.,control,2.9100000858306885,3,2.348991033381321,2.9100000858306885,2.9100000858306885,4.12660003900528,False,-22.894672955011753,12.045460047721862,-18.36442305670778,-2.797697245084281,0.659775349110189,-3.45747259419447,0.470845019089456,2026-08-21,3.059999942779541,-12.737919403767838,2.054792507255443,29.68949657263252,7.2814755004933005,,,62,8,IPW,3.0201393292565357,5.676626915771754,119400.0,-0.22174532319579354,0.31898693596217037,0.25143427036470184,0.2347251710309035,1.071185801081378,2026-08-20
926410.0,477565.0,50220.0,2.9166737033258396,1.6949238156632296,2.4000000953674316,97.90576112292906,19.56521987013651,5.95833834177898,,-1.8204094817873995,-14.067811536479258,-36.50793350442705,25.654457450739887,-36.50793350442705,,-1.2711852848854677,2.4730000495910645,2,3.7799999713897705,5.019999980926514,0.003630513815447073,غير متاح تاريخيًا؛ لم يتم استبداله بقيم اليوم.,control,2.3299999237060547,2,0.0,1.909999966621399,1.909999966621399,2.444500005245209,False,-4.212382168016749,2.792900004386902,-0.7392397819251162,-0.12717137911246512,0.02736121809142586,-0.15453259720389098,0.030047780685807712,2026-08-12,2.3299999237060547,-3.2258033504347416,25.654457450739887,43.225812703588325,4.36571317307537,,,55,2,LNAI,3.04166463845314,8.572269112158747,30500.0,0.49848932664002166,0.032922787966451136,0.06386565179609058,0.6073277578653923,0.10515846010490719,2026-08-11
946760.0,487165.0,73300.0,1.702136250846386,-2.083341197834765,2.3499999046325684,97.90576112292906,12.831856773308337,6.382983040626325,,-2.6108617862844685,-15.48890915302481,-37.83068988308597,23.036646371752866,-37.83068988308597,,-0.4166662527455345,2.4100000858306885,2,3.7799999713897705,5.019999980926514,-0.0009408357119442268,غير متاح تاريخيًا؛ لم يتم استبداله بقيم اليوم.,control,2.259999990463257,2,3.829783737092677,1.909999966621399,1.909999966621399,2.412999999523163,False,-4.962583659602826,2.780700001716614,-1.327135056019535,-0.12150711922953894,0.026420382379481633,-0.14792750160902057,0.023424834000635997,2026-08-13,2.390000104904175,-2.892568985724042,23.036646371752866,51.14503691756488,11.671357330114432,,,56,2,LNAI,0.8510630526872615,8.32172668249667,218600.0,2.37493690789177,0.2308927288858845,0.44871860663224983,2.9822646657571625,0.15046236901255222,2026-08-12
948890.0,486255.0,70900.0,4.910709581584975,-4.6808467897799355,2.240000009536743,97.90576112292906,15.909086229387492,7.142850300487236,,-5.921880935743962,-19.013702292165647,-40.74074003992186,17.277489459807782,-40.74074003992186,,0.0,2.359999895095825,1,3.7799999713897705,5.019999980926514,-0.00764600722908193,غير متاح تاريخيًا؛ لم يتم استبداله بقيم اليوم.,control,2.200000047683716,3,1.785712575121809,1.909999966621399,1.909999966621399,2.3809999942779543,False,-5.646919241996329,2.765900001525879,-2.067768891158972,-0.12445953267102094,0.018774375150399703,-0.14323390782142065,0.013182664779747721,2026-08-14,2.3499999046325684,-7.053944823215597,17.277489459807782,46.80851387621409,7.3348293354680365,,,57,3,LNAI,0.44642814378045226,8.353918930443346,44600.0,-2.3532096587049764,0.04700228688256805,0.09172142188769267,0.6290550070521862,0.14580826932370874,2026-08-13
949610.0,487150.0,70120.0,1.3513500451867637,-0.8928562875609058,2.2200000286102295,97.90576112292906,15.023253018434524,4.504500150622547,,-5.572095724765447,-19.357767260978097,-41.26984006843749,16.2303700212723,-41.26984006843749,,0.4464281437804418,2.25,1,3.7799999713897705,5.019999980926514,-0.005747068834446534,غير متاح تاريخيًا؛ لم يتم استبداله بقيم اليوم.,control,2.1500000953674316,3,3.153150105435783,1.909999966621399,1.909999966621399,2.3509999990463255,False,-5.8470165657754425,2.752900004386902,-2.3828941472776366,-0.1269497749264792,0.013027306315953169,-0.13997708124243236,0.00022160418598593523,2026-08-17,2.25,-5.93219799613216,16.2303700212723,49.62406055472647,6.271461708838068,,,58,4,LNAI,0.0,8.193220146687173,33700.0,-0.14845032935680685,0.035488253072313895,0.06917787129220979,0.48060467769537935,0.14393923842758904,2026-08-14
142410.0,487800.0,71660.0,0.0,1.351350045186761,2.25,49.8829068841997,15.023253018434524,6.222216288248697,,-3.4956034320311136,-17.868224214265705,-40.47619002566406,17.801049179075502,-40.47619002566406,,1.351350045186761,2.299999952316284,1,3.7799999713897705,5.019999980926514,-0.001094391910783421,غير متاح تاريخيًا؛ لم يتم استبداله بقيم اليوم.,control,2.1600000858306885,3,3.9999961853027344,1.909999966621399,1.909999966621399,2.331499993801117,False,-5.740853347372987,2.739500002861023,-2.3873150924597852,-0.1250609382359702,0.011932914405169748,-0.13699385264113995,-0.003553819006431258,2026-08-18,2.25,-6.250003725290155,17.801049179075502,50.370369977911835,12.41856672898443,,,59,5,LNAI,2.222220102945964,3.1855022063620013,30900.0,-0.04940177509978905,0.21697914472298294,0.06334563345633457,0.4312029025955903,0.14690446904469046,2026-08-17
59890.0,486400.0,69560.0,3.4642054967762284,-3.7777794731987835,2.1649999618530273,27.906971070623566,12.093022275834976,4.157039988688057,,-5.9411330931183,-20.806205247394605,-42.72486830054037,13.3507853239756,-42.72486830054037,,-0.4444440205891964,2.240000009536743,1,3.7799999713897705,5.019999980926514,-0.005487043793356516,غير متاح تاريخيًا؛ لم يتم استبداله بقيم اليوم.,control,2.1500000953674316,3,0.6928344919118286,1.909999966621399,1.909999966621399,2.3017499923706053,False,-5.839640522327761,2.733800001144409,-2.116080172926438,-0.12893651437637343,0.006445870611813231,-0.13538238498818667,-0.00447698170535249,2026-08-19,2.240000009536743,-7.872338310093097,13.3507853239756,52.107282143435896,8.88146943984757,,,60,6,LNAI,0.0,2.058888408211897,20000.0,-0.14368133847828152,0.33394556687259974,0.04111842105263158,0.2875215641173088,0.14300986842105262,2026-08-18
51520.0,485660.0,29740.0,4.504510890198043,2.5404188326233257,2.2200000286102295,20.283023111758492,11.320755777939628,7.657660995633826,,-2.7275701812732422,-18.70514042207343,-41.26984006843749,16.2303700212723,-41.26984006843749,,-2.0785255005468795,2.2899999618530273,1,3.7799999713897705,5.019999980926514,0.0009671551952358248,غير متاح تاريخيًا؛ لم يتم استبداله بقيم اليوم.,control,2.119999885559082,2,0.0,1.909999966621399,1.909999966621399,2.282249999046326,False,-5.418566121122037,2.7308000040054323,-1.7945120897751243,-0.12611610272937535,0.007413025807049056,-0.1335291285364244,0.0008336721971038408,2026-08-20,2.119999885559082,-0.8928562875609058,16.2303700212723,57.87401626540076,6.728979347835882,,,61,6,LNAI,3.153150105435783,2.3858985112389375,19500.0,0.36816101826332337,0.3784937888198758,0.040151546349297865,0.6556825823806322,0.06123625581682659,2026-08-19
47720.0,485080.0,24540.0,2.181822556109373,-0.9009000301245074,2.200000047683716,20.283023111758492,8.490569644994705,4.999995123256442,,-3.3498059055430907,-19.38438830814022,-41.79894009695311,15.18325058273684,-41.79894009695311,,-3.0630665461686246,2.259999990463257,2,3.7799999713897705,5.019999980926514,0.00015859859448666414,غير متاح تاريخيًا؛ لم يتم استبداله بقيم اليوم.,control,2.1500000953674316,2,0.09090249991628256,1.909999966621399,1.909999966621399,2.2762500047683716,False,-4.399411581743761,2.729000005722046,-1.3341044789571543,-0.12406459803450476,0.00757162440153572,-0.13163622243604048,0.0009963402014654399,2026-08-21,2.1519999504089355,-0.9009000301245074,15.18325058273684,60.74379880313901,13.935284926924915,,,62,7,LNAI,2.7272700672307866,2.33872480688197,18600.0,0.10226362788831656,0.3897736797988265,0.03834419064896512,0.7579462102689487,0.050589593469118496,2026-08-20
1914420.0,985125.0,3803340.0,3.278695092153664,-0.8130073421291018,1.2200000286102295,125.49019562011038,125.49019562011038,20.491802798135097,,0.5149350209931125,-3.534432985346647,-46.9565193955073,19.607848178785893,-46.9565193955073,,-4.065046402457528,1.399999976158142,3,2.299999952316284,2.299999952316284,-0.0007448864291249302,غير متاح تاريخيًا؛ لم يتم استبداله بقيم اليوم.,control,1.149999976158142,2,2.459013990675489,1.0199999809265137,1.0199999809265137,1.2137500047683716,False,-0.24655821937739075,1.2647000026702881,-0.47218042537907623,-0.0769397734506918,0.032648275844778515,-0.10958804929547032,0.024075978180430058,2026-08-12,1.1799999475479126,-0.8130073421291018,19.607848178785893,41.129031172652155,-10.45827837394949,,,55,12,LZMH,14.754093715305943,3.905941708564768,503600.0,-2.9966682480392413,0.26305617367139916,0.5112041619083872,0.13240993442605709,3.8607689379520367,2026-08-11
1930710.0,994270.0,3842120.0,2.479346252335911,-0.8196713302251579,1.2100000381469727,125.49019562011038,125.49019562011038,13.223137320427467,,-0.47295666319497887,-4.294863938441528,-47.39130159857587,18.627456938565135,-47.39130159857587,,-3.2786950921536606,1.2999999523162842,2,2.299999952316284,2.299999952316284,-0.0018174396540822368,غير متاح تاريخيًا؛ لم يتم استبداله بقيم اليوم.,control,1.1399999856948853,3,3.305781867105094,1.0199999809265137,1.0199999809265137,1.2157500088214874,False,-0.08218558325816527,1.2643000030517577,-0.2524652424648832,-0.07104950405709998,0.03083083619069628,-0.10188034024779626,0.02256564457219512,2026-08-13,1.1799999475479126,4.310351117612821,18.627456938565135,41.80328509590486,-10.165217362904578,,,56,12,LZMH,7.438009200986462,2.769354483157678,206500.0,-0.07866356523404851,0.10695547233919128,0.2076900640671045,0.05374636919200858,3.8642622225351264,2026-08-12
1944620.0,1000310.0,3862320.0,0.0,0.0,1.2100000381469727,125.49019562011038,125.49019562011038,10.743800920098646,,-0.4934186179067268,-4.264575135678639,-47.39130159857587,18.627456938565135,-47.39130159857587,,0.0,1.2999999523162842,3,2.299999952316284,2.299999952316284,-0.001826515729384512,غير متاح تاريخيًا؛ لم يتم استبداله بقيم اليوم.,control,1.1699999570846558,3,3.3057917191121846,1.0199999809265137,1.0199999809265137,1.216000008583069,False,0.14412273044301926,1.2639000034332275,-0.2052897859611269,-0.06562493967115657,0.029004320461311767,-0.09462926013246833,0.018732016311604927,2026-08-14,1.2100000381469727,0.833332505491069,18.627456938565135,50.99999904632568,6.147062123647103,,,57,12,LZMH,7.438009200986462,2.7539327722705282,161300.0,-0.011983905180740738,0.0829467968034886,0.1612500124961262,0.04176246401126784,3.8611230518539252,2026-08-13
1956030.0,1006035.0,2521740.0,4.2372943854341605,-2.479346252335912,1.1799999475479126,125.49019562011038,101.86915700430856,10.169492381566323,,-2.7606145299266083,-6.770961053367297,-48.69565339079428,15.686271530717422,-48.69565339079428,,1.6528909335525421,1.2799999713897705,2,2.299999952316284,2.299999952316284,-0.003717097874494882,غير متاح تاريخيًا؛ لم يتم استبداله بقيم اليوم.,control,1.159999966621399,3,1.694913713180618,1.0199999809265137,1.0199999809265137,1.2135000050067901,False,-0.2671047376588409,1.2657000017166138,-0.09471930342165313,-0.06302023189894723,0.025287222586816885,-0.08830745448576412,0.013919541551744574,2026-08-17,1.2300000190734863,-4.065046402457528,15.686271530717422,37.50000338662618,-11.785711628940845,,,58,12,LZMH,4.237284282951545,2.861547228283914,132300.0,0.010701311001223533,0.06763699943252405,0.13150635912269454,0.05246377501249137,2.5066125930012375,2026-08-14
1963220.0,1009695.0,217680.0,7.1428609441737585,-5.08474113954186,1.1200000047683716,125.49019562011038,27.27272234672369,8.928573519295567,,-7.36145560990682,-11.539372594005625,-51.30434660920571,9.803924089392947,-51.30434660920571,,1.6949238156632296,1.2000000476837158,1,2.299999952316284,2.299999952316284,-0.006679376899981701,غير متاح تاريخيًا؛ لم يتم استبداله بقيم اليوم.,control,1.100000023841858,3,1.785712575121809,1.0199999809265137,1.0199999809265137,1.20900000333786,False,-0.5142974682438628,1.266100001335144,0.015799021172591132,-0.06504764737722013,0.018607845686835184,-0.08365549306405531,0.006001856679879847,2026-08-18,1.2000000476837158,-8.196723073504641,9.803924089392947,36.6666710818239,-12.619043933743129,,,59,12,LZMH,0.0,3.2090388282044935,84700.0,0.3366394958438114,0.04314340725950225,0.08388671826640719,0.3891032708563028,0.21558985634275696,2026-08-17
1962200.0,1005605.0,121060.0,0.8771921569070334,1.7857125751218117,1.1399999856948853,125.49019562011038,18.18181128541314,2.6315764707211,,-5.3156159748190435,-10.002369542254852,-50.43478220306857,11.764706569834438,-50.43478220306857,,0.8928562875609058,1.159999966621399,2,2.299999952316284,2.299999952316284,-0.003122934837820182,غير متاح تاريخيًا؛ لم يتم استبداله بقيم اليوم.,control,1.1299999952316284,3,0.0,1.0199999809265137,1.0199999809265137,1.2040000021457673,False,-0.8032957844943511,1.2667000007629394,0.15814011927164362,-0.06429935450278657,0.015484910849015002,-0.07978426535180157,0.0013255851683700026,2026-08-19,1.1299999952316284,-5.785128119441008,11.764706569834438,50.0,8.870968827347845,,,60,12,LZMH,1.754384313814067,3.281471470304126,20500.0,-0.2197657522704776,0.010447456936092142,0.02038573793885273,0.16933751858582521,0.12038524072573227,2026-08-18
1965320.0,998365.0,88520.0,2.6785688626827135,-1.7543843138140613,1.1200000047683716,125.49019562011038,18.18181128541314,7.58928908795421,,-6.158357390478786,-11.37136949674965,-51.30434660920571,9.803924089392947,-51.30434660920571,,0.8771921569070251,1.1950000524520874,1,2.299999952316284,2.299999952316284,-0.0033181138107420127,غير متاح تاريخيًا؛ لم يتم استبداله بقيم اليوم.,control,1.1100000143051147,3,0.8928562875609045,1.0199999809265137,1.0199999809265137,1.1935000002384186,False,-1.8301466931213373,1.2637000012397765,-0.04745723408470237,-0.06457576905396034,0.012166797038272989,-0.07674256609223333,-0.0015555371550131092,2026-08-20,1.149999976158142,-7.43801905299355,9.803924089392947,48.05195046468387,6.248665368779008,,,61,12,LZMH,4.017863937710592,3.0220377538351624,43800.0,0.3254659156663212,0.022286446990820833,0.04387173027900618,0.4948034342521464,0.088664967221407,2026-08-19
1962610.0,997900.0,62900.0,1.785712575121809,0.0,1.1200000047683716,125.49019562011038,16.363631240592635,4.2857123090296465,,-5.405405269346597,-10.849319131726265,-51.30434660920571,9.803924089392947,-51.30434660920571,,1.7857125751218117,1.1480000019073486,1,2.299999952316284,2.299999952316284,-0.0020178857332545236,غير متاح تاريخيًا؛ لم يتم استبداله بقيم اليوم.,control,1.100000023841858,3,1.785712575121809,1.0199999809265137,1.0199999809265137,1.1840000033378602,False,-2.631579360142966,1.2563000011444092,-0.6013135745054021,-0.06405642696096026,0.010148911305018465,-0.07420533826597872,0.0009912204162598748,2026-08-21,1.1399999856948853,-5.08474113954186,9.803924089392947,44.44445180303984,-6.555547243285837,,,62,10,LZMH,0.714287158786028,2.5101318865994338,33200.0,0.03301850533449907,0.016916249280295118,0.033269866720112236,0.5278219395866455,0.06303236797274275,2026-08-20
95310.0,172055.0,86520.0,1.1999988555908203,-0.7936500427734305,5.0,27.35961760052121,13.163479416934454,3.020000457763672,,5.842506596274699,13.39925644916824,-6.191368263221275,29.87013308711195,-6.191368263221275,,0.39682502138671527,5.119999885559082,3,5.329999923706055,6.28000020980835,-0.009326219456440965,غير متاح تاريخيًا؛ لم يتم استبداله بقيم اليوم.,control,4.968999862670898,2,0.6200027465820312,3.8499999046325684,3.3299999237060547,4.7239999890327455,True,6.926210833889734,4.409199986457825,-2.287031438843745,0.14761137003237224,0.05055414428195257,0.09705722575041967,0.02282354131099673,2026-08-12,5.059999942779541,3.0927855323080733,47.058819404522964,52.67490018794847,-7.81142603137814,,,55,2,NAKA,1.1999988555908203,6.022686574649128,54900.0,-0.3486225271917658,0.5760151085930123,0.319084013832786,0.6345353675450763,0.5028624567725437,2026-08-11
82890.0,152270.0,87200.0,1.8218654158990055,-1.1999988555908225,4.940000057220459,21.13635927685045,13.163479416934454,3.481779946217788,,3.956230462874899,12.186039686537175,-7.317070770508027,28.31169297631233,-7.317070770508027,,0.6000041961669922,5.072000026702881,3,5.329999923706055,5.5,-0.013209533834382198,غير متاح تاريخيًا؛ لم يتم استبداله بقيم اليوم.,control,4.900000095367432,2,0.8097158176053489,3.8499999046325684,3.3299999237060547,4.751999986171723,True,6.237424475964515,4.403399987220764,-1.3752016565524605,0.14373798880988264,0.03734461044757037,0.10639337836231227,0.00983827458097064,2026-08-13,5.03000020980835,-0.2020152006058873,28.31169297631233,49.37239036333804,-14.821159735609541,,,56,4,NAKA,0.8501987127134341,5.660858996275172,47300.0,-0.09210417488452582,0.5706357823621667,0.3106324292375386,0.5424311926605505,0.5726669731398174,2026-08-12
83420.0,146675.0,89860.0,1.5841662875575344,2.226723324701685,5.050000190734863,15.794041576510809,10.351967037224096,5.544558400652351,,5.076991193246294,14.642456213426591,-5.253278367338177,31.168839372135505,-5.253278367338177,,0.6072820369170451,5.150000095367432,2,5.329999923706055,5.329999923706055,-0.004187162666199673,غير متاح تاريخيًا؛ لم يتم استبداله بقيم اليوم.,control,4.869999885559082,2,1.9801960565474082,3.8499999046325684,3.3299999237060547,4.805999994277954,True,6.092715496337431,4.404999995231629,-1.100134626846161,0.14784018808902566,0.0331574477813707,0.11468274030765496,0.0035411346707006075,2026-08-14,4.96999979019165,1.4056259315918584,31.168839372135505,53.75000695387633,-10.558676345058778,,,57,4,NAKA,1.9801960565474082,2.8421432166040588,119800.0,0.7907537617129192,1.4361064492927356,0.8167717743310039,1.3331849543734697,0.612647008692688,2026-08-13
84410.0,139865.0,77960.0,0.8113582808481975,-2.3762447101765005,4.929999828338623,15.794041576510809,7.515660467252627,6.288031512650355,,1.6599616449671561,11.933517354757651,-7.504692328199958,25.445286122006607,-7.504692328199958,,-1.5841662875575313,5.099999904632568,1,5.329999923706055,5.329999923706055,-0.013066284080915203,غير متاح تاريخيًا؛ لم يتم استبداله بقيم اليوم.,control,4.789999961853027,2,2.8397539829686917,3.930000066757202,3.3299999237060547,4.849499988555908,True,5.665105200295728,4.404399991035461,-0.9267590190137787,0.13979669493322433,0.020091163700455494,0.11970553123276884,-0.007814675099147905,2026-08-17,4.96999979019165,-2.182542348154326,28.05194676515521,55.12819990316538,-1.6811388348188316,,,58,4,NAKA,2.6369192488334656,2.6024942310371584,74400.0,-0.3788493976777283,0.8814121549579433,0.5319415150323527,0.9543355566957414,0.5573946305365889,2026-08-14
86660.0,128055.0,78320.0,3.777336964121086,2.0284053742741337,5.03000020980835,13.163479416934454,10.855949583877456,9.343931820821098,,3.2960307362994934,13.99692271447124,-5.62851253643376,20.191165557521785,-5.62851253643376,,-1.8255512958316178,5.309999942779541,1,5.329999923706055,5.329999923706055,-0.0039524474783843855,غير متاح تاريخيًا؛ لم يتم استبداله بقيم اليوم.,control,4.840000152587891,2,0.0,4.184999942779541,3.3299999237060547,4.86949999332428,True,4.205007570274599,4.41239999294281,-0.4961211919792152,0.13987892651035772,0.01613871622207111,0.1237402102882866,-0.003859062299524929,2026-08-18,4.840000152587891,0.6000041961669922,27.989825047478956,61.23348295233982,6.355437008481019,,,59,7,NAKA,5.566594856700012,2.5970168879482705,95200.0,0.2611904902909796,1.098546042003231,0.7434305571824606,1.215526046986721,0.6116121978837218,2026-08-17
82230.0,107295.0,77940.0,1.7964101492262292,-0.39761391833571524,5.010000228881836,13.163479416934454,10.855949583877456,6.027944750089752,,2.6639392167465914,13.18453439348033,-6.003746705529345,19.713268754655132,-6.003746705529345,,-2.186881290778231,5.190000057220459,2,5.329999923706055,5.329999923706055,-0.005727803616543764,غير متاح تاريخيًا؛ لم يتم استبداله بقيم اليوم.,control,4.888000011444092,2,0.6387238201183775,4.184999942779541,3.3299999237060547,4.879999995231628,True,3.302286337024829,4.426399998664856,0.39009371903877543,0.13675385104519577,0.010410912605527345,0.12634293843966843,-0.011086337043829886,2026-08-19,4.920000076293945,1.417007507096324,19.713268754655132,67.80487271592168,15.129972527973209,,,60,6,NAKA,3.5928107807451455,2.153825947853816,53000.0,-0.5355157826808448,0.6445336251976165,0.49396523603150194,0.6800102643058763,0.7264084999300993,2026-08-18
139630.0,126880.0,192060.0,16.006597349021433,20.958077164240983,6.059999942779541,29.51167420865786,27.34864202948266,17.623759898797214,,22.684481123991528,36.05747511185442,-0.6557370898096271,44.80286799609097,13.696060591421233,,1.5968047914422856,6.099999904632568,3,6.099999904632568,6.099999904632568,0.061720850714302944,غير متاح تاريخيًا؛ لم يتم استبداله بقيم اليوم.,control,5.0320000648498535,2,0.9570971664305693,4.184999942779541,3.3299999237060547,4.939499998092652,True,3.9457073330503523,4.454000000953674,1.149112364985183,0.21650764258945632,0.07213176331983029,0.14437587926962603,0.07671094765623199,2026-08-20,5.090000152587891,19.99999433460824,44.80286799609097,72.83950156993188,23.46711120659384,,,61,5,NAKA,0.660065383345211,6.692614094043611,617900.0,2.5372135199282173,4.425266776480699,4.869955863808323,3.2172237842340934,1.5137137452711222,2026-08-19
159890.0,130445.0,229920.0,3.015873832827558,3.9604001686713186,6.300000190734863,33.194157938422904,33.194157938422904,6.825401462815256,,25.84898457713272,40.1993988976099,-1.2539172769758689,50.537641024449044,3.278693266050836,,0.8250856634815396,6.380000114440918,4,6.380000114440918,6.380000114440918,0.04890417507862721,غير متاح تاريخيًا؛ لم يتم استبداله بقيم اليوم.,control,5.949999809265137,1,2.5396876096063155,4.184999942779541,3.3299999237060547,5.006000018119812,True,4.161465336662062,4.493600001335144,2.011350878534035,0.29567080226769793,0.1210359383984575,0.17463486386924043,0.15579187575734021,2026-08-21,6.110000133514404,27.789054971588524,50.537641024449044,81.37650657301359,27.626499619137256,,,62,5,NAKA,1.2698400203813818,6.707863510638656,309100.0,-1.8728431300935227,1.9332040778034898,2.369581049484457,1.3443806541405707,1.7625819310820652,2026-08-20
217210.0,154215.0,286520.0,6.766910621448761,-4.316542690433622,1.3300000429153442,192.18750727595778,148.4375107684175,10.526314374246708,,-52.14105663248751,-57.56005282259075,-65.72164938951327,3.9062556752470723,-65.72164938951327,,2.1582713452168223,1.4199999570846558,0,3.880000114440918,4.489999771118164,-0.019182400025363755,غير متاح تاريخيًا؛ لم يتم استبداله بقيم اليوم.,control,1.2799999713897705,4,3.7594037527979447,1.2799999713897705,1.2799999713897705,2.779000014066696,False,-9.378464668168117,3.1338400053977966,-5.443178438829788,-0.42214047848932346,-0.18298044752264875,-0.2391600309666747,-0.23411528157568817,2026-08-13,1.4199999570846558,-49.621212497504054,0.9870927208383673,22.689078857205757,-29.406727431562246,,,55,0,MEDS,0.0,10.125275470463288,107600.0,-1.7415294130161842,0.4953731411997606,0.6977271990403009,0.3755409744520452,1.857925623318095,2026-08-12
231340.0,161430.0,292740.0,8.724831838896886,12.030072290124206,1.4900000095367432,198.00797001967095,121.35459178512158,19.12751441592329,,-45.230655985230996,-51.60200585869066,-61.59793903120948,18.725100812589424,-61.59793903120948,,2.255636873816247,1.5399999618530273,0,3.880000114440918,4.489999771118164,0.009960181140311497,غير متاح تاريخيًا؛ لم يتم استبداله بقيم اليوم.,control,1.2549999952316284,3,7.046981100767372,1.2549999952316284,1.2549999952316284,2.7205000102519987,False,-10.835436521043873,3.0786400055885315,-6.44251574423439,-0.45543536394459627,-0.17302026638233725,-0.282415097562259,-0.18018025244319436,2026-08-14,1.3600000143051147,-25.125628020293135,16.40625334694057,26.795581511418206,-23.06115214995814,,,56,1,MEDS,3.35570147625903,11.21647168988161,179500.0,0.2376311236554905,0.775914238782744,1.1119370625038716,0.6131720981075357,1.813417580375395,2026-08-13
233440.0,164155.0,267080.0,3.3783751129669097,-0.6711402952518042,1.4800000190734863,198.00797001967095,66.53385833547927,9.459466425670593,,-44.40270415122011,-51.000515989730324,-61.855670736578205,17.928288820457805,-61.855670736578205,,2.6845611810072167,1.5700000524520874,1,3.880000114440918,4.400000095367432,0.01724940535078573,غير متاح تاريخيًا؛ لم يتم استبداله بقيم اليوم.,control,1.4299999475479126,2,3.3783831676485327,1.2549999952316284,1.2549999952316284,2.6620000064373017,False,-11.180808476274828,3.020440008640289,-7.553776139992707,-0.47712867385169844,-0.15577086103155152,-0.3213578128201469,-0.11991570726840095,2026-08-17,1.5299999713897705,-7.5000001862645105,17.928288820457805,27.094974969047215,-14.081495619188075,,,57,1,MEDS,2.7027081450551504,11.360540494736211,68100.0,-0.358192316768611,0.2917237834132968,0.4148518168803874,0.2549797813389247,1.6269988730163565,2026-08-14
263290.0,179915.0,299380.0,2.0134208857554183,0.6756750225933805,1.4900000095367432,198.00797001967095,32.27091417757511,18.12080397304558,,-42.71434038183121,-49.73755566938165,-61.59793903120948,18.725100812589424,-61.59793903120948,,-1.351350045186761,1.659999966621399,1,3.880000114440918,4.400000095367432,0.022545292899016744,غير متاح تاريخيًا؛ لم يتم استبداله بقيم اليوم.,control,1.3899999856948853,1,4.69799006738605,1.2549999952316284,1.2549999952316284,2.60100000500679,False,-11.277118621377191,2.9644400095939636,-8.074819045016312,-0.4878897729858154,-0.13322556813253478,-0.3546642048532806,-0.06574929449649192,2026-08-18,1.4600000381469727,7.194246393597337,18.725100812589424,17.405065081857174,-6.365428777122219,,,58,2,MEDS,11.409393019904112,10.655617426621836,325400.0,0.8319331720981786,1.2358995784116373,1.8086318539310229,1.0869129534371034,1.6640080037795626,2026-08-17
267280.0,155700.0,148980.0,5.0724675865189495,-7.382551248393277,1.3799999952316284,198.00797001967095,32.27091417757511,8.695652549493667,,-44.66720160122453,-52.49635151965588,-64.43299086266967,9.960159400393408,-64.43299086266967,,-2.684561181007228,1.5,1,3.880000114440918,4.340000152587891,0.017328319163869343,غير متاح تاريخيًا؛ لم يتم استبداله بقيم اليوم.,control,1.3799999952316284,1,0.0,1.2549999952316284,1.2549999952316284,2.4940000057220457,False,-12.632242872076095,2.9050400114059447,-8.768183019979825,-0.49953576606411243,-0.11589724896866543,-0.383638517095447,-0.04410040211951616,2026-08-19,1.4500000476837158,3.7593947896937596,9.960159400393408,20.220589766014527,-1.0392558332497401,,,59,3,MEDS,3.6231849629747175,10.523740639770818,64300.0,-0.6553113961810959,0.2405716851242143,0.41297366730892743,0.4316015572560075,0.9568400770712909,2026-08-18
248050.0,172745.0,209580.0,2.797200232183025,3.6231849629747126,1.4299999475479126,153.3864604653076,32.27091417757511,15.944051327020354,,-40.0796168696864,-49.881540208114096,-63.14433233582608,13.944219361051502,-63.14433233582608,,0.7246369925949514,1.5679999589920044,1,3.880000114440918,4.195000171661377,0.023625019326680874,غير متاح تاريخيًا؛ لم يتم استبداله بقيم اليوم.,control,1.340000033378601,1,3.4965002902287807,1.2549999952316284,1.2549999952316284,2.386500006914139,False,-14.123785720252148,2.853240010738373,-8.953871103059253,-0.4989788041479277,-0.09227222964198456,-0.40670657450594316,-0.021850130296229286,2026-08-20,1.3899999856948853,-4.026849772134245,13.944219361051502,16.858235080443663,-5.830843776762094,,,60,3,MEDS,9.650350804608548,10.943375754736236,410600.0,1.5275548507981962,1.6553114291473494,2.3769139483053054,1.9591564080542037,1.2132333786795566,2026-08-19
254030.0,181465.0,215320.0,1.3793172053857603,1.3986084524057807,1.4500000476837158,121.35459178512158,26.717560238913627,9.931037839329232,,-36.81917033093036,-48.391963282452764,-62.62886585268437,15.53785284406295,-62.62886585268437,,0.0,1.4539999961853027,0,3.880000114440918,3.880000114440918,0.024628993044852387,غير متاح تاريخيًا؛ لم يتم استبداله بقيم اليوم.,control,1.309999942779541,2,8.275862125664345,1.2549999952316284,1.2549999952316284,2.295000010728836,False,-15.640507183227282,2.8096400094032288,-8.737624265812105,-0.4912606202523584,-0.06764323659713217,-0.4236173836552262,-0.00337084726654302,2026-08-21,1.4299999475479126,-2.0270250677801416,15.53785284406295,18.47389704358089,-8.321684467837315,,,61,4,MEDS,0.275858508279126,11.185978761992445,208200.0,-0.9922234710302393,0.8195882376097311,1.1473286859725016,0.9669329370239643,1.186564902322762,2026-08-20
241310.0,183800.0,215540.0,4.525550074732043,-5.5172441575529145,1.3700000047683716,66.53385833547927,26.717560238913627,10.948903331099103,,-37.86848071091251,-50.40257182026502,-64.6907225680384,9.163347408261814,-64.6907225680384,,-1.2413797299161589,1.5099999904632568,1,3.880000114440918,3.880000114440918,0.017739568916375736,غير متاح تاريخيًا؛ لم يتم استبداله بقيم اليوم.,control,1.3600000143051147,2,0.7299263086460758,1.2549999952316284,1.2549999952316284,2.2050000071525573,False,-17.167543132217055,2.7622400093078614,-8.548423361954526,-0.4859969682561718,-0.049903667680756436,-0.43609330057541534,0.01353879780794065,2026-08-24,1.4320000410079956,-8.05369154364508,9.163347408261814,10.212766259652327,-16.882208709394888,,,62,5,MEDS,5.693426947720984,8.897602210196458,69200.0,-0.6458788403365745,0.2867680576851353,0.3764961915125136,0.3210540966873898,1.1726877040261154,2026-08-21
25240.0,24485.0,34660.0,0.9463713144399526,0.15798150082726448,6.340000152587891,31.538469297646344,20.422541537093018,2.3659320466452023,,16.085325797859905,7.2540288573439415,-7.30994135739641,43.43891500345438,-7.30994135739641,,-0.7898849052186296,6.420000076293945,3,6.840000152587891,7.269999980926514,-0.010929012695192614,غير متاح تاريخيًا؛ لم يتم استبداله بقيم اليوم.,control,6.269999980926514,2,0.15773231295197995,4.420000076293945,4.420000076293945,5.461500072479248,False,2.150940475779861,5.911199998855591,0.6984432123724238,0.12134250478496078,0.17748996529280783,-0.05614746050784706,0.1308407251724777,2026-08-13,6.28000020980835,9.499139798937772,43.43891500345438,73.9130409028511,18.76354139956956,,,55,5,PRTS,1.26182841925327,5.759550051511464,7000.0,-0.4297875442901671,0.277337559429477,0.28588931999183176,0.20196191575302944,1.415560547273841,2026-08-12
26200.0,25185.0,32260.0,3.975531400018694,3.15457104813317,6.539999961853027,29.3005709246152,14.957989442905117,6.116202153874915,,18.467528052835846,10.555141790474497,-4.385967602959184,47.96379748790969,-4.385967602959184,,-0.9463713144399533,6.679999828338623,3,6.840000152587891,7.269999980926514,-0.002879004424973325,غير متاح تاريخيًا؛ لم يتم استبداله بقيم اليوم.,control,6.28000020980835,2,0.0,4.420000076293945,4.420000076293945,5.520500063896179,False,3.44795303254557,5.9155999946594235,0.8146154771105918,0.16211624057694607,0.1746109608678345,-0.01249472029088844,0.11716358058133292,2026-08-14,6.28000020980835,-3.1111116762514435,47.96379748790969,71.42856679458554,13.448116182013003,,,56,5,PRTS,2.1406707538562197,5.693159642868826,32300.0,0.7992780098514343,1.2328244274809161,1.2825094302163986,1.0012399256044637,1.2809211832439944,2026-08-13
27350.0,25635.0,22580.0,6.688415004205968,-6.269110853265836,6.130000114440918,26.199263031466668,11.94762689233524,7.177814828810797,,10.212154768497328,3.6453421951516685,-10.380117285207168,38.68778300069087,-10.380117285207168,,0.0,6.550000190734863,2,6.840000152587891,7.269999980926514,-0.037009219745192445,غير متاح تاريخيًا؛ لم يتم استبداله بقيم اليوم.,control,6.110000133514404,3,0.32626395682111264,4.420000076293945,4.420000076293945,5.562000060081482,False,3.3732925172073935,5.914399995803833,0.5200721343317838,0.15950745611241413,0.13760174112264206,0.021905714989772077,0.07160842995546268,2026-08-17,6.539999961853027,-3.006329937654295,38.68778300069087,70.70707249097342,-3.1473713800954926,,,57,5,PRTS,0.1631358677837154,6.2983058902478355,21600.0,-0.04464116563989329,0.7897623400365631,0.8425980105324752,0.9565987599645704,0.8808269943436707,2026-08-14
28460.0,25310.0,21360.0,0.49341666690194813,-0.815663781425946,6.079999923706055,25.045711424940297,13.028764819066518,4.440789215700114,,8.242831828975916,2.8973722641068456,-11.111114209468143,37.55655698549163,-11.111114209468143,,-1.3050558272844515,6.179999828338623,2,6.840000152587891,7.269999980926514,-0.033800578179565416,غير متاح تاريخيًا؛ لم يتم استبداله بقيم اليوم.,control,5.909999847412109,3,2.302637254597479,4.420000076293945,4.420000076293945,5.6170000553131105,False,3.7591203858562627,5.908799991607666,0.2511027389199505,0.1516571686686179,0.10380116294307665,0.047856005725541245,0.03031466388365711,2026-08-18,6.050000190734863,-3.9494471250108854,37.55655698549163,65.67164285327937,-2.6575364874249203,,,58,4,PRTS,1.6447352942006876,6.338994357958638,22500.0,0.09677202655228356,0.7905832747716093,0.8889766890557093,1.053370786516854,0.8439352034768866,2026-08-17
28260.0,25490.0,19480.0,2.684561181007224,-1.9736823530408287,5.960000038146973,25.045711424940297,13.028764819066518,6.8792000272661245,,5.068311556039751,0.8733336644065837,-12.865498462130487,34.841627494818454,-12.865498462130487,,0.6578941176802688,6.320000171661377,1,6.840000152587891,7.269999980926514,-0.034721382485760816,غير متاح تاريخيًا؛ لم يتم استبداله بقيم اليوم.,control,5.909999847412109,2,0.8389293693764618,4.420000076293945,4.420000076293945,5.67250006198883,False,4.369825157151719,5.9083999919891355,-0.023689523068681773,0.13420573129718605,0.06907978045731583,0.06512595083987022,-0.02791050927976002,2026-08-19,6.119999885559082,-5.99369251254368,34.841627494818454,62.589925836377596,-14.011742216968663,,,59,4,PRTS,3.355709476882439,6.41685049027107,14000.0,-0.3346849548946774,0.4953998584571833,0.5492349941153394,0.7186858316221766,0.7642212632404864,2026-08-18
28390.0,24435.0,22120.0,3.852331416060166,4.530200993261402,6.230000019073486,20.422541537093018,13.028764819066518,4.975929673637496,,8.103417580328042,5.314761388496536,-8.918130407988556,38.4444448682997,-8.918130407988556,,0.5033512211271463,6.300000190734863,1,6.840000152587891,7.269999980926514,-0.008746938966427253,غير متاح تاريخيًا؛ لم يتم استبداله بقيم اليوم.,control,5.989999771118164,3,0.0,4.5,4.420000076293945,5.763000059127807,False,5.520461093973639,5.9155999946594235,0.07443489993037566,0.14054200270348094,0.06033284149088858,0.08020916121259236,-0.018965453408933186,2026-08-20,5.989999771118164,-4.740060314797101,40.950224242918544,66.55629410941805,-7.356746793433047,,,60,4,PRTS,1.123598257577329,6.511999627180923,20200.0,0.19451489170512903,0.7115181401902079,0.826683036627788,0.9132007233273056,0.9052588500102312,2026-08-19
26950.0,24335.0,21640.0,5.1162780382105515,3.5312967819921104,6.449999809265137,15.736046179138441,12.521155111016725,11.162795167754275,,10.341284151376007,8.849733614795795,-5.701759278107598,32.989689403999755,-5.701759278107598,,-1.7656522179395284,6.650000095367432,1,6.840000152587891,7.269999980926514,0.004663461904177824,غير متاح تاريخيًا؛ لم يتم استبداله بقيم اليوم.,control,5.929999828338623,2,2.9457374083567007,4.849999904632568,4.420000076293945,5.845500040054321,False,5.887147403251158,5.925599994659424,0.1690445602986701,0.16145454045642538,0.0649963033950664,0.09645823706135898,0.009797371787807485,2026-08-21,6.119999885559082,5.220223309137806,43.33332909478082,67.10097689513697,-4.327589899448569,,,61,4,PRTS,3.1007797211870214,6.551141638490765,29900.0,0.4684998312013451,1.1094619666048238,1.228682966920074,1.3817005545286507,0.8892541606739265,2026-08-20
22390.0,23365.0,22200.0,2.735559732913214,2.015505709847898,6.579999923706055,15.736046179138441,13.536382595427131,6.534951874230938,,11.327297099063681,10.807987725028557,-3.8011728520717325,34.285710115126975,-3.8011728520717325,,-0.7751893856784764,6.710000038146973,2,6.840000152587891,7.269999980926514,0.006932666214615996,غير متاح تاريخيًا؛ لم يتم استبداله بقيم اليوم.,control,6.28000020980835,1,1.8237064886088097,4.900000095367432,4.420000076293945,5.910500025749206,False,6.265731066220415,5.938199996948242,0.4024077025783779,0.18636944907346198,0.0719289696096824,0.11444047946377958,0.05216371777627593,2026-08-24,6.400000095367432,8.223684313719959,35.67010418744636,67.83439654879169,-2.872675942181729,,,62,6,PRTS,1.9756856527089133,3.8173083351842045,24400.0,-0.2826014554295515,1.0897722197409558,1.0442970254654398,1.0990990990990992,0.9501390969398673,2026-08-21
1544660.0,940175.0,1440720.0,2.3999977111816406,-1.8324590174370714,3.75,74.21383162115558,29.87421470882157,7.999998728434245,,-18.905768620070805,-21.690646712131066,-32.31046884798724,17.92452582631716,-32.31046884798724,,0.523559719267741,3.8499999046325684,3,5.539999961853027,7.070000171661377,0.008810605596191373,غير متاح تاريخيًا؛ لم يتم استبداله بقيم اليوم.,control,3.549999952316284,2,5.333334604899089,3.180000066757202,2.190000057220459,4.62425000667572,False,-4.865503373323099,4.7886999988555905,3.26928464906191,-0.25404966543096474,-0.1572465481829787,-0.09680311724798604,-0.1303492112993201,2026-08-13,3.8399999141693115,2.459013990675496,17.92452582631716,24.28571261747952,-16.18191349774864,,,55,3,TJGC,0.2666664123535156,8.301934665664332,2737200.0,0.273968535072904,1.7720404490308548,2.9113728827080063,1.8998833916375146,1.5323955646555163,2026-08-12
1407210.0,991545.0,1424200.0,1.813469822414596,2.9333305358886674,3.859999895095825,74.21383162115558,25.151520427812525,6.476684113842281,,-15.807843439532332,-19.951890284161323,-30.324911161105373,21.383641951682453,-30.324911161105373,,1.066665649414067,4.019999980926514,3,5.539999961853027,7.070000171661377,0.02166791265831519,غير متاح تاريخيًا؛ لم يتم استبداله بقيم اليوم.,control,3.7699999809265137,1,0.5181342349755989,3.180000066757202,2.299999952316284,4.58474999666214,False,-4.429620665216538,4.822099995613098,3.3344046850449782,-0.26627641165381544,-0.1355786355246635,-0.13069777612915193,-0.07778253565029836,2026-08-14,3.7899999618530273,5.753419020315231,21.383641951682453,22.058824265998965,-14.705889293228914,,,56,3,TJGC,4.145080056452086,8.448480849256905,1031100.0,-1.175897996327867,0.7327264587375019,1.039892289306083,0.7239853953096476,1.436344290980238,2026-08-13
1382600.0,1004520.0,1409500.0,2.7431453176020684,3.886019115611572,4.010000228881836,74.21383162115558,16.997171329010683,3.4912682916388214,,-12.095134267891138,-16.110536788729945,-27.617323890006574,26.100633481150346,-27.617323890006574,,1.0362746465985007,4.039999961853027,3,5.539999961853027,6.960000038146973,0.03145250153533624,غير متاح تاريخيًا؛ لم يتم استبداله بقيم اليوم.,control,3.9000000953674316,1,0.0,3.180000066757202,3.180000066757202,4.5617500185966495,False,-3.887278508228309,4.780099997520447,1.7973890106475876,-0.26085544361581103,-0.10412613398932727,-0.15672930962648376,-0.037306809634399585,2026-08-17,3.9000000953674316,9.863017098857485,26.100633481150346,27.217753797488058,-5.247531885032174,,,57,3,TJGC,0.7481229740367533,8.547137427374452,262000.0,-0.5381038770407579,0.1894980471575293,0.26082108867917014,0.18588151826888968,1.4031577270736273,2026-08-14
1784070.0,1223745.0,2236860.0,1.4962578392737806,0.0,4.010000228881836,74.21383162115558,19.830029840145414,8.22942406160593,,-11.464366163706075,-15.162793826787679,-27.617323890006574,26.100633481150346,-27.617323890006574,,1.4962578392737846,4.230000019073486,3,5.539999961853027,6.960000038146973,0.026601153829009794,غير متاح تاريخيًا؛ لم يتم استبداله بقيم اليوم.,control,3.9000000953674316,0,2.7431453176020684,3.180000066757202,3.180000066757202,4.529250037670136,False,-3.720039383297935,4.726700005531311,0.03809610892955284,-0.2536355348268806,-0.07752498016031747,-0.17611055466656314,0.0004141306040841286,2026-08-18,4.070000171661377,4.973829815691833,26.100633481150346,27.217753797488058,-7.15725222871518,,,58,3,TJGC,3.9900209047300814,8.520187690641603,4390400.0,1.776869838543785,2.4608899875004906,3.5876755369787006,1.9627513568126749,1.8278808085017713,2026-08-17
1780260.0,1267710.0,1860800.0,12.359544662284621,10.972557488007716,4.449999809265137,74.21383162115558,45.070427170208504,33.707866613318046,,-1.695481711851976,-4.851508291374785,-19.675093142479117,39.93709798261149,-19.675093142479117,,-2.7431453176020693,5.150000095367432,2,5.539999961853027,6.760000228881836,0.05042238704515928,غير متاح تاريخيًا؛ لم يتم استبداله بقيم اليوم.,control,3.6500000953674316,0,5.617977768886342,3.180000066757202,3.180000066757202,4.526750028133392,False,-3.1244977405403773,4.676900000572204,-1.6941670925443186,-0.2099887960605109,-0.027102593115158197,-0.1828862029453527,0.05628761559330453,2026-08-19,3.9000000953674316,18.66666158040364,39.93709798261149,38.51468106676462,10.490479280875405,,,59,4,TJGC,15.730344182147087,9.484533223472441,883300.0,-1.488063050707774,0.49616348173862246,0.6967681883080515,0.4746883061049011,1.467843591988704,2026-08-18
1590240.0,1362830.0,1739760.0,1.3698616715036243,-1.5730269174051625,4.380000114440918,61.94968513378469,41.0958893372029,2.7397233430072485,,-2.672072127890901,-5.576991160905786,-20.938625548728538,37.73584976390938,-20.938625548728538,,-0.22471353872549615,4.489999771118164,2,5.539999961853027,6.563000202178955,0.030224659682668825,غير متاح تاريخيًا؛ لم يتم استبداله بقيم اليوم.,control,4.369999885559082,1,0.22831572193035,3.180000066757202,3.180000066757202,4.500250041484833,False,-2.6815151648781343,4.6387000036239625,-3.1323740319392557,-0.17898361973596444,0.0031220665675106285,-0.18210568630347507,0.0818718238798466,2026-08-20,4.440000057220459,13.471508639307462,37.73584976390938,37.2881327165807,13.00242009910118,,,60,4,TJGC,1.1415459495732743,5.682093803589189,2132000.0,0.7507680786838055,1.3406781366334641,1.564391743651079,1.2254563847887066,1.2765788836465297,2026-08-19
1717040.0,1437775.0,2009880.0,5.194800369332063,5.4794466860145,4.619999885559082,56.06061120554333,41.0958893372029,7.5757556991846915,,3.1077355461613942,0.11918696921981997,-16.606499686440834,45.283012219251816,-16.606499686440834,,0.0,4.650000095367432,1,5.539999961853027,6.079999923706055,0.035757014742344384,غير متاح تاريخيًا؛ لم يتم استبداله بقيم اليوم.,control,4.300000190734863,1,1.7316001231106875,3.180000066757202,3.180000066757202,4.480750024318695,False,-2.268389168856766,4.614500002861023,-4.305178095455076,-0.13350683466615632,0.03887908130985501,-0.17238591597601133,0.1201287001607243,2026-08-21,4.380000114440918,15.211960644883572,45.283012219251816,39.54247459555703,17.483650329558067,,,61,4,TJGC,0.6493552067419409,3.9849632259307666,2381700.0,-0.04046026561741267,1.387096398453152,1.6565178835353236,1.1849961191712939,1.3979099650501643,2026-08-20
1825670.0,1492780.0,2241840.0,0.8583683082144515,0.8658000615553441,4.659999847412109,45.892355158854656,41.0958893372029,4.291841541072258,,4.619180175003179,1.381482572506476,-15.88447870939288,46.54087262847555,-15.88447870939288,,0.0,4.699999809265137,2,5.539999961853027,5.989999771118164,0.02449801203374724,غير متاح تاريخيًا؛ لم يتم استبداله بقيم اليوم.,control,4.5,1,2.5751049246433544,3.180000066757202,3.180000066757202,4.454250013828277,False,-2.356551856856093,4.596500000953674,-3.840923760214432,-0.09316454929650853,0.06337709334360225,-0.15654164264011078,0.11682424676400238,2026-08-24,4.619999885559082,16.209465871066087,46.54087262847555,39.54247459555703,12.324720798068974,,,62,4,TJGC,0.8583683082144515,3.914932991971449,1421800.0,-0.5507849355007376,0.7787825839280922,0.9524511314460269,0.6342111836705563,1.5017886091721486,2026-08-21
432700.0,258880.0,849180.0,1.089917194045954,-3.166223925248035,3.6700000762939453,188.76810933806968,165.66665967305502,11.989102127343324,,9.55224108340136,-7.163814653266199,-53.95231903505866,32.97101771648732,-53.95231903505866,,-4.2216319003307134,4.0,4,7.96999979019165,7.96999979019165,0.006321934077582608,غير متاح تاريخيًا؛ لم يتم استبداله بقيم اليوم.,control,3.559999942779541,1,1.9073615859993336,2.759999990463257,2.759999990463257,3.35,False,2.321319084500195,3.9531999969482423,-0.8999525272635256,-0.0940664052728426,0.11423166224865458,-0.20829806752149718,0.113310221385714,2026-08-13,3.630000114440918,20.32787323510643,32.97101771648732,50.69444375457589,17.710146051420487,,,55,7,VSA,8.991823347298036,10.066017855875085,94100.0,-0.15926249066731663,0.21747168939218858,0.3634888751545117,0.11081278409760004,3.2802070457354757,2026-08-12
433890.0,230910.0,851400.0,4.05405657930559,0.8174378955344563,3.700000047683716,175.6831442684743,163.9072794876811,9.135136615455002,,10.645934250972022,-5.962485340084145,-53.575907840836415,34.05797320537973,-53.575907840836415,,-3.2697580785567726,3.888000011444092,3,7.96999979019165,7.96999979019165,0.0017877951193515096,غير متاح تاريخيًا؛ لم يتم استبداله بقيم اليوم.,control,3.549999952316284,2,0.0,2.759999990463257,2.759999990463257,3.344000005722046,False,2.7184763896436204,3.934599995613098,-0.9091597473470436,-0.06327374581148959,0.11601945736800609,-0.17929320317949568,0.12053446909948029,2026-08-14,3.549999952316284,-2.6315764707210976,34.05797320537973,54.779411539126016,21.795117953283736,,,56,7,VSA,5.081080036149411,9.979516397628615,25000.0,-0.08144938264117532,0.05761829035008873,0.10826729028625871,0.02936340145642471,3.6871508379888267,2026-08-13
434530.0,230005.0,223240.0,5.271083007081678,-10.270273230909998,3.319999933242798,172.47862974767813,24.999998137354872,5.873499264528938,,-0.1503779475850342,-14.406519015517983,-58.34378895055199,20.289853069367105,-58.34378895055199,,-5.540544850883677,3.515000104904175,2,7.96999979019165,7.96999979019165,-0.027577513967567274,غير متاح تاريخيًا؛ لم يتم استبداله بقيم اليوم.,control,3.319999933242798,2,0.0,2.759999990463257,2.759999990463257,3.325,False,1.387406380995726,3.878799991607666,-2.407850325436345,-0.06874077392894717,0.08844194340043882,-0.157182717329386,0.060205480983641646,2026-08-17,3.494999885559082,-1.1904750923180218,20.289853069367105,51.20274795838736,-8.280011193853781,,,57,7,VSA,0.6024162574472594,10.807629197329456,30400.0,0.10681291103237658,0.069960647135986,0.13217103976000522,0.1361763124888013,0.9705875959218278,2026-08-14
434130.0,229725.0,79740.0,0.9036136142469179,0.0,3.319999933242798,172.47862974767813,26.98412313963503,6.626499837810732,,-0.0902819338798877,-13.002464797789127,-58.34378895055199,20.289853069367105,-58.34378895055199,,-0.9036136142469231,3.369999885559082,1,7.96999979019165,7.96999979019165,-0.02048831947572341,غير متاح تاريخيًا؛ لم يتم استبداله بقيم اليوم.,control,3.1500000953674316,3,4.216863533152283,2.759999990463257,2.759999990463257,3.3230000019073485,False,1.0798479667634586,3.8161999940872193,-3.80863574965975,-0.07224068742349177,0.0679536239247154,-0.14019431134820717,0.021825717849350834,2026-08-18,3.2899999618530273,-12.40105628867697,20.289853069367105,55.185184563792475,5.0033665711328155,,,58,7,VSA,1.50602269041153,10.815722493521672,24600.0,0.1723263210702657,0.05666505424642388,0.10708455762324519,0.308502633559067,0.34711067580803134,2026-08-17
433780.0,228960.0,35940.0,0.30120453808230596,0.0,3.319999933242798,165.66665967305502,26.98412313963503,4.518075252517237,,-0.045162429431122586,-11.5845554813648,-58.34378895055199,20.289853069367105,-58.34378895055199,,-0.3012045380823114,3.380000114440918,1,7.96999979019165,7.96999979019165,-0.015125798201024637,غير متاح تاريخيًا؛ لم يتم استبداله بقيم اليوم.,control,3.2300000190734863,3,2.4096363046584477,2.759999990463257,2.759999990463257,3.32150000333786,False,-0.21030474181461534,3.754999990463257,-5.30589623179285,-0.0741595291935937,0.05282782572369077,-0.12698735491728447,-0.010885783382104108,2026-08-19,3.309999942779541,-9.53678844073993,20.289853069367105,56.653990292828766,5.063885893298568,,,59,7,VSA,1.8072344097764832,10.794953102504147,5600.0,-0.15268738592411985,0.012909769929457329,0.02445842068483578,0.15581524763494714,0.1569706498951782,2026-08-18
435640.0,226620.0,22100.0,2.6548716755993924,2.108438947858793,3.390000104904175,165.66665967305502,23.42856805502973,7.3746310402272615,,2.5408378266118525,-9.227223561123344,-57.46549317258316,22.826091181803765,-57.46549317258316,,-0.6024090761646117,3.490000009536743,2,7.96999979019165,7.96999979019165,-0.0066249122979801095,غير متاح تاريخيًا؛ لم يتم استبداله بقيم اليوم.,control,3.240000009536743,2,1.769909761735451,2.759999990463257,2.759999990463257,3.3060000061988832,False,-1.3134326507796112,3.734599995613098,-5.529697498327868,-0.06923371313514615,0.04620291342571066,-0.1154366265608568,-0.0004929392061989724,2026-08-20,3.299999952316284,-8.378376723903235,22.826091181803765,58.86792395114057,8.173480196564675,,,60,7,VSA,2.949849602892418,10.66781367114027,24900.0,0.9708815849442384,0.05715728583233863,0.10987556261583267,1.1266968325791855,0.09752007766304828,2026-08-19
439250.0,227355.0,27100.0,2.2535190079046843,4.7197593646278735,3.549999952316284,163.9072794876811,18.73015543831249,11.830988223532398,,7.51059825459981,-4.487732498110186,-55.45796680339787,28.62318712256331,-55.45796680339787,,2.3598796823139256,3.740000009536743,3,7.96999979019165,7.96999979019165,0.0046888304115019624,غير متاح تاريخيًا؛ لم يتم استبداله بقيم اليوم.,control,3.319999933242798,1,4.225354855837685,2.759999990463257,2.759999990463257,3.3019999980926515,False,-1.2559810872466048,3.7167999935150147,-5.5355055746688535,-0.05182194676434104,0.05089174383721262,-0.10271369060155366,0.020418740659150725,2026-08-21,3.4700000286102295,6.927711557175686,28.62318712256331,60.21897613325822,5.4395645941322,,,61,7,VSA,5.352114359790027,10.569078350926059,50000.0,0.7183216176053164,0.11383039271485487,0.21992038881924744,1.845018450184502,0.11919685074003211,2026-08-20
123300.0,227270.0,23360.0,2.2285733904157365,-1.408449379940424,3.5,26.98412313963503,18.73015543831249,3.371429443359375,,5.900151438720513,-5.169610659823642,-56.08531879376828,26.811594641075942,-56.08531879376828,,-3.6056344422573328,3.5399999618530273,4,7.96999979019165,7.96999979019165,-0.0019834202792993055,غير متاح تاريخيًا؛ لم يتم استبداله بقيم اليوم.,control,3.421999931335449,1,0.0,2.759999990463257,2.759999990463257,3.3049999952316282,False,-0.6015039028081759,3.6907999897003174,-4.846859913223501,-0.041578286154162036,0.048908323557913316,-0.09048660971207535,0.03258124303943166,2026-08-24,3.421999931335449,5.421688866764152,26.811594641075942,58.844764814722524,7.642016856335161,,,62,7,VSA,1.1428560529436385,6.985313447094162,11700.0,-1.3441622858009403,0.0948905109489051,0.05148061776741321,0.5008561643835616,0.10278523342280108,2026-08-21
104890.0,59465.0,33700.0,0.9677487332666684,3.3333301544189453,3.0999999046325684,130.79999923706055,21.649127145369928,8.38710441549684,,-5.38684790039512,-22.927753221503167,-46.27383163119546,23.99999618530273,-46.27383163119546,,4.333337148030592,3.130000114440918,1,5.769999980926514,14.800000190734863,0.011395462296617365,غير متاح تاريخيًا؛ لم يتم استبداله بقيم اليوم.,control,2.869999885559082,3,7.4193556822301705,2.5,1.909999966621399,3.2764999747276304,False,-8.59892662588827,4.022199993133545,1.1009448921895038,-0.28931193156747215,0.008122308970967718,-0.29743424053843986,0.013265732989113932,2026-08-14,3.130000114440918,-6.626507019093375,23.99999618530273,45.96912221215838,5.779251969977132,,,55,6,CUPR,0.0,8.302287788773421,21300.0,-2.1286160293641974,0.20306988273429308,0.358193895568822,0.6320474777448071,0.5667199192802489,2026-08-13
30430.0,60355.0,36860.0,3.3222559783854946,-2.9032231270335718,3.009999990463257,32.962957435838256,12.631584054765677,7.973422269008239,,-6.767848356713868,-25.232252108925092,-47.8336221765476,20.399999618530273,-47.8336221765476,,0.3225803474481648,3.109999895095825,1,5.769999980926514,14.800000190734863,0.0036847370727075,غير متاح تاريخيًا؛ لم يتم استبداله بقيم اليوم.,control,2.869999885559082,3,4.651166290622744,2.5,1.909999966621399,3.228499972820282,False,-7.816404616924633,4.025799994468689,0.6324207611368093,-0.2826754329838459,0.011807046043675218,-0.2944824790275211,0.02261377690180666,2026-08-17,3.109999895095825,-0.9868411765204144,20.399999618530273,39.01098891501887,-2.7653254813404757,,,56,7,CUPR,0.0,7.91367750458927,33500.0,0.27679679789274036,1.1008872822872167,0.5550492916908293,0.9088442756375474,0.6107199072156408,2026-08-14
30250.0,61245.0,38240.0,4.794515850262685,-2.9900303805469486,2.9200000762939453,34.96239843346449,18.233078174671014,13.698624880055862,,-8.277050583840184,-27.536229911830958,-49.39341272189972,16.800003051757816,-49.39341272189972,,1.6611279891927566,3.059999942779541,1,5.769999980926514,14.800000190734863,-0.0013682667684112304,غير متاح تاريخيًا؛ لم يتم استبداله بقيم اليوم.,control,2.6600000858306885,3,8.904109029793176,2.5,1.909999966621399,3.183499979972839,False,-7.395826494829871,4.029599995613098,0.8585085850124408,-0.2814340049334412,0.010438779275263987,-0.29187278420870516,0.021303966173390254,2026-08-18,3.059999942779541,-2.177548445099464,16.800003051757816,41.92913522560127,3.862671318002242,,,57,5,CUPR,0.0,7.981600901063568,28700.0,-0.1583212630852462,0.9487603305785124,0.46860968242305495,0.7505230125523012,0.6243775002040983,2026-08-17
28500.0,61140.0,37640.0,5.050508212877766,1.7123270893795395,2.9700000286102295,34.96239843346449,17.669173437769036,10.2020192046565,,-5.4290704477102825,-26.492425690630807,-48.52686241892632,18.800001144409183,-48.52686241892632,,-3.424662343778684,3.0199999809265137,2,5.769999980926514,14.800000190734863,0.004447007446260087,غير متاح تاريخيًا؛ لم يتم استبداله بقيم اليوم.,control,2.7170000076293945,3,3.4680109300066477,2.5,1.909999966621399,3.140499985218048,False,-7.15447178539903,4.0403999948501585,0.833541222196299,-0.27326555080680004,0.014885786721524075,-0.2881513375283241,0.016046380760672108,2026-08-19,2.819999933242798,-0.9999990463256836,18.800001144409183,45.14169933017881,0.6972567545849699,,,58,3,CUPR,1.6835000617720857,7.953265471565196,11500.0,-0.44499697642052655,0.40350877192982454,0.18809290153745503,0.3055260361317747,0.6156362446843311,2026-08-18
27150.0,60395.0,20540.0,1.374577288377914,-2.020200074126499,2.9100000858306885,30.451124685832,17.669173437769036,7.903780491052134,,-6.76065064438045,-28.12329970117129,-49.56672278249441,16.40000343322754,-49.56672278249441,,-3.367008151105677,2.940000057220459,1,5.769999980926514,14.800000190734863,0.0008049251405412017,غير متاح تاريخيًا؛ لم يتم استبداله بقيم اليوم.,control,2.7100000381469727,4,5.498276381199344,2.5,1.909999966621399,3.1209999918937683,False,-6.050571932405225,4.0485999965667725,0.8670088251072627,-0.2685379477007426,0.015690711862065276,-0.28422865956280785,0.014137485283103324,2026-08-20,2.869999885559082,-6.1290266015153305,16.40000343322754,56.313132772688306,11.770878867282399,,,59,4,CUPR,1.0309268214748768,3.5356968210588318,7700.0,0.0693522501389166,0.283609576427256,0.12749399784750393,0.3748782862706913,0.34009437867373127,2026-08-19
26480.0,60205.0,19260.0,3.9007140467521935,-3.0927886575027097,2.819999933242798,30.33834194583076,16.91728551672609,6.02837164249353,,-8.929438363977182,-30.49736436763122,-51.126517459884326,12.79999732971191,-51.126517459884326,,0.6872845476499245,2.930000066757202,2,5.769999980926514,14.800000190734863,-0.0034703626060131887,غير متاح تاريخيًا؛ لم يتم استبداله بقيم اليوم.,control,2.759999990463257,4,2.127657595741337,2.5,1.909999966621399,3.0964999914169313,False,-5.4936665557478666,4.05739999294281,0.8751429533428556,-0.2689532229927427,0.012220349256052088,-0.2811735722487948,0.01248078194069846,2026-08-21,2.930000066757202,-6.3122942798154895,12.79999732971191,47.23756465787784,1.268442445719458,,,60,5,CUPR,0.0,3.2140281071813517,14900.0,0.39874580511040947,0.5626888217522659,0.24748775018686156,0.7736240913811008,0.31990698446972843,2026-08-20
25190.0,59800.0,13520.0,2.608697310737942,1.9503570233760925,2.875,20.67668926952404,15.037588121879208,3.1304400900135874,,-6.458434689672998,-29.35597206549032,-50.17331006059469,14.999999999999991,-50.17331006059469,,-0.7092191985804464,2.890000104904175,3,5.769999980926514,14.800000190734863,0.003257614606619219,غير متاح تاريخيًا؛ لم يتم استبداله بقيم اليوم.,control,2.799999952316284,4,0.0,2.5,2.1500000953674316,3.0734999895095827,False,-4.800990695852403,4.069699993133545,1.0904664594657776,-0.2618261174204557,0.015477963862671307,-0.277304081283127,0.011439433386344344,2026-08-24,2.799999952316284,-1.5410984629513846,14.999999999999991,49.59127775091869,10.580288835899822,,,61,6,CUPR,0.5217427792756454,3.4092711395271116,4800.0,-0.4185945055822842,0.1905518062723303,0.0802675585284281,0.35502958579881655,0.22608695652173913,2026-08-21
23310.0,59615.0,8380.0,0.366300014409914,-5.043477597443957,2.7300000190734863,18.233078174671014,11.727706408034999,1.3553091799885593,,-9.886119064507193,-33.024213719816196,-52.68630800523645,9.200000762939453,-52.68630800523645,,-5.391303352687671,2.740000009536743,2,5.769999980926514,14.800000190734863,-0.005495002376823321,غير متاح تاريخيًا؛ لم يتم استبداله بقيم اليوم.,control,2.703000068664551,4,0.6227091511687314,2.5,2.5,3.0294999957084654,False,-4.837442601953079,4.076099991798401,1.153960597476833,-0.2648253794258171,0.009982961485847985,-0.27480834091166506,0.0037125682749254985,2026-08-25,2.7200000286102295,-8.080808324067522,9.200000762939453,43.68420979983254,1.7550745742312657,,,62,7,CUPR,0.366300014409914,2.730307853263392,3000.0,0.002965640931493707,0.1287001287001287,0.05032290530906651,0.35799522673031026,0.14056864882999245,2026-08-24
122000.0,1780015.0,85940.0,2.724797316060828,-5.249566804517203,11.010000228881836,43.240740683507205,28.055552587587695,10.899180602351427,,-30.371540684410903,-44.15957771975169,-68.98591484822019,1.9444447633170325,-68.98591484822019,,-2.6678095438506744,12.0,2,35.5,106.0,0.04778569504455543,غير متاح تاريخيًا؛ لم يتم استبداله بقيم اليوم.,control,10.800000190734863,3,1.907357255053391,10.800000190734863,4.820000171661377,15.812500143051148,False,-8.101588969447004,19.716900014877318,4.708369078911212,-2.677583986934513,-0.302355493299149,-2.375228493635364,-0.027124839150074465,2026-08-14,11.3100004196167,-8.933001737596157,-3.505693460819781,9.5652217179925,1.6212931821925736,,,55,4,SDOT,6.267026031237208,3.3856557120344895,72200.0,-0.16106381946183113,0.5918032786885246,0.040561455942787,0.8401210146613917,0.04828049201832569,2026-08-13
103880.0,584235.0,84500.0,6.47359662435028,6.63033176258585,11.739999771118164,44.85018562716407,29.494377607870568,9.540033282746894,,-22.42889002320473,-40.75703944139879,-66.9295781095263,9.925088348814759,-66.9295781095263,,-0.27248579493039937,11.800000190734863,1,35.5,106.0,0.11404249262744548,غير متاح تاريخيًا؛ لم يتم استبداله بقيم اليوم.,control,10.680000305175781,4,2.5553598203518,10.680000305175781,4.820000171661377,15.134500169754029,False,-9.033808667156073,19.816700010299684,4.217789460187427,-2.6106197444749935,-0.18831300067170353,-2.42230674380329,0.027240888091959903,2026-08-17,10.979999542236328,-6.155079485817849,8.703699664651033,18.518517646388403,16.14563370422077,,,56,4,SDOT,0.5110768380448149,4.190441696029906,79800.0,0.10425768356346043,0.7681940700808625,0.13658887262830882,0.9443786982248521,0.14463358066531448,2026-08-14
120420.0,266720.0,120380.0,13.528858528501239,-9.965929293902443,10.569999694824219,56.262634981045004,26.101017040715725,23.462635454237706,,-26.372251611845588,-46.618050415579205,-57.37731446479254,6.767677799096838,-70.22535297232615,,2.2146527593762677,12.380000114440918,0,24.798999786376953,106.0,0.02876834034639275,غير متاح تاريخيًا؛ لم يتم استبداله بقيم اليوم.,control,9.899999618530273,3,6.338695322971696,9.899999618530273,4.820000171661377,14.356000185012817,False,-12.26011421966402,19.800700006484984,3.1227377864192496,-2.6217375692099285,-0.15954466032531078,-2.4621929088846177,0.028043239444352608,2026-08-18,12.0,-13.85493642637805,-1.0299682322879145,20.297698651060642,13.22698821895078,,,57,4,SDOT,3.5950816027647714,4.858768412419243,318000.0,1.697256124835457,2.6407573492775285,1.1922615476904619,2.641634823060309,0.45133473305338934,2026-08-17
113940.0,218530.0,141140.0,1.8719171184640189,-3.973510770294586,10.149999618530273,43.91259539844683,28.824147312419647,21.08374801724995,,-26.291714035705162,-48.635944604522166,-54.888890584309905,5.6191465259608275,-59.0709314651228,,-5.7710470604454445,11.75,0,22.5,106.0,0.022038952209795237,غير متاح تاريخيًا؛ لم يتم استبداله بقيم اليوم.,control,9.609999656677246,3,3.448279749988866,9.609999656677246,4.820000171661377,13.770500135421752,False,-14.765412117047171,19.760899991989135,1.902856252805707,-2.6340750440290126,-0.13750570811551555,-2.496569335913497,0.04350894290550045,2026-08-19,9.960000038146973,-12.650604832239909,2.5252526225562955,21.06741324712405,13.004582194852915,,,58,2,SDOT,15.763551148797065,4.762864724054862,151200.0,-1.5703580765674652,1.3270142180094786,0.691895849540109,1.0712767464928439,0.6458609801857869,2026-08-18
120040.0,202850.0,155680.0,11.009174412262675,-14.08866409108821,8.720000267028809,62.70588145536535,45.64706016989315,17.087152815258527,,-33.90183671491026,-55.338620955227455,-60.07325912955386,2.58823843563305,-61.24444325764974,,-4.63053528097126,9.989999771118164,0,21.84000015258789,106.0,-0.047476607074725674,غير متاح تاريخيًا؛ لم يتم استبداله بقيم اليوم.,control,8.5,3,2.522938764814625,8.5,4.820000171661377,13.192500114440918,False,-17.41525552753721,19.5246999835968,-0.19220657137444253,-2.7277972299012987,-0.18498231519024122,-2.5428149147110575,-0.11717748542630524,2026-08-20,9.680000305175781,-20.799272608967033,-9.261180243956046,18.028846815140326,9.501711511802782,,,59,2,SDOT,3.5550396381812255,5.920577124896856,157200.0,-0.06151312881555704,1.3095634788403865,0.7749568646783337,1.0097636176772868,0.7674636430860241,2026-08-19
122620.0,193190.0,159300.0,5.5687238198590485,-3.211016950357426,8.4399995803833,68.6585395780084,50.97561466346403,8.412323145100538,,-33.3280706341866,-56.54748324886049,-57.6730222952214,2.9268265451297903,-61.355313546629176,,2.178894203727366,8.90999984741211,0,19.940000534057617,106.0,-0.014746970400920656,غير متاح تاريخيًا؛ لم يتم استبداله بقيم اليوم.,control,8.199999809265137,3,2.843599325241489,8.199999809265137,4.820000171661377,12.659000062942505,False,-19.943083330149136,19.423499975204468,-1.4880637394898089,-2.79247652170001,-0.19972928559116188,-2.592747236108848,-0.17073895249008153,2026-08-21,8.90999984741211,-28.109031133486628,-0.7058872896082313,19.206144934799084,9.640923216806584,,,60,2,SDOT,0.0,5.914467177854736,90300.0,-0.44290862709348267,0.7364214646876529,0.46741549769656815,0.5668549905838042,0.8245768414514208,2026-08-20
2075260.0,1165165.0,4066020.0,37.4810350506417,56.16114882054548,13.180000305175781,142.68292782208812,142.68292782208812,88.77086144429414,,5.931524245151576,-31.08460527129563,-33.901705355201585,60.73171477740485,-33.901705355201585,,-2.369666104367907,19.899999618530273,0,19.940000534057617,106.0,0.32736037822670916,غير متاح تاريخيًا؛ لم يتم استبداله بقيم اليوم.,control,8.199999809265137,3,0.3034898401126696,8.199999809265137,4.820000171661377,12.44200005531311,False,-17.790479264203395,19.12489996910095,-3.4909951749744983,-2.4332083703144143,0.12763109263554728,-2.5608394629499616,0.20086667371459832,2026-08-24,8.239999771118164,24.69253250432537,60.73171477740485,48.657445487700784,30.13892784131238,,,61,2,SDOT,50.98633655353977,19.839401384920258,19613400.0,4.256879275356845,9.451056735059703,16.833152386142736,4.82373426594065,3.4896516802341297,2026-08-21
5086860.0,2655650.0,10053340.0,7.081171849971711,75.72078384791226,23.15999984741211,285.36586727435105,285.36586727435105,44.64594223105437,,81.53315390108354,21.278767767583908,-26.708862127124668,182.4390290990464,16.148441459942386,,63.27769316752425,31.600000381469727,1,31.600000381469727,106.0,0.8587394505211248,غير متاح تاريخيًا؛ لم يتم استبداله بقيم اليوم.,control,21.260000228881836,2,1.122626211549342,8.199999809265137,4.820000171661377,12.758000040054322,False,-11.13123519339847,19.096499967575074,-3.5564401191840456,-1.3278762840041214,0.986370543156672,-2.3142468271607934,1.3999209458971773,2026-08-25,21.520000457763672,128.1773469737893,182.4390290990464,71.55094529848029,51.253246647419644,,,62,2,SDOT,36.44214416953332,30.579651223105046,30254600.0,-1.8143264472455694,5.947598321951066,11.392540432662436,3.0094078186950806,3.785641933236684,2026-08-24
30330.0,75800.0,30680.0,5.1546402521829435,6.593406665384194,1.940000057220459,15.606935141602719,15.606935141602719,9.278353682891009,,4.119148764106928,-3.765065287525604,-8.920190000568617,21.25000176951286,-8.920190000568617,,1.0989000192372256,1.9800000190734863,3,2.130000114440918,5.559999942779541,-0.013186846705492417,غير متاح تاريخيًا؛ لم يتم استبداله بقيم اليوم.,control,1.7999999523162842,1,2.0618597877583125,1.600000023841858,1.600000023841858,1.8632500171661377,False,1.1124686583559251,2.0159000086784364,-25.499833549310424,-0.41254634115524924,0.1992443440293855,-0.6117906851846348,0.10562699082383475,2026-08-17,1.840000033378601,-0.5128200112166748,21.25000176951286,64.36781798191527,6.609193394215033,,,55,8,RPGL,2.0618536429497536,3.448129182984335,55000.0,0.9734032676384794,1.813386086383119,0.7255936675461742,1.7926988265971318,0.40474934036939314,2026-08-14
420880.0,249840.0,811740.0,12.72727656955553,13.402060968790508,2.200000047683716,68.78612971679456,68.78612971679456,45.45454988794869,,16.726357540795654,9.928548371707425,-24.657534582124097,37.50000093132255,3.2863816658137424,,-1.0309329662834377,2.9200000762939453,3,2.9200000762939453,2.930000066757202,0.003460193087233221,غير متاح تاريخيًا؛ لم يتم استبداله بقيم اليوم.,control,1.9199999570846558,1,0.0,1.600000023841858,1.600000023841858,1.8847500205039978,False,2.529580586215552,2.0013000082969667,-21.545336954885563,-0.3584100137888613,0.20270453711661873,-0.56111455090548,0.1187548413577253,2026-08-18,1.9199999570846558,11.675127702193166,37.50000093132255,66.30435247389738,3.6875231719369737,,,56,7,RPGL,32.72727331839316,5.310621215291808,3922500.0,3.039513458124577,9.31975860102642,15.700048030739673,4.832212284721709,3.2490393852065322,2026-08-17
426160.0,249275.0,825760.0,0.9132411143357496,-0.4545450112051319,2.190000057220459,68.78612971679456,68.78612971679456,8.173511239312806,,14.644681451486917,9.582188901791412,-25.0,35.940418144172504,-25.0,,0.4545450112051208,2.259999990463257,3,2.9200000762939453,2.930000066757202,-0.003979926573316361,غير متاح تاريخيًا؛ لم يتم استبداله بقيم اليوم.,control,2.0810000896453857,2,4.977167339137682,1.6109999418258667,1.600000023841858,1.9102500259876252,False,3.832043594333312,1.9985000109672546,-16.454161669778667,-0.31270878772635213,0.19872461054330237,-0.5114333982696545,0.13646179273075099,2026-08-19,2.2100000381469727,12.886597558053081,36.87500153668222,64.04494592719391,1.780792013113242,,,57,8,RPGL,2.283102785839374,5.21737726932264,87200.0,-4.726612594739147,0.2046179838558288,0.3498144619396249,0.10559968998256151,3.3126466753585397,2026-08-18
439570.0,255310.0,849140.0,8.713694218587092,10.045663144386063,2.4100000858306885,68.78612971679456,68.78612971679456,16.390040118623627,,23.8915332569293,20.361587736747634,-17.465752641710452,49.59653462800595,-17.465752641710452,,0.45662055716786387,2.4749999046325684,3,2.9200000762939453,2.930000066757202,0.0057905152000167215,غير متاح تاريخيًا؛ لم يتم استبداله بقيم اليوم.,control,2.0799999237060547,1,4.97925807900123,1.6109999418258667,1.600000023841858,1.9452500283718108,False,5.362221710152282,2.0023000121116636,-10.069615868960668,-0.25578949109050564,0.2045151257433191,-0.46030461683382473,0.1567568500647436,2026-08-20,2.200000047683716,32.41758331730231,49.59653462800595,70.09346231704994,12.250318874813047,,,58,8,RPGL,2.6970878210353044,5.800325814133469,159600.0,0.08235518200556764,0.3630821029642605,0.6251224002193412,0.18795487198812916,3.3259175120441817,2026-08-19
442290.0,254655.0,858460.0,5.487804405277464,2.07468674421436,2.4600000381469727,68.78612971679456,62.22223075819626,8.130083113103058,,24.289503535944412,22.4916608315175,-15.753425552330913,46.42857827094158,-15.753425552330913,,-3.5269724116077983,2.5,3,2.9200000762939453,2.930000066757202,0.0002957513848421689,غير متاح تاريخيًا؛ لم يتم استبداله بقيم اليوم.,control,2.299999952316284,1,1.0162640235673854,1.6799999475479126,1.600000023841858,1.979250031709671,False,6.770061574435138,2.0083000111579894,-1.4428029495699768,-0.20429102042362324,0.20481087712816126,-0.4091018975517845,0.15411899336523804,2026-08-21,2.325000047683716,26.804121937581037,52.70019410173725,79.20792616765809,34.763477709431925,,,59,9,RPGL,1.6260146842582102,5.7941125444103205,68000.0,-0.10874326049778599,0.15374528024599246,0.2670279397616383,0.07921161149034317,3.371070664232,2026-08-20
447150.0,247150.0,863620.0,10.43478323967111,-6.504068428844844,2.299999952316284,68.78612971679456,52.08334070630387,15.217387473425397,,15.129516482773276,14.570358090083847,-21.23288040336503,36.904763340814895,-21.23288040336503,,3.252029368516429,2.5399999618530273,2,2.9200000762939453,2.930000066757202,-0.017032281153660123,غير متاح تاريخيًا؛ لم يتم استبداله بقيم اليوم.,control,2.190000057220459,1,4.782604233754287,1.6799999475479126,1.600000023841858,1.9977500319480896,False,7.218570430312754,2.007500011920929,-0.41668717304159664,-0.17437865258365814,0.18777859597450114,-0.3621572485581593,0.138330135142694,2026-08-24,2.5399999618530273,4.545450112051319,36.904763340814895,69.2640668513327,4.896248869417434,,,60,7,RPGL,0.0,6.483476302558596,80800.0,0.014348055955987399,0.18069998881807,0.32692696742868704,0.09355966744633057,3.4943151932025085,2026-08-21
564560.0,302905.0,317380.0,48.21429090941861,-26.95652250531492,1.6799999475479126,102.7777750183036,94.51388937179688,81.01191092426157,,-15.884344709617892,-15.66688724544074,-42.46575672422026,16.666658388244105,-42.46575672422026,,8.260872224328253,2.8010001182556152,1,2.9200000762939453,2.930000066757202,-0.056784401513280514,غير متاح تاريخيًا؛ لم يتم استبداله بقيم اليوم.,control,1.440000057220459,0,14.285708203607486,1.440000057220459,1.440000057220459,1.9972500264644624,True,5.968961652027538,1.992100009918213,-0.45970111130827496,-0.19841450548163353,0.13099419446122063,-0.32940869994285416,0.05737498560887211,2026-08-25,2.490000009536743,-23.28767563229368,0.0,45.97700850181465,-20.32734397208273,,,61,7,RPGL,18.51191181123549,11.214619372125282,1191300.0,3.659984979349309,2.1101388692078786,3.9329162608738715,3.7535446467956395,1.0477872600320233,2026-08-24
728890.0,379730.0,632020.0,10.831235860412109,18.15476644522358,1.9850000143051147,102.7777750183036,94.51388937179688,39.798486456413514,,-0.8243824048365656,-0.020146934220788282,-32.02054923147569,37.847217738076665,-32.02054923147569,,5.357145011222353,2.2899999618530273,2,2.9200000762939453,2.9200000762939453,-0.019990746939685666,غير متاح تاريخيًا؛ لم يتم استبداله بقيم اليوم.,control,1.5,1,13.602014054444833,1.440000057220459,1.440000057220459,2.0015000283718107,True,4.776861727145287,1.9854000115394592,-0.6554915864851574,-0.19065439054093547,0.11100344752153496,-0.30165783806247043,0.013636629882687767,2026-08-26,1.7699999809265137,-17.634857111595625,37.847217738076665,53.34987551947738,-10.695070407716528,,,62,6,RPGL,15.365236541556568,12.73739135098235,1660400.0,-1.1264125940124998,2.277984332340957,4.372580517736286,2.6271320527831397,1.6643931214283834,2026-08-25
173300.0,142170.0,23040.0,1.9801961500356329,-2.5723449004679044,3.0299999713897705,40.72911594469737,20.000006692451567,3.3003269167260547,,-4.26540295427591,-42.32196953191095,-19.628647567124947,28.662418125238286,-19.628647567124947,,-0.6430862251169733,3.0999999046325684,2,3.7699999809265137,22.825000762939453,-0.11497433650518563,غير متاح تاريخيًا؛ لم يتم استبداله بقيم اليوم.,control,3.0,2,0.9900980750178164,2.3550000190734863,2.3550000190734863,3.1649999737739565,False,-3.4913862045927724,5.253299994468689,-45.652331381482,-3.43549466205177,1.5124458157164424,-4.9479404777682126,0.8575861777108047,2026-08-18,3.0899999141693115,-3.194892632424373,28.662418125238286,47.982064937729454,-4.3036501070315865,,,55,6,HKIT,0.3300326916726055,8.037935925595429,10300.0,0.3517908791523482,0.05943450663589152,0.07244847717521277,0.4470486111111111,0.16205950622494197,2026-08-17
321350.0,211590.0,323680.0,1.967211269428867,0.6600653833452208,3.049999952316284,31.501827439096285,10.561408011500317,8.459013148745758,,-3.5420627813503747,-41.04913299192783,-19.098144091589162,29.51167420865786,-19.098144091589162,,2.640261533380839,3.1480000019073486,2,3.7699999809265137,22.825000762939453,-0.10496281464020285,غير متاح تاريخيًا؛ لم يتم استبداله بقيم اليوم.,control,2.890000104904175,1,5.245896718476979,2.3550000190734863,2.3550000190734863,3.1619999766349793,False,-2.7974180447765673,5.173799991607666,-42.50502859006696,-3.188586726422913,1.4074830010762396,-4.596069727499152,0.8002508674588338,2026-08-19,3.109999895095825,-0.326797080073582,29.51167420865786,48.44444609277025,7.788705978677989,,,56,6,HKIT,1.2459051608399119,7.963702389566026,1541800.0,4.316297903965508,4.7978839271822,7.286733777588733,4.763346515076619,1.5297509334089512,2026-08-18
330490.0,198445.0,341480.0,11.191333751412222,-9.180327074337423,2.7699999809265137,31.501827439096285,14.581819014115771,12.635375705508123,,-11.089712576853739,-45.38320512415,-24.31694218668786,17.622078916852768,-26.525199073190453,,0.983605634714424,3.0999999046325684,1,3.6600000858306885,22.825000762939453,-0.1155386970706016,غير متاح تاريخيًا؛ لم يتم استبداله بقيم اليوم.,control,2.75,2,0.7220209770479511,2.3550000190734863,2.3550000190734863,3.115499973297119,False,-2.8985509507937657,5.071699991226196,-12.10072976588762,-2.9811393474921046,1.291944304005638,-4.273083651497743,0.7174924319835898,2026-08-20,3.0799999237060547,-8.580857852087787,17.622078916852768,41.46341321583239,-3.9578330371539536,,,57,5,HKIT,0.7220209770479511,8.573735175700918,114400.0,-4.428334215674019,0.34615268238070745,0.5764821487061906,0.33501229940260047,1.7207790571694928,2026-08-19
299750.0,195680.0,346740.0,8.090615111463775,11.552344239936208,3.0899999141693115,30.40292739586654,14.581819014115771,9.061487998942008,,-0.46706580218063287,-38.16289937367654,-15.573774816784125,31.210186375497017,-15.573774816784125,,2.5270734196678246,3.0899999141693115,1,3.6600000858306885,22.825000762939453,-0.08076473606781898,غير متاح تاريخيًا؛ لم يتم استبداله بقيم اليوم.,control,2.809999942779541,3,0.9708728874782327,2.3550000190734863,2.3550000190734863,3.1044999718666078,False,-2.2974036981862067,4.9969999933242795,-9.482836773589408,-2.759109191575469,1.211179567937819,-3.970288759513288,0.6763854704763013,2026-08-21,2.8399999141693115,-0.6430862251169733,31.210186375497017,51.145037125960364,11.702803514741206,,,58,6,HKIT,0.0,7.002723078644483,44100.0,-0.20782766538287387,0.14712260216847373,0.22536794766966475,0.1271846340197266,1.7719746524938675,2026-08-20
295130.0,193720.0,347760.0,5.714287660559771,1.9417534907683054,3.1500000953674316,24.727275154807348,17.89091283624822,10.857142770641788,,2.1400815924199623,-34.94423598706792,-13.934425642165117,33.75796474968682,-13.934425642165117,,-3.883491549912932,3.242000102996826,2,3.6600000858306885,22.825000762939453,-0.07408837007320734,غير متاح تاريخيًا؛ لم يتم استبداله بقيم اليوم.,control,2.9000000953674316,2,2.2222200356674184,2.3550000190734863,2.3550000190734863,3.083999979496002,False,-2.559241546576374,4.842000002861023,-9.625398821457043,-2.5489247621825233,1.1370911978646117,-3.686015960047135,0.6396619642403896,2026-08-24,2.9700000286102295,3.9604001686713186,33.75796474968682,58.33333498901784,16.536460134536973,,,59,6,HKIT,2.9206350744145992,5.910934829544563,28200.0,-0.046094226842362904,0.09555111306881713,0.14557092711129466,0.0810904071773637,1.7951682841214123,2026-08-21
186640.0,193380.0,350240.0,4.948804697024919,-6.984127680941155,2.930000066757202,24.363639137961645,17.89091283624822,5.9726944822211765,,-4.0602461737418665,-36.595181473371404,-18.38439730338619,24.41613770814044,-19.94535524465165,,-2.3809538226368665,3.0950000286102295,3,3.5899999141693115,16.0,-0.08648053853428017,غير متاح تاريخيًا؛ لم يتم استبداله بقيم اليوم.,control,2.9200000762939453,3,0.34129659506541904,2.3550000190734863,2.3550000190734863,3.0539999842643737,False,-3.507108702349404,4.621099996566772,-12.034340292151091,-2.372752635884221,1.0506106593303315,-3.4233632952145525,0.6083867116078836,2026-08-25,3.075000047683716,-3.934422538857729,24.41613770814044,51.20000350952115,3.2179385717916986,,,60,6,HKIT,0.6825931901308381,5.770494132243255,22700.0,-0.01627770731441258,0.12162451778825546,0.117385458682387,0.06481269986295111,1.8111490329920363,2026-08-24
185800.0,192765.0,47920.0,0.0,2.3890761654579373,3.0,17.89091283624822,17.89091283624822,5.3333282470703125,,-1.5748028262504543,-32.2737944793741,-16.434538392066543,27.388534000108944,-16.434538392066543,,2.3890761654579373,3.0899999141693115,4,3.5899999141693115,13.399999618530273,-0.07360169105383152,غير متاح تاريخيًا؛ لم يتم استبداله بقيم اليوم.,control,2.930000066757202,3,2.3333311080932617,2.3550000190734863,2.3550000190734863,3.04799998998642,False,-3.605312697373231,4.42960000038147,-14.384011605267899,-2.2021020848689274,0.9770089682765,-3.1791110531454274,0.5570071067065414,2026-08-26,3.0,8.303249843220417,27.388534000108944,51.96850208926016,3.5240559964899134,,,61,6,HKIT,2.999997138977051,5.7272277329394345,30200.0,0.5654043285176833,0.16254036598493002,0.15666744481622702,0.6302170283806344,0.24859284621170855,2026-08-25
184480.0,192265.0,27480.0,4.7457581092420975,-1.6666650772094727,2.950000047683716,17.89091283624822,15.373671495166219,4.7457581092420975,,-2.9445616208290337,-30.687717704981164,-17.827294757294865,25.265393791560008,-17.827294757294865,,2.999997138977051,3.0899999141693115,4,3.5899999141693115,11.0,-0.07155607011381715,غير متاح تاريخيًا؛ لم يتم استبداله بقيم اليوم.,control,2.950000047683716,2,0.0,2.3550000190734863,2.3550000190734863,3.0394999980926514,False,-2.4394150491369615,4.256100001335144,-16.081392655362137,-2.047294930442074,0.9054528981626828,-2.952747828604757,0.5016298317404493,2026-08-27,3.0899999141693115,-4.530740141565081,25.265393791560008,38.04877997721183,-3.41463323862056,,,62,6,HKIT,0.0,5.70837204248689,12200.0,-0.18625778529475379,0.06613183000867302,0.06345408680727121,0.44395924308588064,0.14292772995605024,2026-08-26
997340.0,566750.0,1797260.0,2.132702258549983,0.4761914560854619,0.421999990940094,433.5120726972133,302.14477648777313,7.582939794363972,,-74.86674068297054,-82.51661370821677,-83.95437366626113,13.136728022964238,-84.37037098195162,,-1.6666665484034837,0.421999990940094,1,2.630000114440918,5.099999904632568,0.005787871045426329,غير متاح تاريخيًا؛ لم يتم استبداله بقيم اليوم.,control,0.38999998569488525,3,5.450237535813988,0.37299999594688416,0.37299999594688416,1.679050001502037,False,-23.366042509004515,2.413719996213913,-15.364493783680079,-0.5954097308725652,-0.1228178822956264,-0.4725918485769388,-0.12030308683934932,2026-08-18,0.4129999876022339,-59.22705270052817,13.136728022964238,15.082646328622019,-13.962997769039376,,,55,0,SLXN,0.0,19.002056026062192,473700.0,-0.33150485110265476,0.4749634026510518,0.8358182620202911,0.26356787554388345,3.1711689457432732,2026-08-17
966010.0,582160.0,1456340.0,2.631580635991522,-0.9478621776741081,0.4180000126361847,422.78822221794314,31.367296209440187,7.416272053272291,,-73.45104563859915,-82.04991610936999,-84.06404774952577,12.064347768976557,-84.10646408944957,,-3.5544990561420686,0.4180000126361847,1,2.622999906539917,5.099999904632568,0.014119302181401727,غير متاح تاريخيًا؛ لم يتم استبداله بقيم اليوم.,control,0.3869999945163727,3,4.784691417280769,0.37299999594688416,0.37299999594688416,1.5744500026106834,False,-25.654585727100265,2.328679994940758,-16.065455649409188,-0.6084650737197197,-0.10869858011422467,-0.499766493605495,-0.07827630264239915,2026-08-19,0.40700000524520874,-7.929511861586991,12.064347768976557,21.28280103344251,-2.8009695150238088,,,56,2,SLXN,0.0,19.095731802800625,326000.0,-0.039719049033590526,0.33747062659806837,0.5599835096880582,0.22384882651029292,2.501614676377628,2026-08-18
993080.0,596590.0,654180.0,0.968517778204327,-1.1961782016266742,0.4129999876022339,422.78822221794314,30.56300103157583,4.6004828986619986,,-71.8875511010502,-81.53810445233505,-84.25467013656758,10.723858469168945,-84.25467013656758,,-2.153110781289247,0.414000004529953,2,2.622999906539917,5.099999904632568,0.01878505006492065,غير متاح تاريخيًا؛ لم يتم استبداله بقيم اليوم.,control,0.39500001072883606,3,3.3898302638624096,0.37299999594688416,0.37299999594688416,1.4691000029444694,False,-26.963135633111445,2.2370399969816206,-16.649030476000526,-0.6121584061671251,-0.08991353004930402,-0.5222448761178211,-0.04166527482304028,2026-08-20,0.4090000092983246,-10.217395628219661,10.723858469168945,10.861220653298233,-10.009922984149782,,,57,2,SLXN,0.24213485659526135,19.288302369058357,306800.0,0.24513524515194074,0.30893784992145645,0.5142560217234616,0.46898407166223366,1.0965319566201244,2026-08-19
1017880.0,609960.0,484840.0,0.5012541624284875,-3.3898302638624145,0.39899998903274536,422.78822221794314,13.136728022964238,7.268166682078227,,-70.87697602267366,-81.54162202829224,-84.29133877853843,6.970507605464871,-84.78841009342318,,-2.905567766730799,0.4099999964237213,2,2.5399999618530273,3.9800000190734863,0.020355280919687302,غير متاح تاريخيًا؛ لم يتم استبداله بقيم اليوم.,control,0.38100001215934753,3,4.511272523348514,0.37299999594688416,0.37299999594688416,1.370049996674061,False,-27.71901128247659,2.161619995236397,-16.645329653532272,-0.609192687529842,-0.06955824912961672,-0.5396344384002253,-0.013782956657276801,2026-08-21,0.4009999930858612,-4.9999996452104405,6.970507605464871,8.792436917845194,-12.94397923387747,,,58,4,SLXN,2.2556399963012255,19.13464168833872,281000.0,0.11058857085901042,0.2760639761072032,0.46068594661945045,0.5795726425212441,0.7948717948717948,2026-08-20
1032520.0,620775.0,322900.0,1.2690343427143078,-1.253131671444252,0.39399999380111694,394.3699737044439,11.936335915964102,7.36040221335952,,-69.12830600359175,-81.31195776214759,-84.48818898746444,5.630026295556112,-84.48818898746444,,-2.506263342888504,0.4059999883174896,1,2.5399999618530273,3.299999952316284,0.021005310245038045,غير متاح تاريخيًا؛ لم يتم استبداله بقيم اليوم.,control,0.37700000405311584,4,3.0456839353226055,0.37299999594688416,0.37299999594688416,1.276249997317791,False,-28.599401438581918,2.1082999962568283,-15.818852670046724,-0.6003256120059486,-0.04855293888457868,-0.5517726731213699,0.008139461713771112,2026-08-24,0.3889999985694885,-6.635070554528011,5.630026295556112,5.080834317653014,-9.540227322371521,,,59,5,SLXN,3.0456839353226055,18.684662438911495,227000.0,0.12343138349300187,0.2198504629450277,0.3656719423301518,0.7030040260142459,0.5201562562925376,2026-08-21
1039850.0,632400.0,282440.0,2.4456530761868023,-6.598983120539204,0.36800000071525574,316.66665010982155,16.11111000732144,7.880430491306671,,-68.49719632767118,-82.0825177433807,-85.5118107778716,2.222218358958372,-85.5118107778716,,-4.314718278036911,0.3889999985694885,1,2.5399999618530273,3.259999990463257,0.01908209412606754,غير متاح تاريخيًا؛ لم يتم استبداله بقيم اليوم.,control,0.36000001430511475,4,2.1739093463565164,0.36000001430511475,0.36000001430511475,1.1681499987840653,False,-30.42792068496668,2.053859997987747,-14.908937191995397,-0.5886112290695088,-0.02947084475851114,-0.5591403843109977,0.023547177097616334,2026-08-25,0.37700000405311584,-11.961724978330935,-1.3404813099087587,5.152228003527341,-9.930418325094678,,,60,6,SLXN,3.2608680687633522,18.54366049402705,271400.0,0.2579080261030179,0.2609991825744098,0.42915876027830485,0.9609120521172638,0.44661606578115115,2026-08-24
856330.0,641415.0,256320.0,1.3698616715036243,-0.8152149925765517,0.36500000953674316,37.64044972038558,16.29213407897181,4.383562247823369,,-65.69226331344385,-81.7368500176417,-82.45192197476614,2.528090781220982,-85.62992066856326,,-2.1739093463565173,0.3720000088214874,0,2.0799999237060547,3.259999990463257,0.018411321021902904,غير متاح تاريخيًا؛ لم يتم استبداله بقيم اليوم.,control,0.35600000619888306,4,1.095892603210747,0.35600000619888306,0.35600000619888306,1.0638999968767167,False,-32.42719710930137,1.9985599958896636,-14.176271525856121,-0.572964788981758,-0.011059523736608234,-0.5619052652451497,0.03622789854808406,2026-08-26,0.36000001430511475,-11.622271066923172,1.3888875091518038,5.462449149211253,-15.820351884231258,,,61,6,SLXN,1.9178079731089976,17.294325050426522,195400.0,-0.19858371254173324,0.2281830602688216,0.30463896229430243,0.7623283395755306,0.39961647295432756,2026-08-25
447410.0,610825.0,240640.0,5.352119486664635,-2.739731508026866,0.35499998927116394,38.74643115077887,16.80911214044687,6.478873972522929,,-64.55847940990147,-81.80103195542773,-82.33830890768587,1.1395949227712254,-82.93269219747661,,2.4657542747143824,0.37400001287460327,0,2.009999990463257,2.990000009536743,0.016604222952728787,غير متاح تاريخيًا؛ لم يتم استبداله بقيم اليوم.,control,0.35100001096725464,3,1.1267544858582939,0.35100001096725464,0.35100001096725464,1.0016499951481819,False,-31.818801093144966,1.950659995675087,-12.80173808662065,-0.5549743912249991,0.005544699216120552,-0.5605190904411197,0.04535122078094944,2026-08-27,0.37400001287460327,-11.027569165664918,-0.28090362649051404,5.462449048159954,-5.398771605138279,,,62,5,SLXN,0.0,3.124575990341428,228400.0,0.1868072987223417,0.510493730582687,0.37392051733311504,0.9491356382978723,0.3939589898907216,2026-08-26
4765760.0,2572190.0,9190140.0,10.638295096983462,17.500000638621206,3.2899999618530273,631.0344643315004,624.7863122462281,183.28266153402427,,137.11711742363045,79.9879629855774,-61.202828544193586,308.69564380383065,-0.30303001841675004,,5.000003831727229,8.479999542236328,4,8.479999542236328,8.479999542236328,0.06007336674467484,غير متاح تاريخيًا؛ لم يتم استبداله بقيم اليوم.,control,2.450000047683716,0,14.893617483836088,0.8050000071525574,0.7300000190734863,1.3874999821186065,False,13.822805246818447,1.827899992465973,-16.68261974123585,0.10555853511233004,0.2950113398690918,-0.18945280475676177,0.3336931658451432,2026-08-19,2.940000057220459,169.67212169665692,350.6849145057125,86.5967036180933,29.53075320193976,,,55,3,CDTG,157.75074895320472,18.290479293557862,37465900.0,0.6091262454806534,7.861474350365944,14.565759139099367,4.076749646904182,3.572885362278836,2026-08-18
8402620.0,4405685.0,16675000.0,2.9900303805469446,-8.510637526939846,3.009999990463257,624.7863122462281,618.6440609474694,190.365449741799,,102.69360416667377,66.49151009158172,-64.50471517750265,273.9130389712934,-64.50471517750265,,-11.246197259853064,8.329999923706055,4,8.479999542236328,8.479999542236328,0.006046101556490213,غير متاح تاريخيًا؛ لم يتم استبداله بقيم اليوم.,control,2.5999999046325684,1,10.631234972599685,0.8050000071525574,0.7300000190734863,1.4849999845027924,False,24.894869737431158,1.8078999876976014,-12.842886877225935,0.18686899702521576,0.301057441425582,-0.11418844440036627,0.3356454849610755,2026-08-20,2.9200000762939453,88.12499660067266,273.9130389712934,79.0731164776418,22.765013324714246,,,56,3,CDTG,176.74418438865237,18.203586099903433,37484800.0,-1.8287856289131779,4.461084756897254,8.508279643233685,2.2479640179910043,3.7848824870593334,2026-08-19
10554710.0,5483620.0,20796360.0,95.08195899031168,-39.20265618892257,1.8300000429153442,624.7863122462281,514.4927225751902,156.28413709380658,,20.000003752161287,3.1044033527533266,-78.4198096497451,127.32919585782523,-78.4198096497451,,18.604649320724874,4.679999828338623,3,8.479999542236328,8.479999542236328,-0.08625615493673766,غير متاح تاريخيًا؛ لم يتم استبداله بقيم اليوم.,control,1.8200000524520874,2,0.546447553483442,0.8050000071525574,0.7300000190734863,1.524999988079071,False,29.182549983468476,1.7748999881744385,-9.605296893198744,0.15431316371068915,0.21480128648884433,-0.06048812277815519,0.18258083031030692,2026-08-21,3.569999933242798,-12.440185738347576,127.32919585782523,60.280887660108526,-7.714684302089985,,,57,3,CDTG,60.655730550011455,23.666297326657553,21788200.0,-1.2002710563380996,2.0643106253037744,3.9733241909541506,1.0476929616529047,3.7924509721680204,2026-08-20
11042220.0,5716705.0,21543480.0,43.22035019851884,-35.519130061435774,1.1799999475479126,692.5232828543293,692.5232828543293,78.81355838027704,,-23.20208537199533,-32.27343422531308,-86.08490552775756,46.58384311346821,-86.08490552775756,,-7.650272262936864,2.0,2,8.479999542236328,8.479999542236328,-0.10625395413338296,غير متاح تاريخيًا؛ لم يتم استبداله بقيم اليوم.,control,1.0700000524520874,3,9.3220254224934,0.8050000071525574,0.7300000190734863,1.536499986052513,False,28.523630574545656,1.7422999882698058,-6.664167020217016,0.07519604266617153,0.10854733235546138,-0.033351289689289854,-0.030362492446158518,2026-08-24,1.690000057220459,-57.857144012743134,46.58384311346821,52.52798123017228,-21.964516475074994,,,58,3,CDTG,26.27118275926481,26.37130365863368,4986100.0,-0.8162493880055646,0.45154869220138705,0.8721982330730726,0.23144357364734017,3.768513505594569,2026-08-21
11220900.0,5804440.0,20713700.0,2.56411040166298,-0.8474568565903118,1.1699999570846558,723.3009492994777,723.3009492994777,26.495732765774825,,-24.320829884500018,-31.5829503943716,-86.20282994996359,45.34160828434955,-86.20282994996359,,1.6949238156632296,1.340000033378601,1,8.479999542236328,8.479999542236328,-0.07262226918534478,غير متاح تاريخيًا؛ لم يتم استبداله بقيم اليوم.,control,1.0299999713897705,4,11.965811182055925,0.8050000071525574,0.7300000190734863,1.5459999829530715,False,21.397723040759132,1.7100999879837036,-6.331818312129423,0.011555039273355883,0.03592506317011659,-0.024370023896760705,-0.17531395775185987,2026-08-25,1.2000000476837158,-64.43769086168389,45.34160828434955,50.0,-31.398507961702094,,,59,2,CDTG,11.965811182055925,26.222100664543852,1843500.0,-0.14244450539782416,0.16429163436088015,0.31760169801048854,0.08899906824951602,3.5685957646215654,2026-08-24
11596780.0,5997720.0,14003420.0,8.163257362146624,-16.239311536779987,0.9800000190734863,809.871213674022,793.7768336822529,15.0000012164213,,-36.672049829560564,-41.341950891383526,-88.4433953776483,21.73913172248758,-88.4433953776483,,-9.401710969221488,1.0789999961853027,0,8.479999542236328,8.479999542236328,-0.05930465788628639,غير متاح تاريخيًا؛ لم يتم استبداله بقيم اليوم.,control,0.9319999814033508,4,4.897962932237062,0.8050000071525574,0.7300000190734863,1.5474999845027924,False,11.531531851977261,1.670699987411499,-8.600033136517471,-0.053594517291972954,-0.023379594716169797,-0.030214922575803157,-0.2079076810026621,2026-08-26,1.059999942779541,-67.44185972828996,21.73913172248758,44.35146451862487,-42.24523909946843,,,60,2,CDTG,1.9387809220376127,26.897132858416942,3914500.0,0.1905397872586384,0.33755059594128717,0.6526646792447797,0.27953885550815444,2.334790553743756,2026-08-25
14801900.0,7601165.0,12928800.0,1.7391288122742863,17.346934058774565,1.149999976158142,809.871213674022,402.14591434773996,21.739130885479366,,-26.402355918286403,-29.79671662726744,-86.43867879437566,41.97530528064037,-86.43867879437566,,19.38774839931121,1.3799999952316284,1,8.479999542236328,8.479999542236328,-0.024820949861158525,غير متاح تاريخيًا؛ لم يتم استبداله بقيم اليوم.,control,1.1299999952316284,3,1.7391288122742863,0.8100000023841858,0.7300000190734863,1.5625499844551087,False,5.222222273509436,1.6380999875068665,-9.392112470058633,-0.09046560329746356,-0.04820054457732832,-0.04226505872013524,-0.16566164596363508,2026-08-27,1.1699999570846558,-37.158472721886106,42.8571386261122,45.82484735929436,-33.248269118347444,,,61,2,CDTG,18.260873260930794,27.31088281276082,32111700.0,2.204195133725185,2.169430951431911,4.22457610116344,2.4837339892333397,1.7008971651056122,2026-08-26
14846610.0,7680480.0,8896860.0,3.539819647948593,-1.739128812274282,1.1299999952316284,809.871213674022,114.59227895997569,15.221232925774705,,-28.004841710162342,-30.32003424382984,-86.67452763878774,39.50617184019038,-86.67452763878774,,-5.217386436822857,1.2619999647140503,1,8.479999542236328,8.479999542236328,-0.013921567903366183,غير متاح تاريخيًا؛ لم يتم استبداله بقيم اليوم.,control,1.090000033378601,3,0.0,0.8100000023841858,0.7300000190734863,1.569549983739853,False,2.9213112137068453,1.6216999864578248,-8.63147234984133,-0.11991769932100338,-0.062122112480694505,-0.057795586840308874,-0.13147273859435926,2026-08-28,1.090000033378601,-4.237284282951547,39.50617184019038,47.669491118756,-12.611396541352526,,,62,1,CDTG,11.681413277826111,25.466245920745802,1628500.0,-2.3006918822427833,0.10968833962769953,0.21203101889465242,0.18304210699055623,1.158372914192863,2026-08-27
56360.0,50810.0,74380.0,3.130058835475695,-3.9398662146774677,18.530000686645508,41.81817950624409,41.81817950624409,17.916889216398832,,1.601056182536631,26.436315272322485,-20.811961586649996,49.31507586206472,-20.811961586649996,,-0.933127509760201,19.81999969482422,2,23.399999618530273,23.399999618530273,-0.10203810680610248,غير متاح تاريخيًا؛ لم يتم استبداله بقيم اليوم.,control,16.5,3,10.955211070815126,12.40999984741211,10.0,18.238000059127806,True,10.859192941621654,14.655600051879883,4.859620633920292,1.4382902583982862,-0.09447983215487277,1.532770090553159,-0.16792343046463998,2026-08-27,19.110000610351562,2.716184846179326,54.28809603254023,53.72051721365656,-17.595269684314594,,,55,6,ELOX,3.8316193101080107,6.155867233967068,52800.0,0.2672281184313812,0.9368346344925479,1.039165518598701,0.7098682441516536,1.46388506199567,2026-08-26
55080.0,50890.0,70420.0,13.562500476837158,-13.653538008063148,16.0,55.275382165846935,55.275382165846935,20.5625057220459,,-12.915691738888768,8.691221442136342,-31.623930509256393,16.026106194782063,-31.623930509256393,,-1.9427986886747073,18.360000610351562,1,23.399999618530273,23.399999618530273,-0.2344354252316838,غير متاح تاريخيًا؛ لم يتم استبداله بقيم اليوم.,control,15.069999694824219,4,5.812501907348633,13.789999961853027,10.0,18.373000049591063,True,9.666637218043173,14.720600051879883,4.275695998769269,1.1216260188199634,-0.3289152573865566,1.45054127620652,-0.5025775082735713,2026-08-28,18.170000076293945,-23.73689061437173,28.928285227469395,44.146158988436426,-9.981044399469269,,,56,6,ELOX,1.1875033378601074,7.3529830646952465,20500.0,-0.41875776417437444,0.3721859114015977,0.4028296325407742,0.2911104799772792,1.3837689133425035,2026-08-27
115970.0,325095.0,66200.0,2.4291487473160562,-2.3715405009452573,0.49399998784065247,53.19149583753497,17.021279428921552,5.465589206105326,,-27.951580564744383,-75.52225862905688,-60.16129160956958,5.106380658216625,-64.46043216369578,,0.0,0.5170000195503235,2,1.2400000095367432,4.880000114440918,0.00020471245765235624,غير متاح تاريخيًا؛ لم يتم استبداله بقيم اليوم.,control,0.49000000953674316,2,0.809712227199398,0.4699999988079071,0.4699999988079071,0.6856499999761582,False,-18.491440373156397,2.0181600105762483,-17.591813965355996,-0.4067785777698665,0.089126041397875,-0.4959046191677415,0.07264988447579368,2026-08-19,0.5059999823570251,-4.077669599523903,5.106380658216625,22.666665871938136,-4.870850061647687,,,55,8,HODO,2.2267282315898713,5.542718109262239,53500.0,-0.10346821393467687,0.46132620505303096,0.164567280333441,0.8081570996978852,0.20363278426306156,2026-08-18
138040.0,332665.0,125080.0,12.814643810763576,-11.538458057966006,0.43700000643730164,57.42092305693216,33.81994989149344,29.519452221047025,,-33.48553943349963,-77.50784892832824,-64.75806426803479,6.326032175485352,-64.75806426803479,,-0.20242654858512177,0.5400000214576721,1,1.2400000095367432,4.880000114440918,-0.0036603624590758055,غير متاح تاريخيًا؛ لم يتم استبداله بقيم اليوم.,control,0.41100001335144043,2,5.949655080746902,0.41100001335144043,0.41100001335144043,0.6570000007748604,False,-19.52967058293228,1.9429000145196915,-17.641622907651644,-0.38907252049424257,0.0854656789387992,-0.47453819943304176,0.06387084317165426,2026-08-20,0.49300000071525574,-10.816326952635958,-7.021274990277782,29.184551524603066,14.973471154202315,,,56,7,HODO,10.75515332953655,6.254543001516165,370100.0,2.1507492002701354,2.681106925528832,1.1125306239009214,2.9589062999680205,0.375993867704748,2026-08-19
136540.0,327395.0,141560.0,0.21691694907222656,5.491988256112013,0.460999995470047,45.74208215405089,33.81994989149344,14.967463427345978,,-25.651157675193904,-75.35181184686364,-61.900828021787916,12.165445375752881,-62.8225812964087,,5.26315825367123,0.4970000088214874,2,1.2100000381469727,4.880000114440918,-0.0009165989770695271,غير متاح تاريخيًا؛ لم يتم استبداله بقيم اليوم.,control,0.42800000309944153,2,6.941432876280344,0.41100001335144043,0.41100001335144043,0.6200499981641769,False,-21.358361395171055,1.8703200113773346,-17.544571108676045,-0.3688518494808797,0.08454907996172967,-0.45340092944260935,0.06041295109610789,2026-08-21,0.46000000834465027,-13.670409518527283,12.165445375752881,27.312773624233785,7.939548602650461,,,57,7,HODO,7.809113601993407,6.534576631156605,188500.0,-1.6273154550965878,1.3805478248132415,0.5757571129675163,1.3315908448714326,0.4323829013882313,2026-08-20
148600.0,194820.0,186120.0,4.978355257606881,0.2169234137842979,0.4620000123977661,34.79318784192906,33.81994989149344,9.740256640563617,,-22.632502054071992,-74.29849301721923,-53.56783817249165,12.408758488948335,-61.81818199730922,,5.206077889566307,0.5,2,0.9950000047683716,4.880000114440918,-0.0008093204924609632,غير متاح تاريخيًا؛ لم يتم استبداله بقيم اليوم.,control,0.45500001311302185,2,1.5151513196751831,0.41100001335144043,0.41100001335144043,0.5971499979496002,False,-21.183924076183125,1.7975600135326386,-17.534040188936885,-0.34872623010602355,0.0837397594692687,-0.43246598957529225,0.05805234766384293,2026-08-24,0.48500001430511475,-8.695646540203505,12.408758488948335,21.428567373833275,-3.2627926192071186,,,58,6,HODO,3.2467500632815534,6.5188854096773925,253100.0,0.0282845043656188,1.7032301480484522,1.2991479314238785,1.3598753492370514,0.9553433939020635,2026-08-21
210430.0,215155.0,349120.0,1.5521062543311661,-2.380953916837847,0.45100000500679016,33.81994989149344,31.3868622665775,15.077609277548762,,-21.50378447350455,-73.74212552396658,-54.67336654819619,9.73235775083694,-54.67336654819619,,-0.8658025971626682,0.5120000243186951,2,0.9950000047683716,4.880000114440918,-0.001656327867501195,غير متاح تاريخيًا؛ لم يتم استبداله بقيم اليوم.,control,0.4440000057220459,1,1.5521062543311661,0.41100001335144043,0.41100001335144043,0.5745499983429909,False,-20.02922975444539,1.7175800174474716,-17.947909091478497,-0.3298617000730829,0.08208343160176751,-0.4119451316748504,0.05921082042115966,2026-08-25,0.4580000042915344,-8.704450180620782,9.73235775083694,24.523156691616975,5.448823435973097,,,59,4,HODO,11.973396768886428,5.874029714428483,880400.0,1.1618936700113447,4.183814094948439,4.091933722200274,2.521769019248396,1.6226441402709675,2026-08-24
260600.0,228010.0,455000.0,21.502591373648464,-14.41241616279707,0.38600000739097595,44.73684705855781,42.105270587836706,23.056998639053038,,-29.368708281179266,-76.4504909415003,-61.206029593855746,1.5789505880625665,-61.206029593855746,,3.991132256295482,0.4690000116825104,2,0.9950000047683716,4.630000114440918,-0.005733626203867526,غير متاح تاريخيًا؛ لم يتم استبداله بقيم اليوم.,control,0.3799999952316284,2,1.554407265404577,0.3799999952316284,0.3799999952316284,0.5464999973773956,False,-20.29461133283762,1.6391000187397002,-18.782454802893177,-0.31650787492747545,0.07634980539789998,-0.39285768032537544,0.05234397455340423,2026-08-26,0.4690000116825104,-11.67048015905301,-6.082726313462993,21.634613283628397,-1.032052588309739,,,60,3,HODO,0.0,7.207110532966466,582900.0,-1.240670118149495,2.2367613200306984,2.55646682163063,1.2810989010989011,1.995526511995088,2026-08-25
1682380.0,936335.0,3239680.0,46.484368042365865,-33.67875459648698,0.25600001215934753,120.00000476837158,104.80000972747803,51.95311722382067,,-50.59822195789292,-83.62564065151432,-71.55555345099644,2.4000048637390137,-74.27135568517485,,-2.8497427928373398,0.382999986410141,1,0.8999999761581421,4.630000114440918,-0.012310796297206439,غير متاح تاريخيًا؛ لم يتم استبداله بقيم اليوم.,control,0.25,2,2.3437546384227588,0.25,0.25,0.518199996650219,False,-21.126332414146397,1.5634200197458268,-19.53162756384439,-0.3128089189495086,0.06403900910069354,-0.3768479280502021,0.035917311156514975,2026-08-27,0.375,-44.46854345446932,-32.631574902177796,18.21862081950728,-10.965930705095786,,,61,3,HODO,3.1249945430320487,11.975921915900024,14293500.0,3.1309109270322724,8.495999714689903,15.26536976616275,4.412009828131174,3.4599582414413645,2026-08-26
1912430.0,1035960.0,3683300.0,12.547530736051607,2.7343745907274064,0.2630000114440918,147.74774992468872,130.63063861274756,16.3498026474433,,-47.378949091339386,-82.33096791871048,-64.88651442945664,18.468472096703437,-70.77777573208745,,-10.156252637534513,0.26499998569488525,0,0.7490000128746033,4.630000114440918,-0.007190825068658979,غير متاح تاريخيًا؛ لم يتم استبداله بقيم اليوم.,control,0.22200000286102295,3,3.0418254612900713,0.22200000286102295,0.22200000286102295,0.4997999981045723,False,-19.393597357573867,1.4884800153970719,-20.415757392183885,-0.3057876980101589,0.056848184032034565,-0.3626358820421935,0.024074002062923983,2026-08-28,0.23000000417232513,-43.0735921241366,5.200004577636719,20.29288455102234,-7.019889073211445,,,62,2,HODO,0.7604464501016225,12.291395935798393,2406600.0,-3.7586283495657566,1.2583990002248449,2.3230626665122207,0.6533814785654168,3.555446156222248,2026-08-27
606300.0,405225.0,565860.0,0.7317008211950168,-1.6786611602076729,4.099999904632568,97.33839663059263,61.8181748823686,4.634147844876262,,-79.39853827637478,-89.19932797507319,-91.80000019073486,55.893525712037516,-91.80000019073486,,-2.3980792039083765,4.190000057220459,4,50.0,50.0,0.5599382193933966,غير متاح تاريخيًا؛ لم يتم استبداله بقيم اليوم.,control,4.0,2,1.7073212997464737,2.630000114440918,2.630000114440918,19.901499998569488,False,-36.75236763274453,37.96059999942779,-12.446837008466204,-11.476197647080184,-0.543419416164058,-10.932778230916126,1.0673050762378864,2026-08-19,4.070000171661377,28.526640473010502,55.893525712037516,3.8600725104999896,2.7008923336363324,,,55,2,JDZG,2.195125723934772,10.466860123190726,178200.0,-0.7570840394468659,0.2939139040079169,0.43975569128262076,0.3149188845297423,1.396409402183972,2026-08-18
385370.0,427640.0,626200.0,3.5294140086454506,3.6585389964996606,4.25,69.20150629769503,43.54838536011436,7.058828017290901,,-75.87146587745453,-88.52765240658636,-91.5,61.596951143230626,-91.5,,0.0,4.400000095367432,4,50.0,50.0,0.48869007976959544,غير متاح تاريخيًا؛ لم يتم استبداله بقيم اليوم.,control,4.099999904632568,2,0.0,2.630000114440918,2.630000114440918,17.61399999856949,False,-39.52378500332059,37.04559999942779,-12.355446176081752,-11.001189901409205,-0.054729336394462536,-10.946460565014743,1.2744079910069015,2026-08-20,4.099999904632568,24.999996493844524,61.596951143230626,4.149128397307038,2.218547053877657,,,56,2,JDZG,3.5294140086454506,9.185788035695754,448300.0,0.400986576984151,1.1632976100890053,1.0483116640164625,0.7159054615138933,1.4643157796277242,2026-08-19
384960.0,436320.0,610780.0,0.4694830951162475,0.23529950310201553,4.260000228881836,69.20150629769503,32.04747656918341,4.413150048780663,,-72.20590966204311,-88.20950483130854,-91.47999954223633,61.97718796629867,-91.47999954223633,,0.7058872896082313,4.438000202178955,4,50.0,50.0,0.4096054594700007,غير متاح تاريخيًا؛ لم يتم استبداله بقيم اليوم.,control,4.25,2,0.23474714423808365,2.630000114440918,2.630000114440918,15.327000010013581,False,-42.80009700300861,36.13080000400543,-12.001013189826082,-10.502865411170323,0.3548761230755382,-10.85774153424586,1.3974156012622423,2026-08-21,4.28000020980835,10.64935933520228,61.97718796629867,35.19458745523097,32.84284902348324,,,57,2,JDZG,3.7089198094263316,8.89251673925904,173600.0,-0.431678735033,0.45095594347464674,0.39787312064539787,0.2842267264808933,1.3998441510817747,2026-08-20
378800.0,442285.0,301200.0,0.921658074808496,1.8779323804649861,4.340000152587891,69.9619618131415,16.10389353031043,4.60829037404248,,-66.72799642197393,-87.67661580653365,-91.31999969482422,65.01901002808444,-91.31999969482422,,0.9389661902325042,4.46999979019165,4,50.0,50.0,0.34222293908664625,غير متاح تاريخيًا؛ لم يتم استبداله بقيم اليوم.,control,4.269999980926514,1,0.6912490496218264,2.630000114440918,2.630000114440918,13.044000017642976,False,-46.733093687124416,35.21760000705719,-11.502894803328068,-9.986367706543131,0.6970990621621844,-10.683466768705316,1.489829940537053,2026-08-24,4.300000190734863,4.076740364116049,65.01901002808444,56.25000271635723,53.00785498033996,,,58,2,JDZG,2.995383249612158,7.77026342194622,119300.0,0.11185561083650375,0.3149419218585005,0.2697355777383361,0.39608233731739706,0.6810088517584815,2026-08-21
383650.0,451340.0,220100.0,0.46511581486920134,-0.9216580748084957,4.300000190734863,63.272718949751415,12.249994277954102,6.744184860221292,,-60.03345868694052,-87.46487193946975,-91.39999961853027,63.49809899719156,-91.39999961853027,,-0.4608290374042534,4.489999771118164,3,50.0,50.0,0.27280204663711416,غير متاح تاريخيًا؛ لم يتم استبداله بقيم اليوم.,control,4.199999809265137,0,2.325590163581752,2.630000114440918,2.630000114440918,10.759000027179718,False,-51.52839400102807,34.30360001087189,-11.767399006924483,-9.471090382706194,0.9699011087992986,-10.440991491505493,1.530099518703011,2026-08-25,4.320000171661377,4.8780558720578515,63.49809899719156,66.46153868726016,62.596026157876636,,,59,2,JDZG,3.9534788817703386,5.678209422425814,181100.0,0.4267254773123167,0.4720448325296494,0.4012496122656977,0.8228078146297138,0.4876589710639429,2026-08-24
446010.0,486765.0,326160.0,2.4886907605358353,2.7906948892152172,4.420000076293945,67.63636849143289,12.439030262063898,6.7873345148538,,-47.87735778138163,-86.76329637442235,-91.15999984741211,68.06083208987019,-91.15999984741211,,0.2325523628167181,4.610000133514404,3,50.0,50.0,0.22298985774244606,غير متاح تاريخيًا؛ لم يتم استبداله بقيم اليوم.,control,4.309999942779541,0,0.0,2.630000114440918,2.630000114440918,8.480000030994415,False,-57.390146312569634,33.392000012397766,-12.035110053842379,-8.949877783328313,1.1928909665417446,-10.142768749870058,1.5529876278420094,2026-08-26,4.309999942779541,4.000001795151653,68.06083208987019,61.20996477514501,57.34989226464502,,,60,2,JDZG,4.298643754317966,5.499185399561191,708500.0,1.3494389354316059,1.5885294051702876,1.4555278214333405,2.1722467500613196,0.6700563927151706,2026-08-25
436750.0,489465.0,247300.0,6.666665881749571,-8.371037990327757,4.050000190734863,48.70968630112944,13.827158429785902,11.111105878330472,,-34.49251655181688,-87.52809968677714,-91.89999961853027,53.99239598876622,-91.89999961853027,,-2.262441242227664,4.5,2,50.0,50.0,0.14608956547587226,غير متاح تاريخيًا؛ لم يتم استبداله بقيم اليوم.,control,4.050000190734863,1,0.0,2.630000114440918,2.630000114440918,6.182500040531158,False,-64.9000792492718,32.47300001621247,-12.343166214843205,-8.469043084848039,1.338980532017617,-9.808023616865656,1.5173246216950922,2026-08-27,4.320000171661377,-4.929578095400555,53.99239598876622,57.71812477883278,53.56899638152574,,,61,2,JDZG,4.444439996580901,5.962220301090576,54000.0,-1.9538884807527874,0.12364052661705781,0.11032453801599706,0.21835826930853214,0.5052455231732605,2026-08-26
414580.0,490915.0,218380.0,13.44538561534534,-11.851857651517061,3.569999933242798,36.7952608327643,29.13165881566069,13.55742231444339,,-7.536910156624577,-88.6826190019177,-75.4301445364667,35.741436422017195,-92.8600001335144,,0.0,4.053999900817871,1,14.529999732971191,50.0,0.08015992142938799,غير متاح تاريخيًا؛ لم يتم استبداله بقيم اليوم.,control,3.569999933242798,2,0.0,2.630000114440918,2.630000114440918,3.8610000371932984,False,-74.8091600791362,31.54440001487732,-12.693878875141618,-8.034098050056901,1.419140453447005,-9.453238503503906,1.436992332649293,2026-08-28,4.050000190734863,-17.74193991412537,35.741436422017195,55.663427723924,20.46884026869303,,,62,2,JDZG,0.1120366990980498,7.287060218611636,29000.0,-0.08556222571479644,0.06995031115828067,0.05907336300581567,0.1327960435937357,0.44484279355896644,2026-08-27
1315860.0,864060.0,174980.0,1.785712575121809,0.0,1.1200000047683716,45.63107200634795,21.35922667195662,8.571424618059293,,-15.343914724143549,-37.057434674072894,-39.130435627665086,8.73786756102184,-40.425531510154066,,-1.7857125751218117,1.1799999475479126,1,1.840000033378601,2.5399999618530273,-0.0009051171258792068,غير متاح تاريخيًا؛ لم يتم استبداله بقيم اليوم.,control,1.0839999914169312,3,1.428574317572056,1.0299999713897705,1.0299999713897705,1.322999995946884,False,-10.698616167224262,1.779399995803833,-7.17788211855368,-0.25200962594646215,0.03694698587617956,-0.2889566118226417,0.02308697925629799,2026-08-19,1.100000023841858,-7.43801905299355,8.73786756102184,40.67796541678091,18.03645386090166,,,55,8,SBFM,5.357137725365427,4.534635155274063,126200.0,-1.0898355939899296,0.09590685939233658,0.14605467212925027,0.7212252828894731,0.20250908501724418,2026-08-18
1340930.0,888085.0,252380.0,1.7094103307181667,4.464281437804529,1.1699999570846558,45.63107200634795,19.41748089700017,11.965811182055925,,-9.372582485695425,-33.30293231408371,-34.63687251292122,13.592231998413018,-36.41304696411846,,6.250004656612851,1.2300000190734863,2,1.7899999618530273,2.5399999618530273,0.0033211104897496457,غير متاح تاريخيًا؛ لم يتم استبداله بقيم اليوم.,control,1.090000033378601,2,6.837600567558505,1.0299999713897705,1.0299999713897705,1.29099999666214,False,-10.904071696136219,1.754199993610382,-7.351853870106928,-0.23862149136523025,0.04026809636592921,-0.27888958773115946,0.028567170754552507,2026-08-20,1.190000057220459,-2.5000074505802994,13.592231998413018,45.31249505234871,20.822698637482873,,,56,9,SBFM,3.4188002837792526,4.834651646661574,504600.0,1.2781407524540565,0.37630599658446,0.568188855796461,1.9993660353435296,0.2841845093656576,2026-08-19
1329250.0,893460.0,243320.0,0.0,-0.8547000709448138,1.159999966621399,45.63107200634795,19.41748089700017,4.741374925044588,,-8.191533599591317,-33.01767115341303,-34.09091063028525,12.621359110934783,-35.195531209925036,,-0.8547000709448138,1.159999966621399,3,1.7599999904632568,2.5399999618530273,0.0018750946694433002,غير متاح تاريخيًا؛ لم يتم استبداله بقيم اليوم.,control,1.1050000190734863,3,4.741374925044588,1.0299999713897705,1.0299999713897705,1.2634999930858613,False,-10.864197718787484,1.7317999935150146,-7.162002997609429,-0.22621059893694384,0.04214319103537251,-0.26835378997231635,0.034130656352683975,2026-08-21,1.159999966621399,0.8695644061371466,12.621359110934783,49.152543057795505,23.62062546591462,,,57,7,SBFM,0.0,4.287105386711695,136900.0,-1.4367324663808467,0.10299040812488246,0.15322454278870906,0.5626335689626829,0.2723345197322768,2026-08-20
216320.0,897230.0,242200.0,0.862068168189925,0.0,1.159999966621399,21.35922667195662,19.41748089700017,2.5862045045697752,,-6.338314646968268,-32.25090685149957,-31.360951044626027,12.621359110934783,-34.09091063028525,,-0.8620681681899223,1.1699999570846558,4,1.690000057220459,2.5399999618530273,0.0014125875787409092,غير متاح تاريخيًا؛ لم يتم استبداله بقيم اليوم.,control,1.1399999856948853,2,0.862068168189925,1.0299999713897705,1.0299999713897705,1.2384999930858611,False,-10.5776175968336,1.712199990749359,-6.702267034868514,-0.21390906670467458,0.043555778614113416,-0.257464845318788,0.03810055924178757,2026-08-24,1.149999976158142,3.5714251502436234,12.621359110934783,49.152543057795505,21.245565668886435,,,58,8,SBFM,0.862068168189925,2.2690564613692454,98800.0,-0.1547062361798588,0.4567307692307692,0.11011669248687628,0.4079273327828241,0.2699419323919173,2026-08-21
190150.0,897400.0,190080.0,0.862068168189925,0.0,1.159999966621399,21.35922667195662,13.468637344333722,4.3103408409496256,,-4.918034965394169,-31.27962251988462,-26.114654275987714,12.621359110934783,-31.360951044626027,,0.8620681681899223,1.1699999570846558,3,1.5700000524520874,2.450000047683716,0.0009493744895825718,غير متاح تاريخيًا؛ لم يتم استبداله بقيم اليوم.,control,1.1200000047683716,1,3.4482726727597,1.0299999713897705,1.0299999713897705,1.2199999928474425,False,-9.929863660920379,1.6879999923706055,-6.544126028773956,-0.20183340393916804,0.04450515310369599,-0.24633855704286403,0.03678808742606221,2026-08-25,1.1699999570846558,3.5714251502436234,12.621359110934783,33.33333333333333,2.953583823751316,,,59,9,SBFM,0.0,2.273590582154094,83900.0,0.03346576486027353,0.44123060741519854,0.09349231112101627,0.44139309764309764,0.21181190104747047,2026-08-24
175160.0,895745.0,175340.0,0.8771921569070334,-1.7241363363798556,1.1399999856948853,21.35922667195662,12.844034991534503,3.9473647060816504,,-5.433430887175517,-31.58905475867727,-25.0,10.67961333597831,-27.38853836887529,,-0.8620681681899223,1.1660000085830688,3,1.5199999809265137,2.3399999141693115,-0.0007685145858022935,غير متاح تاريخيًا؛ لم يتم استبداله بقيم اليوم.,control,1.121000051498413,2,1.6666609153412215,1.0299999713897705,1.0299999713897705,1.2054999947547913,False,-8.881330427215683,1.6663999915122987,-6.350455465775539,-0.19166775889549692,0.043736638517893694,-0.23540439741339061,0.03454284004144692,2026-08-26,1.149999976158142,-2.5641002128344415,10.67961333597831,28.888873582998315,-11.789091833782592,,,60,10,SBFM,1.4035116338333953,2.2542623100925616,52500.0,-0.14197482457363259,0.29972596483215347,0.058610430423837144,0.29941827306946506,0.19574767372410676,2026-08-25
1099640.0,1360140.0,1946900.0,4.838705025652108,8.771932026025686,1.2400000095367432,29.70296585633463,29.70296585633463,24.193544355565162,,2.8192384262112125,-24.64754403515186,-18.421050980480736,22.77227933120991,-18.421050980480736,,14.035084967467881,1.309999942779541,2,1.5199999809265137,2.299999952316284,0.005753467943517693,غير متاح تاريخيًا؛ لم يتم استبداله بقيم اليوم.,control,1.0099999904632568,1,18.54838849230437,1.0099999904632568,1.0099999904632568,1.205999994277954,False,-6.5840435789273455,1.645599992275238,-6.1908563294217345,-0.17354176433662638,0.04949010646141139,-0.22303187079803777,0.0403673023680482,2026-08-27,1.2999999523162842,6.896555622182587,20.388353784478387,33.33333333333333,-11.97916171901538,,,61,10,SBFM,0.8064508376086847,3.7192526438525473,9362400.0,4.509457375397329,8.514059146629807,6.883409060831974,4.808875648466794,1.4313967679797668,2026-08-26
1183330.0,1349585.0,2123340.0,1.57480167140813,2.4193525128260562,1.2699999809265137,29.70296585633463,29.70296585633463,9.448819415007154,,5.132449416182361,-21.99975501253504,-16.447368627439907,25.74257355626337,-16.447368627439907,,0.8064508376086854,1.2999999523162842,2,1.5199999809265137,2.299999952316284,0.004959676166292115,غير متاح تاريخيًا؛ لم يتم استبداله بقيم اليوم.,control,1.1799999475479126,2,5.51181523648683,1.0099999904632568,1.0099999904632568,1.2079999923706055,False,-4.392560428885117,1.628199989795685,-5.982215273546332,-0.1549696425134084,0.0544497826277035,-0.2094194251411119,0.046863761425759654,2026-08-28,1.25,9.482760126752353,25.74257355626337,55.882348816286516,6.729805758491011,,,62,9,SBFM,2.3622025071121953,3.75098129601184,1019100.0,-4.328924251139941,0.8612136935597001,0.7551210186835212,0.479951397326853,1.5733280971557924,2026-08-27
95270.0,263670.0,76420.0,1.7509664997767491,0.9823126208018618,5.139999866485596,18.70967457454078,17.197450875142973,3.1128375791477807,,11.033102070615852,16.977693922347292,-7.220218377648491,45.60906255367374,-7.220218377648491,,-0.7858538438882068,5.199999809265137,3,5.539999961853027,5.539999961853027,-0.009957409502870995,غير متاح تاريخيًا؛ لم يتم استبداله بقيم اليوم.,control,5.039999961853027,1,0.19455698719061362,3.5299999713897705,3.5299999713897705,4.62924998998642,True,4.2976225875370755,4.393999996185303,0.29673573063881964,0.20483610260884522,0.04771624991200446,0.15711985269684076,0.014937409697913573,2026-08-19,5.050000190734863,6.860705356170094,45.60906255367374,73.06397646960605,8.542523441446377,,,55,6,SCYX,1.1673140921804177,3.4536475594159377,38000.0,-0.5528140655884194,0.39886637976277944,0.1441195433686047,0.49725202826485215,0.2898319869533887,2026-08-18
91330.0,258215.0,80060.0,2.7184439590890395,0.19455698719061942,5.150000095367432,18.70967457454078,14.999995032946467,5.9223266541874215,,9.831522647442625,16.83303296594869,-7.0397088298020165,45.892355158854656,-7.0397088298020165,,2.918289868944912,5.394999980926514,3,5.539999961853027,5.539999961853027,-0.00953671649769014,غير متاح تاريخيًا؛ لم يتم استبداله بقيم اليوم.,control,5.090000152587891,1,1.1650474110381597,3.5299999713897705,3.5299999713897705,4.688999998569488,True,5.6676053176997865,4.408000001907348,0.8557176972332048,0.20484426946473366,0.03817953341431432,0.16666473605041934,0.002356241662545777,2026-08-20,5.289999961853027,0.5859416109161408,45.892355158854656,74.14966460826524,10.215240813560982,,,56,6,SCYX,2.038835284060223,3.1543684274493256,56700.0,0.21096680760824305,0.6208255775758239,0.21958445481478614,0.7082188358730952,0.31005170110179503,2026-08-19
87050.0,257850.0,69540.0,1.1494242373779509,1.3592173500576399,5.21999979019165,18.70967457454078,12.653058642697657,3.409961311331469,,9.848480752984079,17.96076552565875,-5.7761764235525925,47.87534936258151,-5.7761764235525925,,0.19416993901946178,5.28000020980835,3,5.539999961853027,5.539999961853027,-0.005031096967561294,غير متاح تاريخيًا؛ لم يتم استبداله بقيم اليوم.,control,5.1020002365112305,2,1.1111037017637402,3.5299999713897705,3.5299999713897705,4.751999986171723,True,6.320617084572877,4.425199995040893,1.239990646966227,0.20810028160886063,0.03314843644675303,0.1749518451621076,0.005235831975145544,2026-08-21,5.159999847412109,0.772200061362871,47.87534936258151,59.99999498065922,-12.20447491812029,,,57,6,SCYX,1.1494333721897778,3.1751316354401977,24600.0,-0.3544656003252091,0.28259620907524413,0.0954043048283886,0.3537532355478861,0.2696916812100058,2026-08-20
81110.0,255065.0,56320.0,3.725491387713028,-2.298848474755899,5.099999904632568,18.70967457454078,12.653058642697657,6.980391240220747,,5.7981521692033855,14.756309677806168,-7.942239354696445,44.47591914921985,-7.942239354696445,,1.3409995110135187,5.406000137329102,3,5.539999961853027,5.539999961853027,-0.014144204856199494,غير متاح تاريخيًا؛ لم يتم استبداله بقيم اليوم.,control,5.050000190734863,2,0.9803865653465601,3.5299999713897705,3.5299999713897705,4.820499980449677,True,6.76633406412368,4.4441999912261965,1.4379620283726302,0.19870713465029954,0.019004231590553533,0.179702903059746,-0.0061289679585456724,2026-08-24,5.289999961853027,0.196458776913655,44.47591914921985,50.83798183222781,-25.729673453217075,,,58,5,SCYX,2.2745132871611595,3.2489138048505004,35200.0,0.2712467644521139,0.4339785476513377,0.13800403818634466,0.625,0.22080646109815144,2026-08-21
88360.0,256070.0,55680.0,2.091257200150122,3.137261318454776,5.260000228881836,18.70967457454078,8.120002746582022,6.273762535105548,,7.237517512646674,17.818349896495533,-5.05414683933566,49.008506275170305,-5.05414683933566,,0.9803959150949337,5.329999923706055,2,5.539999961853027,5.539999961853027,-0.00128901696933853,غير متاح تاريخيًا؛ لم يتم استبداله بقيم اليوم.,control,5.0,2,2.8517127155965634,3.5299999713897705,3.5299999713897705,4.904999995231629,True,7.218973464894263,4.464499998092651,1.8037122835089514,0.2018469213362648,0.017715214621215003,0.1841317067150498,-0.0029973481284688575,2026-08-25,5.150000095367432,2.3346374613485876,49.008506275170305,45.679014889392874,-28.177199047842876,,,59,1,SCYX,1.3307926193588626,3.367619728274439,123900.0,1.6002155172413794,1.4022181982797646,0.4838520716991448,2.2252155172413794,0.217440543601359,2026-08-24
74700.0,260935.0,72980.0,2.697492580772217,-1.3308016847036863,5.190000057220459,17.409769957963416,10.600004196167001,7.5144573992860675,,4.1541253294559155,15.752616333500068,-6.317687852754061,46.61017268779099,-6.317687852754061,,1.330792619358867,5.53000020980835,2,5.539999961853027,5.539999961853027,-0.007882532732157999,غير متاح تاريخيًا؛ لم يتم استبداله بقيم اليوم.,control,5.139999866485596,2,0.9633948012255175,3.5399999618530273,3.5299999713897705,4.982999992370606,True,7.641626681414615,4.483699998855591,2.0414201808867105,0.19642255907637107,0.009832681889057004,0.18658987718731407,-0.011677722532489554,2026-08-26,5.329999923706055,0.7766982740254447,47.02549856330853,51.03449046966509,-22.02948599994096,,,60,2,SCYX,3.8535700172883325,2.5918620589180983,124500.0,-0.5192686824921331,1.6666666666666667,0.47713031981144727,1.7059468347492464,0.27968651196658173,2026-08-25
92890.0,269605.0,105720.0,8.289246220539958,9.248555178832763,5.670000076293945,26.874998137354922,21.80000305175782,17.46032159848596,,11.65813468862762,25.57305338841511,-6.896552804115618,59.94358122049866,2.3465724789903275,,0.192673447676861,6.090000152587891,1,6.090000152587891,6.090000152587891,0.023475311317416037,غير متاح تاريخيًا؛ لم يتم استبداله بقيم اليوم.,control,5.099999904632568,1,1.7636667246384026,3.5450000762939453,3.5299999713897705,5.077999997138977,True,8.296011914868062,4.515299997329712,2.434210421414118,0.22822486869540537,0.03330799320647304,0.19491687548893233,0.029517734045105826,2026-08-27,5.199999809265137,8.620695482552376,60.16949540660337,62.4338735134786,-11.715791094786638,,,61,3,SCYX,7.407408653307601,3.6776600560625456,220400.0,0.37880534080883144,2.372698891161589,0.8174922571910759,2.084752175558078,0.3921292260900206,2026-08-26
93880.0,271015.0,118220.0,2.355074545110739,-2.6455042918707594,5.519999980926514,24.28571498081218,21.80000305175782,5.634064279204052,,6.8214801358521315,21.481546432385358,-9.359608495562366,53.33333686546054,-9.359608495562366,,-0.3527333449276804,5.701000213623047,2,6.090000152587891,6.090000152587891,0.0016181346924144524,غير متاح تاريخيًا؛ لم يتم استبداله بقيم اليوم.,control,5.389999866485596,2,2.355074545110739,3.5999999046325684,3.5299999713897705,5.167499995231628,True,8.7436870847855,4.543899993896485,2.6823646160311965,0.2385745353625417,0.034926127898887493,0.2036484074636542,0.03672761402627689,2026-08-28,5.650000095367432,8.235295767602647,55.712266914738564,57.00000691414044,-2.9999880665187746,,,62,4,SCYX,0.9239151889825739,3.498322405021032,87100.0,-1.3479902063481304,0.9277801448657861,0.32138442521631644,0.7367619692099475,0.43621201778499347,2026-08-27
16670.0,24740.0,16000.0,3.805773834755773,4.455103575958352,15.239999771118164,23.268696359533124,18.28255138531436,9.553808070412705,,-6.254326875369287,-3.240553661613854,-23.800001144409176,5.540167686858255,-30.727273767644714,,0.47977857499750254,15.956000328063965,2,20.0,22.684999465942383,-0.0027517643367108435,غير متاح تاريخيًا؛ لم يتم استبداله بقيم اليوم.,control,14.5,3,1.0498677809387533,14.4399995803833,12.510000228881836,16.256750059127807,True,-3.7335856066783246,15.750399932861328,-0.23057245987070374,-0.21905649353286805,-0.18547056438694803,-0.03358592914592002,-0.1786397211227282,2026-08-19,14.65999984741211,-5.693069832802477,5.540167686858255,51.373625114018445,18.45695916481511,,,55,11,SMX,4.698166454718178,4.226058236610259,12000.0,-1.1390356671070012,0.7198560287942412,0.4850444624090542,0.75,0.6467259498787389,2026-08-18
14550.0,21615.0,15760.0,2.3622087648177774,0.0,15.239999771118164,23.268696359533124,18.28255138531436,3.2808399442863956,,-5.451727174662835,-3.290902497692083,-17.577068903357052,5.540167686858255,-23.800001144409176,,2.362208764817786,15.710000038146973,2,18.489999771118164,22.684999465942383,0.008304117390057153,غير متاح تاريخيًا؛ لم يتم استبداله بقيم اليوم.,control,15.210000038146973,4,0.19684864449962072,14.4399995803833,12.510000228881836,16.118750047683715,True,-3.620490818850741,15.75859992980957,-0.029181955033252827,-0.25504398789203364,-0.17716644699689088,-0.07787754089514275,-0.21645471425946994,2026-08-20,15.600000381469727,-6.215386023888225,5.540167686858255,40.30354503079419,-0.2663356266174759,,,56,12,SMX,0.7217825349689975,4.213373948172539,10000.0,-0.11548223350253806,0.6872852233676976,0.4626416840157298,0.6345177664974619,0.7291232940087902,2026-08-19
13440.0,21240.0,15220.0,0.58403733600948,1.1154860816738221,15.40999984741211,18.28255138531436,18.213297720685297,3.893578114281994,,-3.758179011352547,-2.4992096058253144,-16.65765257886639,6.717453567980369,-16.65765257886639,,1.7060382728782741,16.0,3,18.489999771118164,22.684999465942383,0.026051220200582426,غير متاح تاريخيًا؛ لم يتم استبداله بقيم اليوم.,control,15.399999618530273,3,0.06489441259478879,14.4399995803833,12.510000228881836,16.011750078201295,True,-3.984708488232669,15.804999923706054,0.6085528097267368,-0.26677157439052834,-0.15111522679630846,-0.11565634759421987,-0.09683448629110813,2026-08-21,15.5,-5.227554548000024,6.717453567980369,45.390067923915744,2.8192363568899097,,,57,13,SMX,3.2446463656777254,4.265073295364763,9800.0,0.009371852425008487,0.7291666666666666,0.4613935969868173,0.6438896189224704,0.716572504708098,2026-08-20
13920.0,20965.0,16400.0,4.028689807643942,8.565864425014214,16.729999542236328,18.28255138531436,17.451520618551598,6.646739642230182,,4.680262321779316,5.338049072772488,-9.026644385570282,15.858725958441067,-9.518660090147756,,4.192082510343131,16.959999084472656,4,18.389999389648438,22.684999465942383,0.10954382362833173,غير متاح تاريخيًا؛ لم يتم استبداله بقيم اليوم.,control,15.847999572753906,2,1.2432766813911402,14.4399995803833,12.510000228881836,15.982000017166138,True,-4.088338105100686,15.8821999168396,1.060093028989284,-0.16762060155419078,-0.04157140316797672,-0.12604919838621406,0.05143589197867726,2026-08-24,16.055999755859375,14.667576197858079,15.858725958441067,51.572317896206656,1.4912787652651645,,,58,13,SMX,1.3747731531950997,4.911685447597957,21600.0,0.673183551809237,1.5517241379310345,1.030288576198426,1.3170731707317074,0.7822561411876938,2026-08-21
14420.0,19995.0,13700.0,5.561998720109411,3.1679659363258006,17.260000228881836,21.12188559117605,20.620688076676984,6.894556884572589,,7.65632432921326,8.21859598362571,-3.0337024231686716,19.529090931065518,-6.144639468572621,,-2.5702350086155623,17.489999771118164,4,17.799999237060547,22.684999465942383,0.1058117602057504,غير متاح تاريخيًا؛ لم يتم استبداله بقيم اليوم.,control,16.299999237060547,1,0.0,14.4399995803833,12.72599983215332,16.03250002861023,True,-2.8907161094346323,15.949199924468994,1.5445735176468078,-0.04574875208899698,0.06424035703777367,-0.10998910912677065,0.20929523580303666,2026-08-25,16.299999237060547,13.254596378615723,19.529090931065518,52.90520568879608,10.343221457787273,,,59,12,SMX,1.3325581644631779,4.932143310407876,15100.0,-0.21488338970980947,1.0471567267683772,0.7551887971992999,1.102189781021898,0.6851712928232058,2026-08-24
15420.0,18705.0,14840.0,4.060606522993608,-4.403245763636187,16.5,27.4930774404041,21.038788962784196,14.545452233516809,,2.6502424694993643,3.0181192023807757,-10.374795563513262,14.265931298330536,-7.303366813375356,,-0.5214377253442315,18.40999984741211,3,18.40999984741211,22.684999465942383,0.015454486319154942,غير متاح تاريخيًا؛ لم يتم استبداله بقيم اليوم.,control,16.010000228881836,0,2.9696955825343276,14.4399995803833,12.72599983215332,16.07400002479553,True,-1.1241486377510324,16.016599922180177,1.6901157459719762,-0.010370554930609899,0.07969484335692861,-0.09006539828753851,0.25640101945991844,2026-08-26,17.170000076293945,8.267718161451064,14.265931298330536,46.88796215272345,-4.485662961294992,,,60,11,SMX,7.515150127988873,5.167934320108331,17700.0,0.09053259094575705,1.1478599221789882,0.946271050521251,1.192722371967655,0.793370756482224,2026-08-25
15130.0,17405.0,14500.0,5.665894702996754,3.7575808438387703,17.1200008392334,27.4930774404041,19.545456515856063,7.885515860349555,,5.822726953706869,6.548506411626698,-7.007056050356486,18.55956604383058,-7.007056050356486,,-2.121214433149854,17.5,3,18.40999984741211,22.684999465942383,0.04589695141251948,غير متاح تاريخيًا؛ لم يتم استبداله بقيم اليوم.,control,16.149999618530273,1,0.0,14.4399995803833,12.72599983215332,16.178000068664552,True,0.3675844640903314,16.06779993057251,1.9621032461014876,0.0669243451742716,0.1255917947694481,-0.05866744959517649,0.23454494672846238,2026-08-27,16.149999618530273,11.096697006836509,18.55956604383058,52.14564251585406,11.842097485059867,,,61,10,SMX,2.2196211573528006,5.152132836324795,8300.0,-0.6203085788642067,0.5485789821546596,0.47687446136167766,0.5724137931034483,0.8330939385234128,2026-08-26
15560.0,16775.0,15900.0,0.2993966154271376,-2.453271353418651,16.700000762939453,27.4930774404041,16.16607990741512,6.047905285868146,,3.127802027449089,3.6983732193564878,-9.288425304973757,15.650978173339825,-9.288425304973757,,-2.161219749390886,17.489999771118164,3,18.40999984741211,22.684999465942383,-0.0040849731717457205,غير متاح تاريخيًا؛ لم يتم استبداله بقيم اليوم.,control,16.479999542236328,2,1.317372518876469,14.4399995803833,12.72599983215332,16.193500137329103,True,1.1351042718012794,16.10439994812012,1.8943373986670675,0.09321607740195148,0.12150682159770237,-0.028290744195750898,0.13896482949094846,2026-08-28,16.75,-0.1793112977746425,15.650978173339825,54.85636702077418,9.466299096858435,,,62,10,SMX,4.431136151564539,5.248499912659237,16800.0,0.48418998048145734,1.0796915167095116,1.0014903129657229,1.0566037735849056,0.9478390461997019,2026-08-27
2910.0,3835.0,1160.0,2.6615943040625436,-1.6822369599072684,5.260000228881836,10.431863441212673,3.612159165698192,2.6615943040625436,,0.026627473395546275,-1.3010952593395908,-6.902652387658648,4.1584164399093515,-6.902652387658648,,0.934583021049562,5.400000095367432,2,5.650000095367432,6.199999809265137,-0.0083500637205287,غير متاح تاريخيًا؛ لم يتم استبداله بقيم اليوم.,control,5.260000228881836,1,0.0,5.050000190734863,4.550000190734863,5.2585999965667725,False,0.9366965262850524,5.329340019226074,-1.0229514693038122,-0.0013094004196707587,0.01862353620408271,-0.019932936623753467,0.006582444316300062,2026-08-19,5.400000095367432,-0.7547162342173674,4.1584164399093515,58.24654426997639,7.997782149762088,,,55,12,ZOOZ,0.0,1.8844101967457667,2500.0,1.2788837539992892,0.8591065292096219,0.651890482398957,2.1551724137931036,0.30247718383311606,2026-08-18
2330.0,3995.0,1800.0,2.737228008126767,4.182505334955433,5.480000019073486,10.431863441212673,4.182505334955433,2.919705234584303,,4.022323412021556,2.8057721846138195,-3.0088508570704664,8.51484776431366,-3.0088508570704664,,1.330792619358867,5.480000019073486,2,5.650000095367432,6.199999809265137,0.008011662714580415,غير متاح تاريخيًا؛ لم يتم استبداله بقيم اليوم.,control,5.320000171661377,1,0.18247722645753586,5.050000190734863,4.550000190734863,5.268099999427795,False,1.0899393224646614,5.330440015792846,-0.7148686733744691,0.013361062024575432,0.026635198918663124,-0.01327413689408769,0.015459457225729167,2026-08-20,5.329999923706055,2.5257293579237894,8.51484776431366,61.70384496087538,9.372232854636962,,,56,12,ZOOZ,0.0,2.2807835827222713,3200.0,-0.37739463601532597,1.3733905579399142,0.8010012515644556,1.7777777777777777,0.45056320400500627,2026-08-19
3310.0,4440.0,4060.0,3.5185195160173572,-1.4598526172921567,5.400000095367432,6.463871881294758,6.463871881294758,4.259259537250739,,2.319237779019434,1.1834732896961908,-4.424778686375264,6.930690919075744,-4.424778686375264,,2.0073016994806903,5.599999904632568,2,5.650000095367432,6.199999809265137,-0.0013590966263545522,غير متاح تاريخيًا؛ لم يتم استبداله بقيم اليوم.,control,5.369999885559082,1,0.5555594310838305,5.050000190734863,4.550000190734863,5.2776000022888185,False,1.0444094564330264,5.3368400192260745,-0.2556760885902398,0.018320990971298023,0.02527610229230857,-0.006955111321010548,0.015936211721460758,2026-08-21,5.590000152587891,0.9157216361636911,6.930690919075744,56.91246399910931,1.821082982675712,,,57,11,ZOOZ,0.18518059014955116,2.332160503348025,11900.0,1.1532567049808429,3.595166163141994,2.68018018018018,2.9310344827586206,0.9144144144144144,2026-08-20
6340.0,6035.0,10660.0,2.3495900456636507,4.037035764817198,5.618000030517578,11.21672338550741,11.21672338550741,4.44998217589842,,5.980004367634062,5.032904750264278,-3.9658098785825824,11.247521155044971,-0.5663728196410367,,6.48147960095089,5.849999904632568,3,5.849999904632568,6.199999809265137,0.01179878451172221,غير متاح تاريخيًا؛ لم يتم استبداله بقيم اليوم.,control,5.599999904632568,1,0.32040095740888486,5.050000190734863,4.550000190734863,5.300999999046326,False,1.1428902675061803,5.348800020217896,0.1584170051433853,0.039388497184027926,0.03707488680403078,0.0023136103799971464,0.040697897603698685,2026-08-24,5.75,5.009348236678446,11.247521155044971,71.03705488084003,13.090571643468877,,,58,10,ZOOZ,1.779991172825884,2.3779117878972067,34000.0,0.25845895063725166,5.3627760252365935,5.633802816901408,3.189493433395872,1.7663628831814415,2026-08-21
9270.0,7410.0,16600.0,6.239738997041574,8.401568520939072,6.090000152587891,17.490485920612954,17.490485920612954,9.195401128874751,,13.778610775097944,13.479672825488343,-1.4563054733114367,20.59405787273225,4.102568407997209,,1.6375935765333027,6.179999828338623,4,6.179999828338623,6.199999809265137,0.03555257508986658,غير متاح تاريخيًا؛ لم يتم استبداله بقيم اليوم.,control,5.619999885559082,0,1.477834980835688,5.050000190734863,4.550000190734863,5.352500009536743,False,1.7566211025694223,5.366600027084351,0.6500451060653001,0.09309793774736885,0.07262746189389736,0.02047047585347149,0.07973687572279342,2026-08-25,5.710000038146973,15.779465543530868,20.59405787273225,75.96806507732563,29.435472947927323,,,59,12,ZOOZ,1.47782715099749,3.159624044551632,31400.0,-1.2979271683356313,3.3872707659115426,4.237516869095816,1.891566265060241,2.2402159244264506,2026-08-24
10020.0,7540.0,18880.0,0.7085370129292744,1.9704414212221133,6.210000038146973,18.82128760531665,17.481199216732257,3.7037039880939675,,15.202671625572584,15.346038185411338,-0.6399993896484379,22.97029314058916,0.4854403016450348,,1.2479431015053999,6.25,4,6.25,6.25,0.025947900668706003,غير متاح تاريخيًا؛ لم يتم استبداله بقيم اليوم.,control,6.019999980926514,0,2.351045210151579,5.050000190734863,4.550000190734863,5.390500020980835,True,2.5082726296006053,5.383800029754639,1.0218903341144392,0.1436896790567257,0.09857536256260337,0.04511431649412233,0.12536868808542767,2026-08-26,6.165999889373779,13.321168184902831,22.97029314058916,78.51768426510839,20.271139995131996,,,60,11,ZOOZ,0.6441217650131141,3.1106430536492984,13900.0,-1.155337451500919,1.3872255489021956,1.843501326259947,0.736228813559322,2.503978779840849,2026-08-25
11620.0,8145.0,21440.0,0.9382013813930463,-0.4508836998017518,6.182000160217285,19.77186153229711,17.318441806241424,8.249760848662133,,13.512424249480425,14.582486145412332,-1.873016300715602,22.4158401332198,-1.0879974365234357,,0.4830874844912847,6.300000190734863,3,6.300000190734863,6.300000190734863,0.008897972642612287,غير متاح تاريخيًا؛ لم يتم استبداله بقيم اليوم.,control,5.789999961853027,0,6.3409930152845515,5.050000190734863,4.550000190734863,5.446100020408631,True,3.37882767981188,5.395240030288696,1.2156597636191924,0.1794559855006419,0.10747333520521565,0.07198265029542625,0.14006748831661398,2026-08-27,6.239999771118164,14.481482426652503,22.4158401332198,76.25002412571256,14.546179164837177,,,61,14,ZOOZ,0.9705664519845357,3.140170777511895,16000.0,0.01003984315709594,1.3769363166953528,1.9643953345610805,0.746268656716418,2.6322897483118477,2026-08-26
18160.0,10850.0,32260.0,8.581543055434954,9.705595100008523,6.7820000648498535,29.277564540722434,21.428576902467466,8.846953343150844,,22.73113932324986,25.02580947209696,-0.2647077261782371,34.29702591482386,7.650791420988323,,0.2911622222801613,6.800000190734863,3,6.800000190734863,6.800000190734863,0.03757748716929568,غير متاح تاريخيًا؛ لم يتم استبداله بقيم اليوم.,control,6.199999809265137,0,0.0,5.050000190734863,4.599999904632568,5.525900030136109,True,4.70479058169635,5.424480028152466,1.6421704343893895,0.25329617826356543,0.14505082237451133,0.1082453558890541,0.16019824051619658,2026-08-28,6.199999809265137,20.719117622095105,34.29702591482386,80.81733157606487,23.90486757695556,,,62,15,ZOOZ,0.26541028771588887,4.02965559122314,66000.0,1.2996085906487402,3.6343612334801763,6.082949308755761,2.045877247365158,2.973271889400922,2026-08-27
18930.0,11015.0,27540.0,9.184423449906065,9.229531420621884,6.804999828338623,74.24999475479126,74.24999475479126,14.32769918042166,,26.698934896631222,31.441702073673717,-2.3672879027230254,70.12499570846558,0.0735240803459325,,-0.8025712773962246,6.96999979019165,3,6.96999979019165,6.96999979019165,0.04206584960378318,غير متاح تاريخيًا؛ لم يتم استبداله بقيم اليوم.,control,5.994999885559082,2,2.718588500313115,4.0,4.0,5.371000027656555,True,5.076787176952902,5.177200021743775,1.3348989421256174,0.27708094433444597,0.19218688248691046,0.08489406184753552,0.2592921236365209,2026-08-20,6.179999828338623,26.840635948812654,70.12499570846558,65.68364078885816,37.01585458686834,,,55,3,PRHI,2.424687230202481,12.06864277564373,6200.0,0.15182226197114743,0.32752245113576334,0.5628688152519292,0.2251270878721859,2.5002269632319565,2026-08-19
19400.0,11375.0,13080.0,10.06896578032395,6.539312018910359,7.25,83.24999809265137,40.42146012111117,11.448274809738686,,32.72918625016652,38.84367107375717,-1.0914041546893571,81.25,4.017219773842351,,-4.188094850866286,7.329999923706055,3,7.329999923706055,7.329999923706055,0.04391621402386242,غير متاح تاريخيًا؛ لم يتم استبداله بقيم اليوم.,control,6.5,2,0.27586180588294723,4.0,4.0,5.462250018119812,True,6.533716683529289,5.221700019836426,2.344132615298089,0.3800229324860016,0.23610309651077288,0.14391983597522873,0.25224507105403404,2026-08-21,6.519999980926514,13.63636159801731,81.25,64.1791014236878,14.898530902332126,,,56,3,PRHI,1.103447223531789,11.8918390174648,9800.0,0.5241083861339303,0.5051546391752577,0.8615384615384616,0.7492354740061162,1.14989010989011,2026-08-20
19580.0,11885.0,7700.0,9.615384380257817,7.58620952737743,7.800000190734863,98.74999523162842,37.37687165994614,12.051276376888657,,39.75990262337632,47.816861697051635,-1.886787699736292,95.00000476837158,6.412009166722821,,-2.758618058829476,7.949999809265137,3,7.949999809265137,7.949999809265137,0.04893655529000568,غير متاح تاريخيًا؛ لم يتم استبداله بقيم اليوم.,control,7.010000228881836,1,0.5128200112166769,4.0,4.0,5.581000018119812,True,7.456076871244988,5.2768000221252445,3.18947129834386,0.500219400726202,0.28503965180077856,0.2151797489254234,0.3132510266172668,2026-08-24,7.050000190734863,19.083968909926984,95.00000476837158,69.39129968942567,10.124890600725863,,,57,3,PRHI,1.923071985414163,11.375580961692648,10200.0,0.5754398506692084,0.5209397344228804,0.8582246529238536,1.3246753246753247,0.6478754732856542,2026-08-21
20180.0,12220.0,7580.0,5.793104500606142,-7.051284324174434,7.25,98.74999523162842,37.37687165994614,15.93103737666689,,27.809607434406146,36.22698165395475,-8.805029258608766,81.25,-8.805029258608766,,-1.6666680931025746,7.755000114440918,3,7.949999809265137,7.949999809265137,-0.021331244724659804,غير متاح تاريخيًا؛ لم يتم استبداله بقيم اليوم.,control,6.599999904632568,1,8.96551855679216,4.0,4.0,5.672500014305115,True,7.960222420064023,5.322000026702881,3.724492690256209,0.5448152577705718,0.26370840707611876,0.28110685069445307,0.26773431343612586,2026-08-25,7.670000076293945,16.37239129701007,81.25,67.28498950717241,2.871468377741465,,,58,3,PRHI,1.1724143192685883,11.868340052726568,9300.0,-0.09776239591543012,0.46085232903865214,0.7610474631751227,1.2269129287598945,0.6202945990180033,2026-08-24
20070.0,12210.0,7400.0,4.705877733065725,-6.2068939208984375,6.800000190734863,98.74999523162842,32.610508107186305,4.705877733065725,,18.106819920872464,26.903556145324536,-14.46540435372129,70.00000476837158,-14.46540435372129,,-1.79310502677128,7.119999885559082,3,7.949999809265137,7.949999809265137,-0.058474775439849025,غير متاح تاريخيًا؛ لم يتم استبداله بقيم اليوم.,control,6.800000190734863,2,0.0,4.0,4.0,5.757500028610229,True,8.667956295211866,5.358400030136108,4.064788059094537,0.5376488902397902,0.20523363163626973,0.3324152586035205,0.15762595775378863,2026-08-26,7.119999885559082,-0.07347006215840945,70.00000476837158,64.04494055227374,4.543979418891425,,,59,3,PRHI,0.0,12.356817318697601,1500.0,-1.024210226057192,0.07473841554559044,0.12285012285012285,0.20270270270270271,0.6060606060606061,2026-08-25
17020.0,12240.0,6500.0,10.110582530795545,-6.9117684389067175,6.329999923706055,98.74999523162842,25.791132805859895,10.268556498650241,,8.91259263999553,17.5051028834009,-20.377357539947262,58.24999809265137,-20.377357539947262,,2.499994039535691,6.96999979019165,2,7.949999809265137,7.949999809265137,-0.0804344279995749,غير متاح تاريخيًا؛ لم يتم استبداله بقيم اليوم.,control,6.320000171661377,3,0.15797396785469678,4.0,4.0,5.812000036239624,True,8.21076161445271,5.387000026702881,4.052383606543408,0.48841426314938907,0.12479920363669483,0.36361505951269424,-0.011805137576812896,2026-08-27,6.96999979019165,-12.689656224744073,58.24999809265137,60.730589829276376,-4.95305095958178,,,60,3,PRHI,0.0,12.068472103951429,1700.0,0.05883575883575884,0.099882491186839,0.1388888888888889,0.26153846153846155,0.5310457516339869,2026-08-26
9370.0,12435.0,5660.0,0.37119665733972734,6.398107657025576,6.735000133514404,52.29885304216182,25.791132805859895,4.261324032684337,,14.225144717195647,24.145178801399524,-15.283015155984536,68.37500333786011,-15.283015155984536,,6.793053876121169,6.800000190734863,2,7.949999809265137,7.949999809265137,-0.034425763525799014,غير متاح تاريخيًا؛ لم يتم استبداله بقيم اليوم.,control,6.513000011444092,4,3.29621555559599,4.0,4.0,5.896250033378601,True,7.94544398039434,5.425100030899048,3.8952833423968602,0.47658185965131405,0.09037344011089582,0.38620841954041824,-0.06823339811925777,2026-08-28,6.760000228881836,-13.65384655356171,68.37500333786011,65.54809447247388,1.3689930487860806,,,61,3,PRHI,0.5939118197486194,8.706801196755071,5600.0,0.7278608317477575,0.5976520811099253,0.45034177724165664,0.9893992932862191,0.45516686771210296,2026-08-27
8398400.0,4211630.0,263060.0,3.470712424689986,-11.003855477096302,4.610000133514404,547.7722852326599,45.28736345329205,10.19523326283522,,-2.907506307738239,2.1738003867723066,-82.38440917052054,38.85542850031336,-82.38440917052054,,-7.91505523164483,4.820000171661377,0,26.170000076293945,26.170000076293945,-0.07769908695416494,غير متاح تاريخيًا؛ لم يتم استبداله بقيم اليوم.,control,4.349999904632568,3,5.639918033660151,3.319999933242798,3.25,4.7480499863624575,True,7.12384069819727,4.51191999912262,3.1833729590428295,0.3464130330468649,-0.042093506447609674,0.38850653949447456,-0.17676878026266163,2026-08-20,4.769999980926514,-15.722114984708524,38.85542850031336,51.94195710217334,-6.267084913553909,,,55,7,WYHG,1.0846028044850826,67.20356971417581,131900.0,-0.44693891664422336,0.0157053724518956,0.03131804075856616,0.5014065232266403,0.06246037757352854,2026-08-19
2997560.0,4398170.0,948560.0,23.467603216036963,23.861168606821504,5.710000038146973,214.35643389065842,68.04878114022932,48.861645240171434,,17.75502532101885,25.529820156384233,-78.18112334161066,71.9879564144976,-78.18112334161066,,-5.206078980573903,6.889999866485596,0,26.170000076293945,26.170000076293945,0.020163812894891275,غير متاح تاريخيًا؛ لم يتم استبداله بقيم اليوم.,control,4.099999904632568,2,4.728546044180675,3.319999933242798,3.25,4.849049985408783,True,8.369556754041563,4.548720002174377,3.2739094337691066,0.3610944225535766,-0.0219296935527184,0.383024116106295,-0.12178671504175487,2026-08-21,4.369999885559082,10.231664621084292,71.9879564144976,55.33835337983725,0.25026966374130666,,,56,7,WYHG,20.6654959799538,25.432603385226148,3773600.0,3.476834178468561,1.2588905643256516,0.8579932108126789,3.978240701695201,0.21567151792677408,2026-08-20
2869360.0,4408725.0,962700.0,3.177571576155396,-6.30473084254537,5.349999904632568,209.75610011394085,68.04878114022932,7.850468855714689,,8.38625864670368,17.069880948173854,-79.55674478778907,61.144578680969296,-79.55674478778907,,-3.327496601595792,5.559999942779541,1,26.170000076293945,26.170000076293945,-0.012678447190930864,غير متاح تاريخيًا؛ لم يتم استبداله بقيم اليوم.,control,5.139999866485596,3,3.9252344278573443,3.319999933242798,3.25,4.93604998588562,True,8.638619779461587,4.569920001029968,2.923344417858109,0.3397639401767334,-0.03460814074364926,0.37437208092038265,-0.09487155643619882,2026-08-24,5.519999980926514,0.5639047369019767,61.144578680969296,54.8573469303194,-0.14046800013746008,,,57,7,WYHG,0.7476628517019478,17.54641402182108,219400.0,-3.7503400057359197,0.07646304402375442,0.049764954720469066,0.2279006959592812,0.21836245172924146,2026-08-21
1782940.0,4409185.0,908840.0,1.650486147047503,-3.738314258509734,5.150000095367432,129.7561047660108,68.04878114022932,6.718440996217431,,2.4661533422460913,12.270882192162414,-80.32097791229069,54.19162358416658,-80.32097791229069,,-5.327100046587441,5.205999851226807,1,26.170000076293945,26.170000076293945,-0.02230898854360619,غير متاح تاريخيًا؛ لم يتم استبداله بقيم اليوم.,control,4.860000133514404,3,3.9805809691238223,3.3399999141693115,3.25,5.026049995422364,True,8.552823501527618,4.587120003700257,2.484405412411972,0.30322566931131334,-0.05691712928725545,0.3601427985985688,-0.04318736373555154,2026-08-25,5.065000057220459,-0.5791454433467291,55.12048791932318,54.20935204183601,-0.9110316762246526,,,58,6,WYHG,1.087373880046106,15.046997362344095,66800.0,-0.15440040988032339,0.037466207499971954,0.015150192155693172,0.0735002860789578,0.20612426105958356,2026-08-24
611480.0,4411495.0,851260.0,1.1999988555908203,-2.9126231570822836,5.0,70.73171128835239,68.04878114022932,5.999994277954102,,-2.0385770655260704,8.636138384941262,-80.89415366670464,49.700602649372996,-80.89415366670464,,-1.7475757460441277,5.059999942779541,1,26.170000076293945,26.170000076293945,-0.023855160662261066,غير متاح تاريخيًا؛ لم يتم استبداله بقيم اليوم.,control,4.760000228881836,3,4.799995422363281,3.3399999141693115,3.25,5.1040499925613405,True,8.549462713192192,4.602520003318786,2.280040584395593,0.2591774361616732,-0.08077228994951652,0.33994972611118973,-0.10191698639190339,2026-08-26,5.059999942779541,8.459866706951313,49.700602649372996,54.20660249335121,-0.6151541144327766,,,59,5,WYHG,0.0,10.97319466894131,64600.0,0.0023872218504644716,0.105645319552561,0.014643561876416045,0.07588750792942227,0.1929640632030638,2026-08-25
550860.0,4414275.0,838660.0,3.3138415692310836,2.6000022888183594,5.130000114440918,68.04878114022932,68.04878114022932,5.847956803945572,,-1.166540716296871,10.777126555287865,-80.39740122474083,53.59282174463156,-80.39740122474083,,-0.7999992370605447,5.130000114440918,2,26.170000076293945,26.170000076293945,-0.005520688805429663,غير متاح تاريخيًا؛ لم يتم استبداله بقيم اليوم.,control,4.829999923706055,3,2.534115234714488,3.3399999141693115,3.2850000858306885,5.190549993515015,True,9.319615598477782,4.630920004844666,2.6374582382929335,0.232083502667507,-0.08629297875494618,0.3183764814224532,-0.1076804375092264,2026-08-27,4.960000038146973,-10.157616809653792,53.59282174463156,32.410181158137476,-19.531775944035864,,,60,1,WYHG,0.0,10.694204977631735,68900.0,0.00626735816649264,0.12507715208946013,0.015608452124074735,0.08215486609591491,0.1899881634016911,2026-08-26
524100.0,4416135.0,99640.0,0.6951310520912648,-1.851857015780245,5.034999847412109,68.04878114022932,16.80671587038205,8.540224790608345,,-4.055035138788443,8.283758269680108,-80.76041332543574,50.74850229941876,-80.76041332543574,,-2.5341152347144846,5.400000095367432,2,26.170000076293945,26.170000076293945,-0.007901912963249491,غير متاح تاريخيًا؛ لم يتم استبداله بقيم اليوم.,control,4.96999979019165,2,0.5958333806855848,3.3399999141693115,3.2850000858306885,5.247799980640411,True,8.22326015263819,4.64981999874115,2.2226032052631295,0.2006328667747086,-0.09419489171819567,0.29482775849290427,-0.10259280253660474,2026-08-28,5.0,-5.887851641786012,50.74850229941876,53.75543116286513,-1.582922216972122,,,61,2,WYHG,7.249260357831494,9.446202031385246,78500.0,0.7056813442613713,0.1497805762259111,0.017775724700445073,0.7878362103572862,0.022562716040157287,2026-08-27
3410.0,12260.0,2360.0,0.0,-1.0152274434545583,7.800000190734863,14.4217681160981,8.843538827228393,0.0,,-3.8994613772813103,-13.701538090945409,-17.894734834369864,7.58620952737743,-17.894734834369864,,-1.0152274434545583,7.800000190734863,1,9.5,12.920000076293945,0.006308839339717653,غير متاح تاريخيًا؛ لم يتم استبداله بقيم اليوم.,control,7.800000190734863,2,0.0,7.25,7.25,8.116499972343444,False,-4.02625096525413,9.038400011062622,-1.9164404659509193,-0.30419713509867297,0.007020231051377224,-0.3112173661500502,0.012551965530069431,2026-08-21,7.800000190734863,-2.499997615814209,7.58620952737743,43.097648503406255,8.811937048636558,,,55,13,PW,0.0,2.459909420196237,600.0,-2.2457627118644066,0.17595307917888564,0.048939641109298535,0.2542372881355932,0.19249592169657423,2026-08-20
3270.0,12025.0,2520.0,2.3076961637717965,0.0,7.800000190734863,14.4217681160981,8.843538827228393,2.4358981099275905,,-3.0634412594917726,-12.712621093545874,-17.894734834369864,7.58620952737743,-17.894734834369864,,-2.3076961637717996,7.809999942779541,1,9.5,12.920000076293945,0.006423555484536936,غير متاح تاريخيًا؛ لم يتم استبداله بقيم اليوم.,control,7.619999885559082,2,0.0,7.25,7.25,8.046499991416932,False,-4.185520485955996,8.93600001335144,-2.763873630561031,-0.2944126329801575,0.01344378653591416,-0.3078564195160717,0.03174433237730856,2026-08-24,7.619999885559082,-0.7633580376634641,7.58620952737743,53.33333863152166,17.093559447399123,,,56,14,PW,0.12820194615579394,2.376243146399472,1500.0,0.341000807102502,0.45871559633027525,0.12474012474012475,0.5952380952380952,0.20956340956340958,2026-08-21
3910.0,12830.0,6500.0,4.645477998337948,4.8717962198551845,8.180000305175781,11.564624702876912,11.564624702876912,5.623472139187013,,2.186137539642674,-7.812285515777728,-12.137487255746448,12.827590416217681,-13.894733629728616,,0.0,8.199999809265137,2,9.3100004196167,11.619999885559082,0.03037880239391877,غير متاح تاريخيًا؛ لم يتم استبداله بقيم اليوم.,control,7.739999771118164,2,0.733501434941693,7.25,7.25,8.004999995231628,False,-3.826515224116911,8.873200025558472,-3.0971514956905644,-0.2530781833537805,0.04382258892983293,-0.29690077228361345,0.059182848847454395,2026-08-25,7.800000190734863,6.7885178606021945,12.827590416217681,53.33332935969129,16.388886055829573,,,57,15,PW,0.24449270590737093,2.2745499253974764,21900.0,2.773992673992674,5.601023017902813,1.7069368667186282,3.3692307692307693,0.5066250974279034,2026-08-24
4100.0,12925.0,6700.0,2.7272732902445926,-5.867976503704176,7.699999809265137,11.564624702876912,11.564624702876912,4.935060350865459,,-3.1446561967641506,-12.646914413578013,-17.293238859143333,6.2068939208984375,-17.293238859143333,,-3.300738969322936,7.929999828338623,2,9.3100004196167,11.619999885559082,-0.01118213033258636,غير متاح تاريخيًا؛ لم يتم استبداله بقيم اليوم.,control,7.550000190734863,2,1.9480470421542637,7.25,7.25,7.949999976158142,False,-3.5837728882234465,8.814800024032593,-3.4777272628564893,-0.2561001990370553,0.03264045859724657,-0.28874065763430184,0.04809693606161769,2026-08-26,7.909999847412109,-2.284267799005635,6.2068939208984375,50.59287993733646,16.635655027062157,,,58,16,PW,0.2597400184666031,2.9148414117286783,3200.0,-2.8916188289322617,0.7804878048780488,0.24758220502901354,0.47761194029850745,0.5183752417794971,2026-08-25
4090.0,12885.0,5660.0,2.3529389031985053,-0.6493469498212501,7.650000095367432,11.564624702876912,8.609266253104654,2.3529389031985053,,-3.035679102390776,-12.832432357670253,-16.118418954360937,5.517242694723201,-17.830292689907434,,1.68831321637819,7.829999923706055,2,9.119999885559082,11.619999885559082,-0.009278280906657776,غير متاح تاريخيًا؛ لم يتم استبداله بقيم اليوم.,control,7.650000095367432,2,0.0,7.25,7.25,7.889499998092651,False,-3.663227023644844,8.776200027465821,-3.4563932518469342,-0.25953793552106585,0.023362177690588792,-0.28290011321165465,0.034874697459091664,2026-08-27,7.829999923706055,-1.9230780987109175,5.517242694723201,44.915260401512946,-3.149258406936113,,,59,17,PW,0.0,2.9151132083963285,1100.0,-0.2832656505458573,0.26894865525672373,0.08537058595265813,0.19434628975265017,0.43927046953822274,2026-08-26
5600.0,13480.0,8840.0,4.415580313932253,0.6535910231946662,7.699999809265137,13.10344564503636,13.10344564503636,10.90909316097837,,-2.2160159952298475,-11.897299749491951,-12.200690908189337,6.2068939208984375,-15.570176470532871,,-3.790849127291396,8.09000015258789,2,8.770000457763672,11.619999885559082,-0.0012701194170536834,غير متاح تاريخيًا؛ لم يتم استبداله بقيم اليوم.,control,7.25,2,1.428573197911577,7.25,7.25,7.874499988555908,False,-2.9815805410230767,8.739800014495849,-3.3036820255941235,-0.25528504036973576,0.02209205827353511,-0.27737709864327087,-0.0022068570159552436,2026-08-28,7.360000133514404,-1.282056141338439,6.2068939208984375,49.115045181371116,6.017396677964861,,,60,15,PW,5.064939649134541,2.9203630887233527,16500.0,1.6721695473514222,2.9464285714285716,1.2240356083086052,1.8665158371040724,0.655786350148368,2026-08-27
271780.0,150165.0,410940.0,2.189778925938227,-4.1958003482745365,2.740000009536743,77.90698791938568,30.2325579246272,4.379557851876454,,-28.45952991071097,-45.44114998253621,-42.9166687362723,6.201553897755763,-42.9166687362723,,-2.0979001741372683,2.819999933242798,2,4.800000190734863,7.949999809265137,0.0013269132597247824,غير متاح تاريخيًا؛ لم يتم استبداله بقيم اليوم.,control,2.700000047683716,3,1.4598526172921515,2.5799999237060547,2.5799999237060547,3.8300000071525573,False,-9.882353278427392,5.0221000051498415,-5.961988850858891,-0.6125486096519608,-0.0672814381506528,-0.545267171501308,-0.039531473436276166,2026-08-21,2.799999952316284,-14.375000977888686,6.201553897755763,23.63636505505258,-2.955398287972571,,,55,3,SILO,0.7299263086460758,7.153523548153849,32700.0,-0.5108331457919468,0.12031790418721024,0.21776046349016082,0.07957366038837786,2.736589751273599,2026-08-20
264240.0,151720.0,418000.0,4.528297405304192,-3.2846683889073414,2.6500000953674316,51.16279886416646,30.2325579246272,10.830195055180853,,-29.125432482388693,-46.43326206042268,-44.791666873627236,2.7131850283477865,-44.791666873627236,,1.0948894629691175,2.88700008392334,2,4.800000190734863,7.949999809265137,0.003586200143940843,غير متاح تاريخيًا؛ لم يتم استبداله بقيم اليوم.,control,2.5999999046325684,3,1.8867995824706032,2.5799999237060547,2.5799999237060547,3.7390000224113464,False,-10.271178188887175,4.947100005149841,-6.338628396042756,-0.624886219009698,-0.06369523800671195,-0.561190981002986,-0.04407259564075927,2026-08-24,2.7699999809265137,-13.680776775513682,2.7131850283477865,19.188190907999996,-7.911045906884453,,,56,3,SILO,4.415098067406058,4.804705062849892,63300.0,0.07186174631018673,0.23955495004541327,0.4172159240706565,0.1514354066985646,2.7550751384128658,2026-08-21
263520.0,153105.0,416960.0,2.3255884873024546,-2.641515816687967,2.5799999237060547,55.93763328228132,31.947223028814054,8.953495807898937,,-29.276318148953195,-47.02150100838981,-46.25000372529014,3.158736444411492,-46.25000372529014,,-0.3773581171086837,2.7320001125335693,1,4.800000190734863,7.949999809265137,0.006235794031296704,غير متاح تاريخيًا؛ لم يتم استبداله بقيم اليوم.,control,2.500999927520752,3,3.0620154465672527,2.500999927520752,2.500999927520752,3.6480000138282778,False,-10.708603822385232,4.869900002479553,-6.726552107959161,-0.6330152859722551,-0.05745944397541525,-0.5755558419968398,-0.03596012259823267,2026-08-25,2.640000104904175,-15.960912709830676,0.0,9.600008087156667,-14.563561575686705,,,57,2,SILO,3.5658918740292296,4.554634529433311,45400.0,-0.04255206057423612,0.1722829386763813,0.2965285261748473,0.10888334612432847,2.7233597857679372,2026-08-24
266860.0,154970.0,87800.0,2.7027002147700405,0.3875965410453208,2.5899999141693115,38.170726695941106,18.292684581528885,6.563709726935234,,-27.13462066084894,-45.91885918033609,-46.041670598917385,5.2845477238391725,-46.041670598917385,,-2.3255792462719804,2.630000114440918,1,4.800000190734863,7.949999809265137,0.012806002668945604,غير متاح تاريخيًا؛ لم يتم استبداله بقيم اليوم.,control,2.4600000381469727,3,2.3166001840886064,2.4600000381469727,2.4600000381469727,3.5545000076293944,False,-11.215186975772228,4.789099998474121,-7.268854933148782,-0.631372643629927,-0.04465344130646964,-0.5867192023234573,-0.01882403397796617,2026-08-26,2.5199999809265137,-9.440559119931969,3.558576138656089,9.599999465942432,-16.09169935659982,,,58,4,SILO,1.544409328076587,4.6479150422439375,56100.0,0.5300688178847831,0.21022258862324814,0.362005549461186,0.6389521640091116,0.566561269923211,2026-08-25
228110.0,155995.0,47180.0,3.5999965667724605,-3.4749002761329084,2.5,36.58535947124575,17.35772516889922,10.480003356933594,,-27.839515041814057,-46.94960212201592,-47.91666873627231,1.6260146842582035,-47.91666873627231,,0.0,2.752000093460083,1,4.800000190734863,7.949999809265137,0.009972784265667833,غير متاح تاريخيًا؛ لم يتم استبداله بقيم اليوم.,control,2.490000009536743,2,0.39999961853027344,2.4600000381469727,2.4600000381469727,3.464499998092651,False,-11.52962230594541,4.7125,-7.534582660471168,-0.6300700236244596,-0.03468065704080181,-0.5953893665836578,-0.0051838046147616446,2026-08-27,2.5899999141693115,-8.759124405160879,1.6260146842582035,7.114626554550256,-17.048943108293116,,,59,3,SILO,6.480007171630859,3.068886338309564,38400.0,0.17495203268440263,0.16833983604401384,0.24616173595307542,0.8139041966935142,0.3024455912048463,2026-08-26
227600.0,156260.0,44260.0,3.9370041785203256,1.5999984741210893,2.5399999618530273,38.101100449183335,18.66008959364185,5.393694785917009,,-24.82983235511862,-45.23855804344643,-47.08333623078123,4.3978573882612615,-47.08333623078123,,-2.399997711181645,2.569999933242798,1,4.800000190734863,7.949999809265137,0.016049520645507798,غير متاح تاريخيًا؛ لم يتم استبداله بقيم اليوم.,control,2.433000087738037,3,0.2755893538405854,2.433000087738037,2.433000087738037,3.3789999961853026,False,-11.77545718342059,4.63829999923706,-7.64222149139242,-0.6186782870777754,-0.018631136395294012,-0.6000471506824814,0.014336998894479702,2026-08-28,2.440000057220459,-4.150948285122702,3.252029368516429,13.455659320700988,-10.18070573435159,,,60,4,SILO,1.1811012535560976,2.588913718061831,18100.0,-0.4049570661015576,0.07952548330404217,0.11583258671445028,0.40894713059195664,0.2832458722641751,2026-08-27
179380.0,128430.0,284740.0,2.469133379885459,-0.8163257362146625,2.430000066757202,56.08695602597269,32.608696328219054,7.818932181101178,,-16.702371903821444,-35.85513161854672,-32.31197423804176,5.652179005916813,-32.31197423804176,,1.632651472429325,2.5,1,3.5899999141693115,9.539999961853027,-0.008156056694036184,غير متاح تاريخيًا؛ لم يتم استبداله بقيم اليوم.,control,2.309999942779541,4,4.938276571234809,2.299999952316284,2.119999885559082,2.9172500133514405,False,-5.674561071800721,3.7883000278472903,-2.9487111785791664,-0.3483604437987413,-0.0048614390258537865,-0.34349900477288753,-0.04077584433341874,2026-08-24,2.490000009536743,-13.829782826878434,5.652179005916813,41.706163922141315,-12.13998488558282,,,55,5,ICCM,0.41152222998090987,5.880400606829123,107400.0,-3.253857610416703,0.5987289552904449,0.8362532118663863,0.37718620495890987,2.217083236004049,2026-08-21
240940.0,157290.0,395960.0,4.8458209003819945,-6.584365491158451,2.2699999809265137,61.00916894394681,36.23852925051372,8.810574861859013,,-21.364857515300884,-39.94867952607875,-36.768801247958585,4.128436303361593,-36.768801247958585,,-2.057611149904548,2.380000114440918,1,3.5899999141693115,9.539999961853027,-0.011936430489875638,غير متاح تاريخيًا؛ لم يتم استبداله بقيم اليوم.,control,2.180000066757202,4,3.964753961477019,2.180000066757202,2.119999885559082,2.88675000667572,False,-5.884750009637596,3.7801000261306763,-1.9531046550683717,-0.3644963416675493,-0.016797869515729424,-0.34769847215181987,-0.040363037292311166,2026-08-25,2.380000114440918,-12.692305223476163,-1.3043466092057199,27.604164079659625,-23.17303703277892,,,56,2,ICCM,0.0,5.144208698638685,655800.0,1.2790416968493536,2.7218394621067485,4.16936868205226,1.6562279018082635,2.5173882637167018,2026-08-24
243590.0,160540.0,386680.0,2.1929803922675832,0.44052821794189345,2.2799999713897705,55.963302350949284,28.44036085197674,6.578941176802751,,-20.31454903660208,-39.64901248759378,-36.49024997491291,4.5871514481795606,-36.49024997491291,,2.6431693076513385,2.3499999046325684,2,3.5899999141693115,9.539999961853027,-0.002792874676411372,غير متاح تاريخيًا؛ لم يتم استبداله بقيم اليوم.,control,2.200000047683716,4,3.508768627628134,2.180000066757202,2.119999885559082,2.8612500071525573,False,-5.54592703306136,3.777900023460388,-1.1046831858230632,-0.3721869023919959,-0.019590744192140797,-0.3525961581998551,-0.033197875043754266,2026-08-26,2.3299999237060547,-9.52380997433594,4.5871514481795606,24.864865004189085,-18.33901478287308,,,57,1,ICCM,0.8771921569070334,3.9295627650177547,110100.0,-1.3714963408276077,0.45198899790631797,0.6858103899339728,0.28473156098065583,2.4086209044474898,2026-08-25
242170.0,160605.0,392740.0,0.4366808135300151,0.43859607845351256,2.2899999618530273,46.78898851795845,21.55963367970739,5.240169762360181,,-19.13128057778266,-39.419593425791476,-36.211698701867256,5.0458665929975055,-36.211698701867256,,0.8771921569070251,2.319999933242798,2,3.5899999141693115,9.539999961853027,0.0031291873417130245,غير متاح تاريخيًا؛ لم يتم استبداله بقيم اليوم.,control,2.200000047683716,4,3.930127321770136,2.180000066757202,2.119999885559082,2.8317499995231628,False,-5.253032371216215,3.780100021362305,-0.4634384543068193,-0.37317310426288985,-0.016461556850427772,-0.3567115474124621,-0.02481266046414854,2026-08-27,2.299999952316284,-6.530615621087687,5.0458665929975055,27.1676314120471,-14.146921107135796,,,58,2,ICCM,0.8733616270600302,3.181115138258921,97600.0,-0.03622109604201959,0.40302267002518893,0.6077021263347966,0.24851046493863624,2.4453784128763116,2026-08-26
242810.0,163265.0,212200.0,1.7467232541200604,0.0,2.2899999618530273,46.78898851795845,14.678895570806327,5.676850575890197,,-18.26537099709522,-39.47083364338525,-36.211698701867256,5.0458665929975055,-36.211698701867256,,1.746723254120064,2.3299999237060547,1,3.5899999141693115,9.539999961853027,0.006076327102406354,غير متاح تاريخيًا؛ لم يتم استبداله بقيم اليوم.,control,2.200000047683716,3,3.930127321770136,2.180000066757202,2.180000066757202,2.8017499923706053,False,-5.017374812009711,3.783300018310547,-0.18994875055399207,-0.36969308459748884,-0.010385229748021418,-0.3593078548494674,-0.005196742929939546,2026-08-28,2.3299999237060547,-5.761321031196632,5.0458665929975055,27.1676314120471,-12.832368587952892,,,59,5,ICCM,0.0,3.307539194672364,90100.0,0.17608896955712247,0.3710720316296693,0.5518635347441276,0.4245994344957587,1.2997274369889444,2026-08-27
4429370.0,2234485.0,201200.0,0.8281565731855212,-1.2269927283794058,4.829999923706055,264.98432569487426,26.415104312632455,6.935818704732554,,13.486840783094678,20.22820751038772,-62.26562615833243,58.360655712075406,-62.26562615833243,,-0.4089975761264686,5.164999961853027,2,12.800000190734863,12.800000190734863,-0.013676968274260959,غير متاح تاريخيًا؛ لم يتم استبداله بقيم اليوم.,control,4.829999923706055,2,0.0,3.049999952316284,2.5999999046325684,4.255999982357025,True,7.5970161844052475,4.017360005378723,-0.7804472863167766,0.3070250553444609,0.0332631876168496,0.2737618677276113,-0.031908739540503106,2026-08-24,4.869999885559082,2.7659599939695356,58.360655712075406,57.73930730323682,-1.5395895332748921,,,55,7,WXM,6.107662131547033,34.85988504184332,65800.0,-0.270068883221097,0.014855385754633278,0.029447501325808857,0.32703777335984097,0.0900431195555128,2026-08-21
4425390.0,2234420.0,176380.0,5.555555555555555,-6.832296664983096,4.5,210.67962490969606,26.415104312632455,7.777775658501519,,4.20284863689897,12.01943659457494,-64.84375052386895,42.85713853208939,-64.84375052386895,,-1.6563131463710468,4.849999904632568,2,12.800000190734863,12.800000190734863,-0.03387182888954776,غير متاح تاريخيًا؛ لم يتم استبداله بقيم اليوم.,control,4.5,2,0.0,3.1500000953674316,2.5999999046325684,4.318499982357025,True,7.079097211170637,4.017160000801087,-0.14417243117020861,0.2730010661367386,-0.0006086412726981627,0.27360970740943674,-0.0355750800185044,2026-08-25,4.75,-1.0989052448102776,47.540985913213916,55.599604050308635,-2.1483281673916537,,,56,7,WXM,2.222220102945964,34.97622770726761,22500.0,-0.19947228974491865,0.005084297655121922,0.010069727267031266,0.12756548361492231,0.07893771090484332,2026-08-24
198180.0,2235630.0,175960.0,7.346941357302347,8.888891008165146,4.900000095367432,30.097094232978485,26.415104312632455,16.12244788729516,,11.275124613300047,21.80086541553903,-61.71874982537702,55.55555387359033,-61.71874982537702,,0.8888880411783928,5.190000057220459,1,12.800000190734863,12.800000190734863,0.0018343239778842446,غير متاح تاريخيًا؛ لم يتم استبداله بقيم اليوم.,control,4.400000095367432,2,2.857140076751318,3.1500000953674316,2.5999999046325684,4.403499984741211,True,7.6518760010061415,4.022960000038147,0.14936654259314341,0.27514181079091937,0.001225682705186082,0.2739161280857333,-0.03724441592359007,2026-08-26,4.539999961853027,8.888891008165146,55.55555387359033,55.51142062856228,-1.4132235147194265,,,57,5,WXM,5.918366453241495,13.903423296613818,46100.0,0.13442587805818523,0.23261681299828438,0.020620585696201964,0.26199136167310755,0.07870712058793271,2026-08-25
136630.0,2236060.0,55100.0,2.3060824728355267,-2.653063508382847,4.769999980926514,26.415104312632455,22.40566833454718,4.088053929583047,,6.413831594497288,18.152364037591063,-62.73437570431268,50.473181896674646,-62.73437570431268,,-0.40816286810733127,4.945000171661377,2,12.800000190734863,12.800000190734863,-0.009708078233594986,غير متاح تاريخيًا؛ لم يتم استبداله بقيم اليوم.,control,4.75,2,0.4192868135531716,3.1700000762939453,2.5999999046325684,4.482499980926514,True,8.259871610285096,4.037160000801086,0.6030459104614971,0.26331313367522213,-0.008482395528408904,0.27179552920363104,-0.04371192166923876,2026-08-27,4.880000114440918,-2.4539854567588115,51.42856623850729,51.878915023291604,-3.8146660725147044,,,58,5,WXM,1.3626846431943491,5.69959011808487,14800.0,0.006611179161738201,0.10832174485837663,0.0066187848268829995,0.26860254083484575,0.024641557024409004,2026-08-26
124130.0,2237290.0,36740.0,7.43243061831495,-6.918237421920415,4.440000057220459,26.415104312632455,17.954544198414535,13.738741568762011,,-2.084020779268958,9.85857071213383,-65.3125000698492,40.063089916744545,-65.3125000698492,,0.0,5.050000190734863,1,12.800000190734863,12.800000190734863,-0.0291779063194742,غير متاح تاريخيًا؛ لم يتم استبداله بقيم اليوم.,control,4.440000057220459,2,0.0,3.1700000762939453,2.5999999046325684,4.534499979019165,True,7.989997400874094,4.041560006141663,0.6524943917369797,0.22472015189377714,-0.037660301847883104,0.26238045374166025,-0.04828091424296144,2026-08-28,4.769999980926514,-8.074531524761374,40.063089916744545,51.55601753138246,-6.963251259640472,,,59,4,WXM,6.306310950447061,6.126707739995442,34500.0,0.6704284880165423,0.27793442358817366,0.015420441695086466,0.9390310288513881,0.01642165298195585,2026-08-27
28630.0,45735.0,22260.0,1.8656698160751943,-2.189778925938224,2.680000066757202,17.15797475033627,11.111117118130199,2.7985002760050834,,-4.456325443383968,-10.346901529749697,-13.548382283745497,10.743800920098657,-13.548382283745497,,-0.36496315432303916,2.734999895095825,1,3.0999999046325684,4.21999979019165,-0.010165906936579927,غير متاح تاريخيًا؛ لم يتم استبداله بقيم اليوم.,control,2.6600000858306885,4,0.7462679264300778,2.4200000762939453,2.380000114440918,2.8049999952316282,False,-1.162790433924088,2.9892999935150146,-6.441112944944061,-0.12250515838083453,0.02572724872184512,-0.14823240710267965,-0.013458737323415626,2026-08-25,2.7300000190734863,-3.5971189086946853,10.743800920098657,41.93549214077565,-18.614965972804313,,,55,7,CETX,0.18656253349981117,3.2601277468470182,10200.0,0.12102015406296607,0.35626964722319243,0.22302394227615613,0.4582210242587601,0.4867169563791407,2026-08-24
29260.0,46445.0,20940.0,0.0,-0.37313396321504433,2.6700000762939453,18.773947480130193,10.344836406025216,5.056179273621654,,-4.6087861599062645,-9.988872347506494,-13.870962631193674,10.330578186710504,-13.870962631193674,,-0.37313396321504433,2.744999885559082,1,3.0999999046325684,4.179999828338623,-0.007007227880848621,غير متاح تاريخيًا؛ لم يتم استبداله بقيم اليوم.,control,2.609999895095825,3,2.2471977334698243,2.4200000762939453,2.380000114440918,2.7990000009536744,False,-1.077928362206071,2.9662999963760375,-5.540871782870093,-0.12483238105143402,0.0187200208409965,-0.14355240189243051,-0.006445874212424485,2026-08-26,2.6700000762939453,-4.642852794150842,10.330578186710504,37.499996613371984,-25.35714299998127,,,56,8,CETX,2.8089815401518305,3.0116847501286306,36500.0,1.2848544294184128,1.2474367737525631,0.7858757670362795,1.7430754536771729,0.4508558510065669,2026-08-25
28730.0,43340.0,19740.0,4.189427173500291,2.8089815401518337,2.744999885559082,18.773947480130193,8.850582156990328,5.646629429938982,,-2.33923722315299,-6.769014991505696,-11.45161387079343,13.429743761117985,-11.45161387079343,,-1.49812586929019,2.7850000858306885,2,3.0999999046325684,4.179999828338623,0.0007217233513781562,غير متاح تاريخيًا؛ لم يتم استبداله بقيم اليوم.,control,2.630000114440918,2,0.0,2.4200000762939453,2.380000114440918,2.8107499957084654,False,-0.20415368677554335,2.9442999935150147,-4.7614427576232465,-0.1192502216519622,0.019441744192374655,-0.13869196584433685,-0.00047915802724629586,2026-08-27,2.630000114440918,2.8089815401518337,13.429743761117985,43.3155042033092,-20.835434524700915,,,57,7,CETX,1.4572022564386917,3.279941549618752,14900.0,-0.9882628903539713,0.5186216498433693,0.3437932625749885,0.7548125633232016,0.45546838947854174,2026-08-26
29150.0,40115.0,22520.0,1.8450166646666484,-1.2750400317405042,2.7100000381469727,18.773947480130193,7.279695971538858,5.166046661066616,,-3.943286116539013,-7.0293992838553425,-12.580641241400969,11.983469120263045,-12.580641241400969,,-3.096531995340368,2.799999952316284,3,3.0999999046325684,4.179999828338623,-0.0015359864591617534,غير متاح تاريخيًا؛ لم يتم استبداله بقيم اليوم.,control,2.6600000858306885,1,0.0,2.4200000762939453,2.380000114440918,2.8212499976158143,False,0.3111114515139901,2.914899997711182,-4.395027598594692,-0.11630976867782072,0.0179057577332129,-0.13421552641103363,0.006195389703013809,2026-08-28,2.6600000858306885,-1.0948894629691175,11.983469120263045,44.50549594504736,-14.11519512759569,,,58,8,CETX,3.3210299963999677,3.2658086123680246,41700.0,1.096874825664365,1.430531732418525,1.0395114047114546,1.8516873889875667,0.561386015206282,2026-08-27
32280.0,33670.0,21620.0,0.3344478405137593,0.33557014762590764,2.990000009536743,14.336921176936679,8.540925780209975,3.3444784051375938,,6.141285106098882,8.743090424323396,-6.269593858815847,25.104597418276043,-6.269593858815847,,0.6711402952518153,3.049999952316284,3,3.190000057220459,3.190000057220459,-0.0024992597864987413,غير متاح تاريخيًا؛ لم يتم استبداله بقيم اليوم.,control,2.950000047683716,0,1.3377913620550372,2.390000104904175,2.390000104904175,2.8170000076293946,True,3.718704840044662,2.749599995613098,-3.0191873440152395,0.05672018604479234,0.025415989863601288,0.031304196181191055,0.014170050180586369,2026-08-25,3.0,2.3972579251313464,25.104597418276043,62.33765871855972,-6.469677921572497,,,55,4,SMSI,1.6722392025687969,2.406801865191236,25300.0,-0.015653642561430203,0.7837670384138785,0.7514107514107514,1.1702127659574468,0.6421146421146421,2026-08-24
28930.0,33920.0,21340.0,2.020200074126503,-0.6688956810275148,2.9700000286102295,14.336921176936679,8.540925780209975,4.7138001729618395,,4.577465444962847,7.945047437619834,-6.896552497303777,24.267778169378328,-6.896552497303777,,-2.6755827241100705,3.0199999809265137,3,3.190000057220459,3.190000057220459,-0.004460582242318226,غير متاح تاريخيًا؛ لم يتم استبداله بقيم اليوم.,control,2.880000114440918,1,1.0101000370632516,2.390000104904175,2.390000104904175,2.8400000095367433,True,3.934126879073796,2.7513999938964844,-2.453378745442958,0.05749845570779488,0.020955407621283062,0.03654304808651182,0.009303825473168104,2026-08-26,2.9100000858306885,2.4137907220975086,24.267778169378328,57.53425060192485,-15.995151538044553,,,56,5,SMSI,1.6835000617720857,2.169087703005039,16600.0,-0.3923308540549164,0.5737988247493951,0.4893867924528302,0.7778819119025304,0.629127358490566,2026-08-25
27190.0,32465.0,15640.0,0.33670001235441716,0.0,2.9700000286102295,14.336921176936679,5.902771913895144,1.3468000494176686,,3.6106757443330917,7.87447468568041,-6.896552497303777,21.72130979347284,-6.896552497303777,,0.3367000123544184,2.9800000190734863,3,3.190000057220459,3.190000057220459,-0.00422747962227487,غير متاح تاريخيًا؛ لم يتم استبداله بقيم اليوم.,control,2.940000057220459,2,1.0101000370632516,2.440000057220459,2.390000104904175,2.8665000081062315,True,4.331210395588059,2.7531999921798707,-1.930612152721345,0.057452958085272066,0.016727927999008192,0.04072503008626387,0.004587509719881311,2026-08-27,2.9800000190734863,0.0,24.267778169378328,62.68656238412688,-8.02050248472009,,,57,5,SMSI,0.0,2.0092904909491325,3000.0,-0.5860660551250368,0.11033468186833395,0.09240720776220546,0.1918158567774936,0.4817495764669644,2026-08-26
21900.0,32530.0,15060.0,0.6756750225933819,-0.3367000123544184,2.9600000381469727,9.318996201368158,5.902771913895144,1.3513500451867637,,2.4221463107001906,7.60506194921271,-7.210031816547746,18.875503084743816,-7.210031816547746,,-1.0101000370632551,2.9700000286102295,2,3.190000057220459,3.190000057220459,-0.004536066309787305,غير متاح تاريخيًا؛ لم يتم استبداله بقيم اليوم.,control,2.930000066757202,3,0.33783751129669093,2.490000009536743,2.390000104904175,2.890000009536743,True,4.35096602503402,2.750799994468689,-1.5109202546908729,0.055964857197789986,0.012191861689220887,0.0437729955085691,-0.0007553288470023567,2026-08-28,2.940000057220459,-0.6711402952518042,21.311474128360253,55.172405288284864,-14.619256721771421,,,58,7,SMSI,0.33783751129669093,1.1526877305427858,5900.0,0.19995041148279855,0.2694063926940639,0.1813710421149708,0.39176626826029215,0.4629572702121119,2026-08-27
47540.0,45365.0,46020.0,0.0,0.0,4.28000020980835,30.6361467191268,20.589675316086197,8.41120651938861,,6.203477392304713,-0.1865624266538246,-12.795431612438257,22.636108828448688,-12.795431612438257,,0.0,4.429999828338623,2,4.9079999923706055,5.699999809265137,-0.007891700165170656,غير متاح تاريخيًا؛ لم يتم استبداله بقيم اليوم.,control,4.070000171661377,2,4.906542706837298,3.490000009536743,3.490000009536743,4.030000066757202,False,2.897997464124824,4.28800000667572,-1.786531691592097,0.002126969016758906,0.07523645768459827,-0.07310948866783937,0.044054226828667886,2026-08-26,4.28000020980835,0.4694830951162521,22.636108828448688,55.30726286747419,-1.7682057008125227,,,55,7,CDLX,3.504663812551311,3.740382153594286,26700.0,-0.169720080715571,0.5616323096339925,0.5885594621404167,0.5801825293350718,1.0144384437341563,2026-08-25
44990.0,45535.0,29440.0,1.9370441038567467,-3.5046749536058686,4.130000114440918,27.812502658149917,8.845200036694202,4.237292636456821,,2.088741491538415,-3.1289555673028158,-15.851668279117238,18.338111838261216,-15.851668279117238,,-1.6355179492972827,4.25,2,4.9079999923706055,5.480000019073486,-0.01779651461603219,غير متاح تاريخيًا؛ لم يتم استبداله بقيم اليوم.,control,4.074999809265137,2,1.3317264806717009,3.490000009536743,3.490000009536743,4.045500075817108,False,3.0831969177498753,4.26340000629425,-1.9276771783033886,-0.001309559832131768,0.057439943068566084,-0.05874950290069785,0.02128761494487552,2026-08-27,4.210000038146973,-3.9534899710060856,18.338111838261216,72.26277270640517,11.994913805439836,,,56,6,CDLX,0.9685220519283734,2.3178867356965123,25300.0,0.27919247066492825,0.5623471882640587,0.5556165586911167,0.859375,0.6465356319314812,2026-08-26
41920.0,45700.0,21880.0,3.241886039493054,-2.905566155785122,4.010000228881836,27.812502658149917,10.473804874916471,5.735649104949355,,-1.1341188300508898,-5.397749026464127,-18.296653726256995,14.899719711293557,-18.296653726256995,,0.2421247401352966,4.239999771118164,1,4.9079999923706055,5.480000019073486,-0.021288111667323084,غير متاح تاريخيًا؛ لم يتم استبداله بقيم اليوم.,control,4.010000228881836,3,0.0,3.490000009536743,3.490000009536743,4.056000089645385,False,2.7615926578434147,4.238800015449524,-2.2867674604937327,-0.0135597136491441,0.036151831401243,-0.0497115450503871,-0.004769268409924088,2026-08-28,4.139999866485596,-6.744184860221292,14.899719711293557,63.2352977269245,0.622686613981692,,,57,5,CDLX,2.493763065456301,2.395184664442073,9000.0,-0.4480404478976234,0.21469465648854963,0.19693654266958424,0.4113345521023766,0.4787746170678337,2026-08-27
3954780.0,2106475.0,432500.0,1.3698616715036243,2.456146456271613,2.9200000762939453,82.49257771861727,28.395053491610554,5.821920268910022,,9.016243417313973,-11.32705474377741,-20.867207831604382,44.41147224882127,-20.867207831604382,,1.0526389758675148,3.0,3,3.690000057220459,4.78000020980835,0.002354678943207289,غير متاح تاريخيًا؛ لم يتم استبداله بقيم اليوم.,control,2.8299999237060547,3,1.7123352543991492,2.0220000743865967,2.0220000743865967,2.67849999666214,False,-3.2857915465423493,3.292999987602234,-4.898053513834533,-0.1812722970004117,0.12186276608443558,-0.3031350630848473,0.11452777305853123,2026-08-27,2.880000114440918,6.959709007069592,44.41147224882127,49.17127159153343,5.123653726546181,,,56,6,FEMY,2.7397233430072485,8.269276176427104,110400.0,0.22803707235182902,0.027915585696296635,0.05240983159069061,0.2552601156069364,0.20531931307041384,2026-08-26
3958290.0,2115070.0,278120.0,5.017924975568504,-4.452058597406394,2.7899999618530273,82.49257771861727,18.181809150811755,12.90322222286788,,4.3966313118453115,-14.731052212369079,-24.39024610870517,37.98218888292646,-24.39024610870517,,0.34246541787590346,3.0899999141693115,2,3.690000057220459,4.78000020980835,-0.010445059515820976,غير متاح تاريخيًا؛ لم يتم استبداله بقيم اليوم.,control,2.7300000190734863,3,2.1505356128998296,2.0220000743865967,2.0220000743865967,2.672499990463257,False,-1.6197314847720912,3.2719999885559083,-4.10878612881177,-0.16386292987407902,0.1114177065686146,-0.2752806364426936,0.08187909961464035,2026-08-28,2.930000066757202,-5.743245746725368,37.98218888292646,53.9393893855781,7.878779909609186,,,57,6,FEMY,5.734761634399546,8.41799595201589,189800.0,0.42717911925571284,0.04794999861051111,0.08973698270033616,0.6824392348626492,0.13149446590420175,2026-08-27
221560.0,389865.0,155740.0,4.302476079459906,2.5401060357031824,0.7670000195503235,19.754978357033103,18.6829984002588,7.170788285006557,,-8.127205301819817,-35.00770879977084,-32.12389178876916,17.457890185424297,-32.12389178876916,,-1.871657498335766,0.7749999761581421,3,1.1299999952316284,2.559999942779541,-0.011994413423392802,غير متاح تاريخيًا؛ لم يتم استبداله بقيم اليوم.,control,0.7200000286102295,0,1.8252931176842002,0.652999997138977,0.652999997138977,0.8348499923944473,False,-9.49154410631139,1.1801399910449981,-5.646167018291159,-0.5898319057374362,0.23355215502207816,-0.8233840607595143,0.1437300572019159,2026-08-26,0.734000027179718,11.320755859551745,17.457890185424297,42.97385888268949,15.701125898654503,,,55,7,HUBC,1.0430190878624508,5.013352266737586,185200.0,0.38003038199210104,0.8358909550460372,0.4750362304900414,1.1891614228842944,0.39947161196824543,2026-08-25
195520.0,384200.0,163360.0,0.653594160147165,-0.26076060032056425,0.7649999856948853,19.754978357033103,19.448694457461734,3.5294053482118994,,-6.945627958846179,-34.15616684837386,-32.30088593601499,17.151606285852928,-32.30088593601499,,-0.9126504444120664,0.7799999713897705,4,1.1299999952316284,2.5,-0.012382058032717969,غير متاح تاريخيًا؛ لم يتم استبداله بقيم اليوم.,control,0.753000020980835,0,0.9150287076232394,0.652999997138977,0.652999997138977,0.8220999926328659,False,-8.792367269916578,1.1618399918079376,-5.4907509880529055,-0.5469214395228141,0.2211700969893602,-0.7680915365121743,0.13733049351353754,2026-08-27,0.7599999904632568,3.799185559533158,17.151606285852928,28.803247618716,1.1492438512031384,,,56,7,HUBC,1.960782480441495,4.34079516529711,138600.0,-0.34072851397146386,0.7088788870703764,0.3607496095783446,0.8484329089128305,0.4251952108276939,2026-08-26
171950.0,378355.0,137600.0,2.6923036951518804,1.960782480441492,0.7799999713897705,20.980095699684597,12.056743284987071,4.743589978716556,,-3.656129139383313,-31.38876385327348,-30.97345356803427,19.448694457461734,-30.97345356803427,,-0.7843114338851986,0.7900000214576721,3,1.1299999952316284,2.1600000858306885,-0.011395128078056649,غير متاح تاريخيًا؛ لم يتم استبداله بقيم اليوم.,control,0.753000020980835,0,0.7692285355260507,0.652999997138977,0.652999997138977,0.8095999926328659,False,-8.177384830137836,1.1368399918079377,-6.346590952262121,-0.5058728253730449,0.20977496891130354,-0.7156477942843484,0.1303527056965179,2026-08-28,0.7590000033378601,7.142855388403269,19.448694457461734,37.028300958453876,8.16232537792309,,,57,7,HUBC,1.282057748038625,4.013775181575807,133300.0,0.12031709108716948,0.7752253562082001,0.35231462515362555,0.96875,0.363679613061807,2026-08-27
437892.7,425360.65,453720.0,11.18142950555807,10.747652774774341,4.739999771118164,37.40259981533396,25.653204606178946,12.44726120416478,,-17.58672063856964,-50.877777280189086,-50.39246865800112,23.116880221599235,-57.866668701171875,,-1.6355179492972827,4.800000190734863,1,9.555000305175781,28.950000762939453,-0.0027258443066635607,غير متاح تاريخيًا؛ لم يتم استبداله بقيم اليوم.,control,4.210000038146973,2,0.0,3.8499999046325684,3.8499999046325684,5.7515000104904175,False,-13.84811247285761,9.649400024414062,-21.09605625909382,-2.65434131516134,0.7684302720242329,-3.422771587185573,0.5166354450928621,2026-08-26,4.210000038146973,-0.8368292245700459,23.116880221599235,32.14285511548826,16.58369867975992,,,55,5,KIDZ,1.26583169860671,7.8987022425231315,150600.0,0.07661754332999637,0.3439198689541981,0.3540524963933547,0.3319227717535044,1.0666713058671506,2026-08-25
429980.0,410297.3,231640.0,2.3655942206107063,-1.8987274281977773,4.650000095367432,37.40259981533396,25.653204606178946,7.505375697938331,,-15.99674656733454,-49.650257856118316,-50.16077027447216,20.77922624809032,-51.33438046204346,,0.42195060610632495,4.809999942779541,1,9.329999923706055,25.200000762939453,-0.016529704873316398,غير متاح تاريخيًا؛ لم يتم استبداله بقيم اليوم.,control,4.460999965667725,2,4.064518834913544,3.8499999046325684,3.8499999046325684,5.535500001907349,False,-14.64477074648791,9.235400018692017,-20.356332887567895,-2.4828958782469277,0.7519005671509165,-3.234796445397844,0.5143475429642441,2026-08-27,4.760000228881836,-7.738092647568329,20.77922624809032,33.1288329200582,18.398875275833134,,,56,5,KIDZ,1.0752626424140799,7.801979837996805,42900.0,-0.14672159751762112,0.09977208242243825,0.10455832880206621,0.18520117423588325,0.5645662303895249,2026-08-26
418620.0,405922.65,167660.0,5.165289093355255,4.0860226521231,4.840000152587891,37.40259981533396,24.940621881728518,9.40083442559252,,-9.073827712688109,-45.65583377333592,-47.95698867393845,25.714292791646297,-48.124328058243435,,-1.2903213236342914,5.010000228881836,2,9.300000190734863,25.200000762939453,-0.008159987466367813,غير متاح تاريخيًا؛ لم يتم استبداله بقيم اليوم.,control,4.554999828338623,1,0.7231471724345571,3.8499999046325684,3.8499999046325684,5.3230000019073485,False,-15.898408179432987,8.906200037002563,-18.895930882501677,-2.305120720792159,0.7437405796845487,-3.0488613004767076,0.538602318068576,2026-08-28,4.590000152587891,7.7951091160649355,25.714292791646297,37.86610970487369,17.55087112766867,,,57,5,KIDZ,3.5123981598027076,7.837020282399064,102300.0,0.42496225174526914,0.24437437293965888,0.2520184572109982,0.6101634259811524,0.4130343551905763,2026-08-27
1593430.0,3340225.0,695000.0,25.54944962723762,-21.804512385345888,0.7279999852180481,65.73032682599079,41.853928774794745,27.7472481361881,,-30.494558816903893,-49.3142111086515,-54.78261001554978,2.247187154730468,-54.78261001554978,,-1.8259956664670063,0.9139999747276306,1,1.6100000143051147,11.960000038146973,-0.060285479259210684,غير متاح تاريخيًا؛ لم يتم استبداله بقيم اليوم.,control,0.7120000123977661,4,2.197798508950481,0.7120000123977661,0.7120000123977661,1.047399991750717,False,-20.07630677192367,1.4362999987602234,-8.628828293097579,-1.5566990570249968,0.6311092567426955,-2.1878083137676922,0.3470048771816652,2026-08-26,0.9139999747276306,-27.920792862172583,-18.202247537156126,17.52872350000689,-29.893958812820962,,,55,4,ZCMD,0.0,7.164196862545609,1774200.0,1.755942557279542,1.113447092122026,0.5311618229310899,2.5528057553956836,0.20806981565613095,2026-08-25
4773010.0,4909290.0,7208420.0,0.7453394166104741,10.576926304668334,0.8050000071525574,65.73032682599079,39.88763687511605,12.298133693439173,,-22.19591059135023,-42.94826314553257,-50.0,13.061796788682623,-50.0,,9.752752887243311,0.8659999966621399,2,1.6100000143051147,11.960000038146973,-0.04600976827835401,غير متاح تاريخيًا؛ لم يتم استبداله بقيم اليوم.,control,0.7670000195503235,4,3.975155895761917,0.7120000123977661,0.7120000123977661,1.034649994969368,False,-9.755778219355292,1.4110000002384187,-8.390900203813024,-1.4564339531872657,0.5850994884643415,-2.041533441651607,0.31880010510986745,2026-08-27,0.7990000247955322,-16.14583071398853,13.061796788682623,29.569084859414914,-2.4309106901035307,,,56,4,ZCMD,7.577638381066781,8.450370087656387,33055900.0,2.03292870513797,6.92558783660625,6.733336185069532,4.585734460533653,1.46832230322511,2026-08-26
5782680.0,5209085.0,9372260.0,17.525774399498584,20.49689689336891,0.9700000286102295,65.73032682599079,51.685396644626906,29.381445136076785,,-4.822643313034769,-30.237908258969426,-39.751551553315544,36.2359567022492,-39.751551553315544,,-0.6211174145593357,1.0800000429153442,2,1.6100000143051147,11.960000038146973,-0.030367726823489427,غير متاح تاريخيًا؛ لم يتم استبداله بقيم اليوم.,control,0.7950000166893005,3,0.5154634107374384,0.7120000123977661,0.7120000123977661,1.0191499978303908,False,-8.018952383642885,1.390440000295639,-8.067651460119086,-1.3481187396005423,0.554731761640852,-1.9028505012413943,0.30607215235091756,2026-08-28,0.800000011920929,4.413348514445681,36.2359567022492,43.43675191887166,6.51368035668753,,,57,4,ZCMD,11.340207325840764,11.10122501473093,11349400.0,-3.3747778716212675,1.9626539943417238,2.1787703598616646,1.2109565889123861,1.7992142573983723,2026-08-27
63700.0,62170.0,91000.0,2.6785688626827135,0.9009000301245074,4.480000019073486,15.844548233017752,15.09715883928282,7.075890868579103,,2.3649042097720896,-3.6683437439395616,-12.156860728485642,28.36676237339477,-12.156860728485642,,-1.8018000602490147,4.619999885559082,3,5.099999904632568,6.090000152587891,0.01757619625042331,غير متاح تاريخيًا؛ لم يتم استبداله بقيم اليوم.,control,4.302999973297119,1,1.2723249994332237,3.490000009536743,3.490000009536743,4.376499986648559,False,0.8410138496309116,4.65060001373291,-1.395132059617632,-0.042335461417946085,-0.0033479414700333665,-0.03898751994791272,0.0377764076327054,2026-08-27,4.360000133514404,8.73786756102184,28.36676237339477,48.14814160717389,-1.077861522531748,,,55,6,OPAD,3.1249970064631656,2.9297152863073967,141900.0,0.17830414579531184,2.227629513343799,2.282451343091523,1.5593406593406594,1.4637284864082354,2026-08-26
62860.0,63150.0,87920.0,0.6696475375139392,0.0,4.480000019073486,15.844548233017752,15.09715883928282,2.678579506369235,,1.9804242335439648,-3.4857165986517114,-12.156860728485642,28.36676237339477,-12.156860728485642,,0.6696475375139288,4.570000171661377,3,5.099999904632568,6.090000152587891,0.011547365703632753,غير متاح تاريخيًا؛ لم يتم استبداله بقيم اليوم.,control,4.449999809265137,2,0.6696475375139392,3.490000009536743,3.490000009536743,4.392999982833862,False,1.6074937780250265,4.641800012588501,-1.175218317562221,-0.02873823965591349,0.008199424233599387,-0.036937663889512876,0.04676976136791211,2026-08-28,4.510000228881836,8.73786756102184,28.36676237339477,35.77982735005121,-18.428927831741,,,56,5,OPAD,1.3392844313413568,2.7990575942798754,35400.0,-1.1567018968292855,0.5631562201718103,0.5605700712589073,0.402638762511374,1.3922406967537608,2026-08-27
