ticker,definition,signal_date,age_sessions,classification,max_return_20,rsi_S,rsi_S-5,rsi_change_S_to_S-5,volume_ratio_20,drawdown_peak
ELPW,A_10_from_low,2026-03-12,1,Temporary Spike,53.20333972429905,41.983584818237624,42.19175490942732,-0.2081700911896931,4.308462430182316,-99.67808464241241
ELPW,B_20_from_low,2026-03-13,2,No Significant Move,-6.976742963460591,42.25609243913956,41.94470179365195,0.31139064548760587,7.36671147078344,-99.53730273204957
ELPW,C_20_in_1_3,2026-04-08,19,Gradual Rise,353.3333333333333,42.030388612859646,41.78399752844906,0.24639108441058255,10.69298031550284,-99.7982424677188
ELPW,D_rapid_expansion,2026-04-08,19,Gradual Rise,353.3333333333333,42.030388612859646,41.78399752844906,0.24639108441058255,10.69298031550284,-99.7982424677188
ZNB,A_10_from_low,2026-03-12,1,No Significant Move,3.3295058620312457,25.299572344363114,34.488166868385306,-9.188594524022193,2.323797261229362,-91.28999996185303
ZNB,B_20_from_low,2026-03-30,13,No Significant Move,14.427858867113198,21.65562768107685,22.452573507002327,-0.7969458259254765,13.88627070601824,-97.99000000953674
ZNB,C_20_in_1_3,2026-07-28,95,No Significant Move,11.60409236937694,30.745852659429758,22.134274860938802,8.611577798490956,0.8380354678644554,-99.63374999165535
KXIN,A_10_from_low,2026-03-19,5,Temporary Spike,48.95396596320553,31.943643842422233,32.113639466392044,-0.16999562396981105,1.0445221183927607,-97.67396583464314
KXIN,B_20_from_low,2026-03-23,7,Temporary Spike,27.142857264499277,33.867962045794684,31.508526358870427,2.3594356869242574,1.3982546455778657,-97.27493921915689
KXIN,C_20_in_1_3,2026-03-23,7,Temporary Spike,27.142857264499277,33.867962045794684,31.508526358870427,2.3594356869242574,1.3982546455778657,-97.27493921915689
KXIN,D_rapid_expansion,2026-05-13,43,No Significant Move,12.959715694823547,47.19320524238126,34.756582015043705,12.436623227337556,4.164066523280119,-97.2214111736511
KXIN,E_base_breakout,2026-07-16,86,No Significant Move,7.685667954978004,62.26710934528939,40.871183140132175,21.395926205157217,8.047801147227533,-97.18248177038782
PED,A_10_from_low,2026-03-13,1,No Significant Move,-0.8800871547100964,68.9327718828007,66.58032231847542,2.352449564325269,1.9077516383096649,0.0
PED,B_20_from_low,2026-03-13,1,No Significant Move,-0.8800871547100964,68.9327718828007,66.58032231847542,2.352449564325269,1.9077516383096649,0.0
PED,C_20_in_1_3,2026-06-26,73,No Significant Move,-0.45424851081989903,63.71805606635048,35.332289971347976,28.385766095002502,12.82786471479051,-15.236525914551624
PED,D_rapid_expansion,2026-06-26,73,No Significant Move,-0.45424851081989903,63.71805606635048,35.332289971347976,28.385766095002502,12.82786471479051,-15.236525914551624
PED,E_base_breakout,2026-06-26,73,No Significant Move,-0.45424851081989903,63.71805606635048,35.332289971347976,28.385766095002502,12.82786471479051,-15.236525914551624
STFS,A_10_from_low,2026-03-13,1,No Significant Move,2.9484000122314002,50.13185335993927,48.373962998304265,1.7578903616350061,0.694403609244019,-21.124025348516216
STFS,B_20_from_low,2026-03-13,1,No Significant Move,2.9484000122314002,50.13185335993927,48.373962998304265,1.7578903616350061,0.694403609244019,-21.124025348516216
STFS,C_20_in_1_3,2026-05-06,38,True Explosion,148.1060533994997,95.64098728487467,48.90395311729648,46.73703416757819,19.790047716428084,0.0
STFS,D_rapid_expansion,2026-05-06,38,True Explosion,148.1060533994997,95.64098728487467,48.90395311729648,46.73703416757819,19.790047716428084,0.0
STFS,E_base_breakout,2026-05-06,38,True Explosion,148.1060533994997,95.64098728487467,48.90395311729648,46.73703416757819,19.790047716428084,0.0
CLIR,A_10_from_low,2026-03-26,9,Rapid Move,103.22580335043475,31.173299887926234,24.033517275354043,7.139782612572191,0.8916260685724791,-52.911392611354
CLIR,B_20_from_low,2026-03-31,12,True Explosion,73.39448879066335,47.12682276927453,25.84666598412271,21.280156785151824,0.4396326807321733,-44.81012555846533
CLIR,C_20_in_1_3,2026-04-01,13,Temporary Spike,60.50955162526552,53.5717263947502,26.96844661848344,26.60327977626676,0.5649717514124294,-40.37974707229534
CLIR,D_rapid_expansion,2026-04-06,15,No Significant Move,0.5763683216603255,75.52868346876127,31.73764440216722,43.79103906659405,11.994133115784175,-12.151899070354666
CLIR,E_base_breakout,2026-04-06,15,No Significant Move,0.5763683216603255,75.52868346876127,31.73764440216722,43.79103906659405,11.994133115784175,-12.151899070354666
DXST,A_10_from_low,2026-03-16,1,No Significant Move,-5.90908897152943,42.982711225381514,40.68834677178571,2.2943644535958043,0.12911672238945035,-87.24637699587909
DXST,B_20_from_low,2026-03-24,7,No Significant Move,6.009615605046781,40.43428761835005,39.188542926066525,1.2457446922835231,0.13475958274160318,-91.96135295186065
DXST,C_20_in_1_3,2026-03-25,8,No Significant Move,2.57069156647316,39.873708143670825,38.913396850477646,0.960311293193179,0.019335474468297052,-92.48309158472622
DXST,D_rapid_expansion,2026-06-02,55,Temporary Spike,55.151517661952695,80.03622743315239,35.01045297997753,45.02577445317486,17.49123969097817,-90.43478297726544
DXST,E_base_breakout,2026-06-02,55,Temporary Spike,55.151517661952695,80.03622743315239,35.01045297997753,45.02577445317486,17.49123969097817,-90.43478297726544
HBIO,A_10_from_low,2026-03-16,1,No Significant Move,16.367258629990754,40.37416144890266,32.40346340638219,7.970698042520475,4.180579370092952,-33.19999694824218
HBIO,B_20_from_low,2026-03-19,4,No Significant Move,11.607144757801201,52.11992296732724,36.0630203047591,16.05690266256814,1.956921336663996,-25.333334604899093
HBIO,C_20_in_1_3,2026-04-15,22,Temporary Spike,30.66202611605653,56.69421670897019,54.92916299801227,1.7650537109579147,1.5984955336154207,-23.466669718424484
HBIO,D_rapid_expansion,2026-04-15,22,Temporary Spike,30.66202611605653,56.69421670897019,54.92916299801227,1.7650537109579147,1.5984955336154207,-23.466669718424484
HBIO,E_base_breakout,2026-04-20,25,No Significant Move,7.296140852380217,68.05665490073899,42.27297698529459,25.7836779154444,1.5394985171205176,-6.800003051757808
MASK,A_10_from_low,2026-03-16,1,No Significant Move,3.1055870727966672,35.487928153615485,34.839389674128796,0.6485384794866889,8.175297238871966,-71.12107498856875
MASK,B_20_from_low,2026-03-31,12,Temporary Spike,23.348016556962612,41.04058329379907,27.155361956452694,13.885221337346373,19.231170614025338,-79.64125507991962
MASK,C_20_in_1_3,2026-03-31,12,Temporary Spike,23.348016556962612,41.04058329379907,27.155361956452694,13.885221337346373,19.231170614025338,-79.64125507991962
MASK,D_rapid_expansion,2026-03-31,12,Temporary Spike,23.348016556962612,41.04058329379907,27.155361956452694,13.885221337346373,19.231170614025338,-79.64125507991962
MASK,E_base_breakout,2026-05-05,36,True Explosion,237.79905419688015,54.27805077013817,39.3893816514739,14.888669118664275,12.390171060885157,-81.2556055096547
SKYQ,A_10_from_low,2026-03-16,1,Gradual Rise,470.38123968848413,55.16925692204168,46.814528307008665,8.354728615033018,2.1695764213783066,-38.04505868414954
SKYQ,B_20_from_low,2026-03-16,1,Gradual Rise,470.38123968848413,55.16925692204168,46.814528307008665,8.354728615033018,2.1695764213783066,-38.04505868414954
SKYQ,C_20_in_1_3,2026-03-31,12,True Explosion,656.8093878663122,46.27834790181296,43.818254829299036,2.4600930725139207,0.10218008510141374,-53.30668884513838
SKYQ,D_rapid_expansion,2026-04-02,14,Rapid Move,281.37257111068,68.91640314729985,38.45976283314178,30.456640314158065,19.52301441155578,-7.340121158565238
XLO,A_10_from_low,2026-03-16,1,Temporary Spike,20.757182562151932,48.71623170250314,43.174043433047586,5.542188269455551,3.720605761125483,-24.427781278890848
XLO,B_20_from_low,2026-03-24,7,No Significant Move,10.513741057024362,59.935242363154785,44.872270322740796,15.062972040413989,1.5456898301644224,-17.423045085199362
XLO,E_base_breakout,2026-05-14,43,No Significant Move,0.0,63.11353257518043,42.561560002300936,20.551972572879492,10.71565873133225,-13.082076774548412
ZJYL,A_10_from_low,2026-03-16,1,No Significant Move,9.920634995722665,38.678244251128916,51.28210882619927,-12.603864575070354,4.354050775401362,-52.09125720015012
ZJYL,B_20_from_low,2026-04-06,15,Temporary Spike,37.87878751389873,37.30157762526716,25.507456011027074,11.794121614240083,0.21412297709275835,-62.35741572402189
ZJYL,E_base_breakout,2026-05-04,35,Gradual Rise,80.0,60.523715446256226,53.83380796183899,6.689907484417233,1.7217898832684826,-52.47148495787335
ZJYL,C_20_in_1_3,2026-06-02,55,No Significant Move,4.923079564021182,75.30995110719368,49.3484892700214,25.96146183717228,19.14620589656839,-38.21293044523535
ZJYL,D_rapid_expansion,2026-06-02,55,No Significant Move,4.923079564021182,75.30995110719368,49.3484892700214,25.96146183717228,19.14620589656839,-38.21293044523535
COOK,A_10_from_low,2026-03-18,1,Temporary Spike,35.02401587793336,42.243083158200186,31.854286040945354,10.388797117254832,2.5557428231978556,-42.55172466409618
COOK,B_20_from_low,2026-03-18,1,Temporary Spike,35.02401587793336,42.243083158200186,31.854286040945354,10.388797117254832,2.5557428231978556,-42.55172466409618
COOK,C_20_in_1_3,2026-04-15,20,No Significant Move,17.056859403915993,63.70692772741284,48.89262181191242,14.81430591550042,0.8655666756829862,-32.98276046226765
COOK,E_base_breakout,2026-04-16,21,No Significant Move,7.51417846906246,68.70896992397493,54.36040656167685,14.348563362298087,1.3142375737152485,-27.034483284785825
COOK,D_rapid_expansion,2026-05-19,44,Temporary Spike,42.20183486238531,70.52436057084196,55.04946982273111,15.474890748110852,5.364719558267946,-6.034482758620685
CIIT,A_10_from_low,2026-03-23,2,No Significant Move,11.656451624604758,31.887287744467713,35.8991700171793,-4.011882272711588,0.10022823120544015,-64.39493300198184
CIIT,B_20_from_low,2026-03-26,5,No Significant Move,7.692314637591902,33.39887096743362,34.64780031477383,-1.2489293473402086,0.15733424133194004,-63.08431614425256
CIIT,C_20_in_1_3,2026-04-17,20,No Significant Move,2.298848432756806,45.271281161779264,32.902387558367636,12.368893603411628,0.2643568888419422,-61.99213612386751
CIIT,D_rapid_expansion,2026-06-10,57,True Explosion,83.22980932319098,63.764683461865076,30.664552830076104,33.10013063178897,19.82441370131947,-64.83180251033419
CIIT,E_base_breakout,2026-06-10,57,True Explosion,83.22980932319098,63.764683461865076,30.664552830076104,33.10013063178897,19.82441370131947,-64.83180251033419
AREB,A_10_from_low,2026-04-27,25,No Significant Move,-28.818184054587448,9.991702208805933,5.614569260913939,4.377132947891994,20.0,-99.93764172200443
AREB,B_20_from_low,2026-04-27,25,No Significant Move,-28.818184054587448,9.991702208805933,5.614569260913939,4.377132947891994,20.0,-99.93764172200443
AREB,C_20_in_1_3,2026-04-27,25,No Significant Move,-28.818184054587448,9.991702208805933,5.614569260913939,4.377132947891994,20.0,-99.93764172200443
AREB,D_rapid_expansion,2026-04-27,25,No Significant Move,-28.818184054587448,9.991702208805933,5.614569260913939,4.377132947891994,20.0,-99.93764172200443
AREB,E_base_breakout,2026-04-27,25,No Significant Move,-28.818184054587448,9.991702208805933,5.614569260913939,4.377132947891994,20.0,-99.93764172200443
AZI,A_10_from_low,2026-04-01,8,No Significant Move,4.368939567369812,29.75927918016761,30.873026714345244,-1.1137475341776337,0.011215646241901758,-94.4173445593632
AZI,E_base_breakout,2026-05-14,38,Gradual Rise,412.8205092376282,36.830818791116634,30.602259597538946,6.228559193577688,2.6929452937925955,-96.30081313525302
AZI,B_20_from_low,2026-06-09,55,True Explosion,102.70270009037353,65.47095416625845,33.86664560417542,31.604308562083034,19.91323335027165,-94.98645000720553
AZI,C_20_in_1_3,2026-06-09,55,True Explosion,102.70270009037353,65.47095416625845,33.86664560417542,31.604308562083034,19.91323335027165,-94.98645000720553
AZI,D_rapid_expansion,2026-06-09,55,True Explosion,102.70270009037353,65.47095416625845,33.86664560417542,31.604308562083034,19.91323335027165,-94.98645000720553
EUDA,A_10_from_low,2026-03-23,1,True Explosion,116.29578249616732,30.05726546688777,36.99867822353992,-6.941412756652149,2.296155161463677,-87.18411604859622
EUDA,B_20_from_low,2026-03-24,2,Temporary Spike,68.2037257224344,39.12077433395598,36.72403071709069,2.3967436168652867,3.282185935833265,-83.51985584300745
EUDA,C_20_in_1_3,2026-03-26,4,Gradual Rise,70.45455170678115,47.46614383262715,31.864542569584913,15.601601263042234,2.6295776790090075,-79.35018183160274
EUDA,D_rapid_expansion,2026-03-26,4,Gradual Rise,70.45455170678115,47.46614383262715,31.864542569584913,15.601601263042234,2.6295776790090075,-79.35018183160274
EUDA,E_base_breakout,2026-04-23,23,Rapid Move,124.25829561423822,61.705973527346956,30.85062107494781,30.855352452399146,19.341395652884458,-79.3140799232764
FCHL,A_10_from_low,2026-03-23,1,True Explosion,76.11336395044086,26.325806593107544,44.26968375649307,-17.94387716338553,6.468731208659049,-43.60730447788579
FCHL,B_20_from_low,2026-03-23,1,True Explosion,76.11336395044086,26.325806593107544,44.26968375649307,-17.94387716338553,6.468731208659049,-43.60730447788579
FCHL,C_20_in_1_3,2026-03-26,4,No Significant Move,-5.633802816901412,55.46536349152869,26.000643435841695,29.464720055686996,13.846312189954137,-18.949767924723304
FCHL,D_rapid_expansion,2026-03-26,4,No Significant Move,-5.633802816901412,55.46536349152869,26.000643435841695,29.464720055686996,13.846312189954137,-18.949767924723304
FCHL,E_base_breakout,2026-07-06,72,Temporary Spike,22.30216296253098,35.21434191587905,30.79705427453274,4.417287641346306,2.062309425957842,-98.94216130117182
JDZG,A_10_from_low,2026-03-26,4,No Significant Move,18.84816916005061,39.277867878634204,38.803781672123215,0.4740862065109894,0.496988390025315,-97.99475061611867
JDZG,B_20_from_low,2026-04-13,15,No Significant Move,2.6130676770438788,40.7819853845311,38.86323641982108,1.9187489647100193,13.294825280301437,-97.91076119490496
JDZG,C_20_in_1_3,2026-04-13,15,No Significant Move,2.6130676770438788,40.7819853845311,38.86323641982108,1.9187489647100193,13.294825280301437,-97.91076119490496
JDZG,D_rapid_expansion,2026-04-13,15,No Significant Move,2.6130676770438788,40.7819853845311,38.86323641982108,1.9187489647100193,13.294825280301437,-97.91076119490496
JDZG,E_base_breakout,2026-04-13,15,No Significant Move,2.6130676770438788,40.7819853845311,38.86323641982108,1.9187489647100193,13.294825280301437,-97.91076119490496
YYGH,A_10_from_low,2026-03-23,1,Temporary Spike,37.096771381813554,17.507697661772966,17.294711927909304,0.21298573386366115,0.5032596344892816,-89.70954248870322
YYGH,B_20_from_low,2026-04-08,12,Temporary Spike,47.82608695652173,20.23662015550451,17.682483041602538,2.554137113901973,0.2581811529147854,-90.45643072960824
YYGH,C_20_in_1_3,2026-04-10,14,No Significant Move,17.24137931034482,27.4136653753379,17.96418302469388,9.449482350644018,0.290960495382677,-87.96680396341908
YYGH,D_rapid_expansion,2026-05-06,32,No Significant Move,12.844038730725416,35.32639102160144,26.662507358075672,8.663883663525766,3.3780203560449595,-90.9543558717978
YYGH,E_base_breakout,2026-08-26,109,No Significant Move,-2.8301861329449007,60.569084966354865,36.06021614270642,24.50886882364844,13.140736925935597,-99.41355461562156
FUBO,A_10_from_low,2026-03-31,6,Temporary Spike,53.66807234496718,20.985189067975725,19.47350773483467,1.5116813331410555,1.4321508705272998,-70.80247039312337
FUBO,B_20_from_low,2026-04-06,9,Temporary Spike,20.43910579954098,45.146995563838445,12.635259554831606,32.51173600900684,3.375070003689507,-62.74691627658249
FUBO,C_20_in_1_3,2026-04-06,9,Temporary Spike,20.43910579954098,45.146995563838445,12.635259554831606,32.51173600900684,3.375070003689507,-62.74691627658249
FUBO,D_rapid_expansion,2026-04-06,9,Temporary Spike,20.43910579954098,45.146995563838445,12.635259554831606,32.51173600900684,3.375070003689507,-62.74691627658249
FUBO,E_base_breakout,2026-06-01,48,No Significant Move,-2.083339542150253,57.28145860009847,39.98111260011631,17.300345999982156,1.250861310283192,-64.44444470608349
VIVK,A_10_from_low,2026-03-24,1,Rapid Move,113.87409258988671,34.715822650575745,45.345214928743935,-10.62939227816819,1.3183915622940015,-88.09268300126239
VIVK,B_20_from_low,2026-03-24,1,Rapid Move,113.87409258988671,34.715822650575745,45.345214928743935,-10.62939227816819,1.3183915622940015,-88.09268300126239
VIVK,C_20_in_1_3,2026-03-27,4,Temporary Spike,56.619997024536126,41.621986696058705,49.52160200111849,-7.899615305059783,2.028466141519321,-83.73983739837398
VIVK,D_rapid_expansion,2026-03-27,4,Temporary Spike,56.619997024536126,41.621986696058705,49.52160200111849,-7.899615305059783,2.028466141519321,-83.73983739837398
ONCO,A_10_from_low,2026-03-25,1,True Explosion,122.11222688560932,43.32755808106884,34.81450737890691,8.513050702161927,2.513158030260895,-67.24324406804266
ONCO,B_20_from_low,2026-03-26,2,True Explosion,109.00621570548736,46.066986551583014,33.31756513081808,12.749421420764932,3.738388785678095,-65.18918836438978
ONCO,C_20_in_1_3,2026-04-29,25,No Significant Move,-4.532972404294755,33.43163284703088,30.3622188356304,3.0694140114004824,0.10671135978146969,-92.1297295029099
ONCO,E_base_breakout,2026-09-03,113,Temporary Spike,42.083886396938055,46.62799979959827,32.98902390256545,13.638975897032822,1.498752339363693,-99.2010810568526
ONCO,D_rapid_expansion,2026-09-04,114,No Significant Move,-6.862744525137964,65.6077753556499,31.846738472258025,33.76103688339188,12.614658983264919,-98.89729731791729
XTLB,A_10_from_low,2026-04-29,25,No Significant Move,12.640457677955697,74.15541179468545,48.467123331756966,25.688288462928483,19.97592165343817,-16.82243532088632
XTLB,B_20_from_low,2026-04-29,25,No Significant Move,12.640457677955697,74.15541179468545,48.467123331756966,25.688288462928483,19.97592165343817,-16.82243532088632
XTLB,C_20_in_1_3,2026-04-29,25,No Significant Move,12.640457677955697,74.15541179468545,48.467123331756966,25.688288462928483,19.97592165343817,-16.82243532088632
XTLB,D_rapid_expansion,2026-04-29,25,No Significant Move,12.640457677955697,74.15541179468545,48.467123331756966,25.688288462928483,19.97592165343817,-16.82243532088632
XTLB,E_base_breakout,2026-04-29,25,No Significant Move,12.640457677955697,74.15541179468545,48.467123331756966,25.688288462928483,19.97592165343817,-16.82243532088632
RENX,A_10_from_low,2026-03-30,3,True Explosion,118.86792113323499,32.775497574735425,45.96087458021421,-13.185377005478784,0.30773985591818487,-70.55555545744092
RENX,B_20_from_low,2026-03-31,4,True Explosion,95.50562219146592,36.754248069916166,35.774368522473225,0.9798795474429411,1.0555533587006298,-67.03703814900295
RENX,C_20_in_1_3,2026-04-01,5,Temporary Spike,20.689663677238592,50.52888311514856,35.58135353917258,14.947529575975977,16.979992691501693,-51.6666694629339
RENX,D_rapid_expansion,2026-04-01,5,Temporary Spike,20.689663677238592,50.52888311514856,35.58135353917258,14.947529575975977,16.979992691501693,-51.6666694629339
RENX,E_base_breakout,2026-06-11,54,No Significant Move,15.26316235270202,51.53494395591465,44.14130858803297,7.393635367881679,2.446098248193066,-64.81481587772342
ADV,A_10_from_low,2026-03-27,1,Temporary Spike,37.93508360855746,76.34008141577343,56.86744849064327,19.472632925130156,3.6986514927118246,-10.280702825178178
ADV,B_20_from_low,2026-03-27,1,Temporary Spike,37.93508360855746,76.34008141577343,56.86744849064327,19.472632925130156,3.6986514927118246,-10.280702825178178
ADV,C_20_in_1_3,2026-04-07,7,Temporary Spike,63.90532134149005,58.72018664983884,79.53639259293936,-20.816205943100528,1.0943080180778104,-16.98245667574698
ADV,E_base_breakout,2026-05-06,28,No Significant Move,7.438011390321364,77.35873993238329,63.03118692330441,14.327553009078876,1.3907120743034056,0.0
ADV,D_rapid_expansion,2026-05-22,40,No Significant Move,2.8125705225341635,67.39513814735938,52.38739096514347,15.007747182215908,1.5609654163619266,-4.771548317180185
CDT,A_10_from_low,2026-03-30,2,No Significant Move,-28.07486631016043,29.549436228220742,29.517926161890287,0.03151006633045483,16.791178763170112,-77.60479041916167
CDT,B_20_from_low,2026-03-30,2,No Significant Move,-28.07486631016043,29.549436228220742,29.517926161890287,0.03151006633045483,16.791178763170112,-77.60479041916167
CDT,C_20_in_1_3,2026-04-08,8,Temporary Spike,21.484374679857865,27.343166666444702,22.782765033431517,4.560401633013186,0.9529825967042365,-87.73652676336779
CDT,D_rapid_expansion,2026-06-18,58,True Explosion,86.76470189496027,39.884185536741036,26.10701837058535,13.777167166155685,16.491667272643138,-97.5568862732299
CDT,E_base_breakout,2026-06-18,58,True Explosion,86.76470189496027,39.884185536741036,26.10701837058535,13.777167166155685,16.491667272643138,-97.5568862732299
LBGJ,A_10_from_low,2026-03-27,1,Temporary Spike,37.820515067280105,21.585267411629715,22.564332641278398,-0.9790652296486826,2.3930257150963348,-99.08235295613606
LBGJ,B_20_from_low,2026-03-30,2,Temporary Spike,20.560747663551403,21.866889613875713,22.39047575978212,-0.5235861459064068,0.623439671489929,-98.95098039215686
LBGJ,C_20_in_1_3,2026-05-06,28,No Significant Move,15.686274509803933,25.43728732257624,22.764918186236343,2.6723691363398956,15.749108637124356,-99.0
LBGJ,D_rapid_expansion,2026-05-06,28,No Significant Move,15.686274509803933,25.43728732257624,22.764918186236343,2.6723691363398956,15.749108637124356,-99.0
LBGJ,E_base_breakout,2026-06-05,49,Temporary Spike,36.28318584070796,37.31108395926159,30.085958751071246,7.225125208190342,4.7117003367003365,-98.8921568627451
TRUG,A_10_from_low,2026-03-27,1,Temporary Spike,26.174499579647215,34.296911200414556,34.46552727814954,-0.16861607773498122,4.477965940894644,-58.611113784735046
TRUG,B_20_from_low,2026-03-30,2,Temporary Spike,24.2290729928464,35.01013722305518,38.41437656170056,-3.4042393386453753,9.318713726028102,-57.96296405857644
TRUG,C_20_in_1_3,2026-04-22,18,No Significant Move,0.3623184962974646,33.17755771659509,29.983732075428478,3.1938256411666117,0.6049661772666604,-74.44444498407496
TRUG,E_base_breakout,2026-07-06,68,Temporary Spike,21.192056587623796,49.119677971636534,37.947261402173794,11.17241656946274,5.740557751427317,-86.01851885374354
TRUG,D_rapid_expansion,2026-08-17,98,No Significant Move,15.584416589722494,69.30296257636428,31.439980340560425,37.862982235803855,17.98614068909861,-85.74074134578102
ATXG,A_10_from_low,2026-03-31,2,Temporary Spike,44.18013621247039,57.2937588360308,52.34537968365094,4.948379152379857,0.40605320588332355,-21.216020746714737
ATXG,B_20_from_low,2026-03-31,2,Temporary Spike,44.18013621247039,57.2937588360308,52.34537968365094,4.948379152379857,0.40605320588332355,-21.216020746714737
ATXG,C_20_in_1_3,2026-04-09,8,No Significant Move,11.424540554965802,69.17308929663852,53.74682412884665,15.426265167791875,0.42751565247929546,0.0
EJH,A_10_from_low,2026-03-30,1,No Significant Move,8.474578668385702,26.032039732723888,25.946872939851417,0.08516679287247086,0.3013680149530758,-90.65346576199673
EJH,B_20_from_low,2026-05-20,37,Gradual Rise,94.30378796561129,35.17393794354268,27.03724229951814,8.136695644024542,0.6033342154008997,-93.74257408746398
EJH,E_base_breakout,2026-06-05,48,True Explosion,75.42856761387415,49.58954655818663,37.3796379561887,12.209908601997931,1.2520064205457464,-93.06930693069306
EJH,C_20_in_1_3,2026-06-09,50,No Significant Move,-0.09755390673273912,61.09978919097964,40.05050379652676,21.04928539445288,10.612031386224935,-91.88118830765828
EJH,D_rapid_expansion,2026-06-09,50,No Significant Move,-0.09755390673273912,61.09978919097964,40.05050379652676,21.04928539445288,10.612031386224935,-91.88118830765828
FBLG,A_10_from_low,2026-04-01,3,Temporary Spike,37.59398374935432,20.093335140084406,41.263648729875435,-21.17031358979103,6.145771715360575,-84.712642849728
FBLG,B_20_from_low,2026-04-01,3,Temporary Spike,37.59398374935432,20.093335140084406,41.263648729875435,-21.17031358979103,6.145771715360575,-84.712642849728
FBLG,C_20_in_1_3,2026-06-30,64,No Significant Move,3.164553897907929,48.124109343458926,24.96693392949922,23.157175413959706,1.2794708919182547,-89.10344787802526
FBLG,D_rapid_expansion,2026-08-03,87,Gradual Rise,126.29582078759816,49.23967075725902,27.22775204113377,22.01191871612525,3.0205581715860803,-90.90804567902764
FBLG,E_base_breakout,2026-08-05,89,Gradual Rise,153.45623518510365,56.36405377471096,31.407628300866804,24.956425473844156,1.68598092503333,-90.02298862134974
SVRN,A_10_from_low,2026-03-31,2,Rapid Move,75.77464380095904,45.57238626246888,28.86095064425882,16.71143561821006,0.17664787355461314,-72.04724405014224
SVRN,B_20_from_low,2026-04-02,4,Temporary Spike,57.77496565084475,49.92517093051122,40.798786014809814,9.126384915701408,0.16541850696816188,-68.85826784957328
SVRN,C_20_in_1_3,2026-04-06,5,Temporary Spike,30.271395006529378,57.354733683252064,44.961215901403314,12.39351778184875,0.19128496733977085,-62.28346430085347
SVRN,D_rapid_expansion,2026-05-19,36,True Explosion,83.78048835802052,51.290906519018165,37.606569452987074,13.684337066031091,8.512892970681738,-67.71653569914653
SVRN,E_base_breakout,2026-09-02,109,No Significant Move,6.631685866946402,79.89896629286551,68.45876694080897,11.440199352056538,6.254091044332044,-58.7401586628735
AGL,A_10_from_low,2026-04-01,2,True Explosion,231.8974421574519,39.46281181063993,36.224328156003295,3.2384836546366316,2.5639492520463456,-61.76470588235294
AGL,B_20_from_low,2026-04-01,2,True Explosion,231.8974421574519,39.46281181063993,36.224328156003295,3.2384836546366316,2.5639492520463456,-61.76470588235294
AGL,C_20_in_1_3,2026-04-06,4,Rapid Move,131.80516133184034,55.512837347573225,35.010811274696835,20.50202607287639,2.780823204424739,-45.25490181118834
AGL,D_rapid_expansion,2026-04-06,4,Rapid Move,131.80516133184034,55.512837347573225,35.010811274696835,20.50202607287639,2.780823204424739,-45.25490181118834
AGL,E_base_breakout,2026-05-07,27,Temporary Spike,63.42730363600517,85.13445828859497,63.664852834319795,21.469605454275175,6.936310101829002,0.0
AKTX,A_10_from_low,2026-03-31,1,Temporary Spike,25.436891621767586,27.724215353986224,26.49216767766552,1.232047676320704,2.2653343383571087,-56.20748303457215
AKTX,B_20_from_low,2026-04-09,7,Temporary Spike,68.1122455185823,25.92329852721997,25.353275220715247,0.5700233065047229,0.2633497143125867,-66.66666666666667
AKTX,C_20_in_1_3,2026-04-15,11,Temporary Spike,42.950107629694266,36.657548466469486,25.354923336795736,11.30262512967375,0.3063779267469526,-60.79931935551729
AKTX,D_rapid_expansion,2026-04-20,14,No Significant Move,10.942762442860833,52.049024474872176,31.647181970045253,20.401842504826924,11.02705398029789,-49.489796414865836
AKTX,E_base_breakout,2026-07-07,67,No Significant Move,-1.4857852005020211,63.11078889804452,43.68273212159294,19.428056776451577,1.523934558675015,-29.79591801428133
MODD,A_10_from_low,2026-03-31,1,No Significant Move,11.931810844125469,34.77887053833891,26.212656085891098,8.56621445244781,4.3894853221439325,-65.42239651915756
MODD,B_20_from_low,2026-03-31,1,No Significant Move,11.931810844125469,34.77887053833891,26.212656085891098,8.56621445244781,4.3894853221439325,-65.42239651915756
MODD,C_20_in_1_3,2026-04-17,13,No Significant Move,-6.143346848330222,49.50279827888736,35.17358914200857,14.329209136878795,0.6551983717623442,-61.62409981765897
MODD,D_rapid_expansion,2026-05-26,39,No Significant Move,14.285710115126982,59.911357870641275,31.61088498758113,28.300472883060145,1.7611741160773848,-67.91093681417578
MODD,E_base_breakout,2026-05-26,39,No Significant Move,14.285710115126982,59.911357870641275,31.61088498758113,28.300472883060145,1.7611741160773848,-67.91093681417578
PAVS,A_10_from_low,2026-03-31,1,No Significant Move,-2.3474178403755874,31.259978835480084,33.86022772285652,-2.600248887376438,0.908554976446006,-92.38197424892704
PAVS,B_20_from_low,2026-05-04,24,No Significant Move,8.130081300813007,31.252378695989933,30.509468777275117,0.7429099187148154,0.12902172137840925,-95.6008583690987
PAVS,C_20_in_1_3,2026-07-23,79,Temporary Spike,64.12859661092216,24.7309105874548,20.057296753470155,4.673613833984646,13.527146102206537,-99.78862661489943
PAVS,D_rapid_expansion,2026-07-23,79,Temporary Spike,64.12859661092216,24.7309105874548,20.057296753470155,4.673613833984646,13.527146102206537,-99.78862661489943
AUUD,A_10_from_low,2026-04-01,1,Gradual Rise,85.32111440260002,43.47685317803938,47.47181363109064,-3.994960453051263,5.919623343860855,-39.91025557445895
AUUD,B_20_from_low,2026-04-01,1,Gradual Rise,85.32111440260002,43.47685317803938,47.47181363109064,-3.994960453051263,5.919623343860855,-39.91025557445895
AUUD,C_20_in_1_3,2026-04-15,10,Rapid Move,117.2043048242486,43.71475752304283,32.554507691595504,11.160249831447324,0.7419176218102067,-48.730765671889756
AUUD,E_base_breakout,2026-04-23,16,No Significant Move,-49.20948691096121,50.55318437071808,44.043823196797376,6.509361173920702,19.688821004858028,-44.210254312674415
AUUD,D_rapid_expansion,2026-05-15,32,Temporary Spike,31.122443021609957,41.9035696737486,30.7527624120726,11.150807261676,11.519823697027464,-78.38974211226939
BARK,A_10_from_low,2026-04-14,9,No Significant Move,14.699570068869194,30.485411324616777,18.942990520912886,11.542420803703891,0.85938479280002,-50.37274039371209
BARK,B_20_from_low,2026-04-15,10,No Significant Move,5.320196868452887,39.21237054188609,18.452825459521264,20.759545082364824,1.0612522969011624,-45.95314564739097
BARK,C_20_in_1_3,2026-04-15,10,No Significant Move,5.320196868452887,39.21237054188609,18.452825459521264,20.759545082364824,1.0612522969011624,-45.95314564739097
BARK,E_base_breakout,2026-07-01,63,No Significant Move,2.1355574044616743,59.51788081209329,50.7734139363262,8.744466875767088,1.3000526870389884,-42.65175684779267
UCAR,A_10_from_low,2026-04-01,1,Rapid Move,361.0281989284805,24.717403808852325,24.206160808967084,0.5112429998852406,13.137072647338002,-96.52449583884697
UCAR,B_20_from_low,2026-04-02,2,True Explosion,320.957008388244,25.153863654567274,23.740968155493505,1.4128954990737697,0.5605955483344376,-96.19366017940949
UCAR,C_20_in_1_3,2026-04-08,5,No Significant Move,16.80671587038205,38.83621670573186,23.099653230218095,15.736563475513762,11.04906789172812,-86.2824203912824
UCAR,D_rapid_expansion,2026-04-08,5,No Significant Move,16.80671587038205,38.83621670573186,23.099653230218095,15.736563475513762,11.04906789172812,-86.2824203912824
UCAR,E_base_breakout,2026-07-13,70,No Significant Move,1.5037579158775127,54.63716357485118,41.04303695331721,13.594126621533967,12.073772622729765,-92.33429386931991
CNSY,A_10_from_low,2026-04-09,5,Rapid Move,104.08162868107328,34.09783394229464,23.33144307139426,10.76639087090038,1.807158134212462,-74.29508146692496
CNSY,B_20_from_low,2026-04-09,5,Rapid Move,104.08162868107328,34.09783394229464,23.33144307139426,10.76639087090038,1.807158134212462,-74.29508146692496
CNSY,C_20_in_1_3,2026-04-10,6,Temporary Spike,66.66666004392863,44.391090616664954,21.211392252823018,23.179698363841936,2.5044724765395157,-68.52458891321402
CNSY,D_rapid_expansion,2026-04-10,6,Temporary Spike,66.66666004392863,44.391090616664954,21.211392252823018,23.179698363841936,2.5044724765395157,-68.52458891321402
CNSY,E_base_breakout,2026-05-21,35,No Significant Move,3.7735883007274262,60.62467962583592,46.69038282932846,13.934296796507454,1.826947637292465,-54.819673006651826
NCT,A_10_from_low,2026-04-02,1,No Significant Move,19.202897580474687,43.089522834280565,32.9177642606854,10.171758573595163,7.582152192837086,-54.190872252676044
NCT,B_20_from_low,2026-04-08,4,Gradual Rise,91.52543171947751,35.40636863636995,28.567706319201676,6.838662317168271,0.3316362131064513,-70.62240742058327
NCT,C_20_in_1_3,2026-04-09,5,Temporary Spike,54.79452129360909,41.325990836224854,41.55711633357613,-0.23112549735127885,0.5734460907295423,-63.651451907787845
NCT,D_rapid_expansion,2026-05-28,39,No Significant Move,13.144323118613244,69.9682139385738,47.97875749859563,21.98945643997817,19.555934360521867,-35.60165887093984
NCT,E_base_breakout,2026-05-28,39,No Significant Move,13.144323118613244,69.9682139385738,47.97875749859563,21.98945643997817,19.555934360521867,-35.60165887093984
AIIO,A_10_from_low,2026-04-15,8,Gradual Rise,349.99999038634775,22.910932154229158,25.13051744134927,-2.219585287120111,4.853691427062607,-90.74626832211248
AIIO,B_20_from_low,2026-04-16,9,Gradual Rise,1197.6022455062384,26.391263333812347,24.624433779327077,1.7668295544852697,1.0530542470680262,-89.41791027461693
AIIO,C_20_in_1_3,2026-05-08,25,True Explosion,969.7674018876376,46.07900534154125,27.776135867494048,18.3028694740472,18.156915654485307,-87.16417852555969
AIIO,D_rapid_expansion,2026-05-08,25,True Explosion,969.7674018876376,46.07900534154125,27.776135867494048,18.3028694740472,18.156915654485307,-87.16417852555969
AIIO,E_base_breakout,2026-05-08,25,True Explosion,969.7674018876376,46.07900534154125,27.776135867494048,18.3028694740472,18.156915654485307,-87.16417852555969
BCAB,A_10_from_low,2026-04-07,2,Temporary Spike,31.759658101606835,27.82296418213096,38.01010801724106,-10.1871438351101,6.006195127867812,-88.8383237187734
BCAB,B_20_from_low,2026-04-16,9,Temporary Spike,25.050917663913495,33.61631139864501,27.833364216627714,5.7829471820172955,0.8740785935123464,-88.2395213235638
BCAB,C_20_in_1_3,2026-04-20,11,No Significant Move,7.90860816765897,42.27906216818159,27.089249229693237,15.189812938488352,2.718875115018431,-86.37125734797495
BCAB,D_rapid_expansion,2026-04-20,11,No Significant Move,7.90860816765897,42.27906216818159,27.089249229693237,15.189812938488352,2.718875115018431,-86.37125734797495
BCAB,E_base_breakout,2026-07-06,63,No Significant Move,-2.1834040676500743,64.10875761803017,47.25445955665627,16.854298061373896,2.047410539030651,-89.02994030250046
BDRX,A_10_from_low,2026-04-06,1,No Significant Move,14.470283187066313,43.088984345372644,20.947670741536925,22.14131360383572,0.8430950685815793,-76.68674821309588
BDRX,B_20_from_low,2026-04-06,1,No Significant Move,14.470283187066313,43.088984345372644,20.947670741536925,22.14131360383572,0.8430950685815793,-76.68674821309588
BDRX,C_20_in_1_3,2026-04-20,11,No Significant Move,17.32101647147544,56.22951060328676,36.46753263936069,19.76197796392607,0.1262398966481757,-73.91566370962525
BDRX,D_rapid_expansion,2026-05-05,22,No Significant Move,13.392854957100099,61.3934253627834,42.2472853213402,19.146140041443196,19.003131709446393,-73.01204869805649
BDRX,E_base_breakout,2026-05-05,22,No Significant Move,13.392854957100099,61.3934253627834,42.2472853213402,19.146140041443196,19.003131709446393,-73.01204869805649
GNLN,A_10_from_low,2026-04-06,1,Rapid Move,146.8531539069512,31.330516651036433,25.626823646711927,5.703693004324506,1.6763391487335406,-84.78723398319138
GNLN,B_20_from_low,2026-04-07,2,Rapid Move,153.95683508766814,30.91735489230126,23.552108771294073,7.365246121007189,11.648329279622534,-85.21276550953502
GNLN,C_20_in_1_3,2026-04-13,6,True Explosion,119.93769030778725,38.55029337660185,31.330516651036433,7.219776725565417,0.4378690046008333,-82.92553101907004
GNLN,D_rapid_expansion,2026-08-18,94,Temporary Spike,27.868857584919816,75.23825904238733,38.94739284384198,36.290866198545345,13.401452003226673,-83.77659533994128
GNLN,E_base_breakout,2026-08-18,94,Temporary Spike,27.868857584919816,75.23825904238733,38.94739284384198,36.290866198545345,13.401452003226673,-83.77659533994128
HKIT,A_10_from_low,2026-04-06,1,No Significant Move,-8.021390374331549,22.098725937122182,21.63366806942065,0.4650578677015318,0.53745321804539,-98.34513274336283
HKIT,B_20_from_low,2026-05-04,21,Gradual Rise,245.0980392156863,22.620197491297247,21.87721146764015,0.742986023657096,1.5193544008588244,-99.24778761061947
HKIT,C_20_in_1_3,2026-05-14,29,Gradual Rise,236.0061170325261,24.218297137184678,22.455314670480092,1.7629824667045852,1.7500953305369709,-99.22743364632306
HKIT,D_rapid_expansion,2026-05-14,29,Gradual Rise,236.0061170325261,24.218297137184678,22.455314670480092,1.7629824667045852,1.7500953305369709,-99.22743364632306
HKIT,E_base_breakout,2026-05-14,29,Gradual Rise,236.0061170325261,24.218297137184678,22.455314670480092,1.7629824667045852,1.7500953305369709,-99.22743364632306
HTCR,A_10_from_low,2026-04-08,3,No Significant Move,7.9444450257737165,39.49979845805821,40.78465517265307,-1.2848567145948593,3.455151878247029,-47.97688056442083
HTCR,B_20_from_low,2026-05-01,20,No Significant Move,5.898877570852168,49.17193760073577,41.12630445684066,8.04563314389511,4.093427789857614,-48.55491468887203
HTCR,E_base_breakout,2026-06-04,43,No Significant Move,-2.3746679439360263,61.88297443458866,56.040668261974666,5.842306172613995,1.253680800942285,-45.23121502792253
HTCR,C_20_in_1_3,2026-08-03,83,No Significant Move,9.773577932193046,50.586409387214545,27.955075930453546,22.631333456761,4.157207718501702,-61.70520135620203
HTCR,D_rapid_expansion,2026-08-03,83,No Significant Move,9.773577932193046,50.586409387214545,27.955075930453546,22.631333456761,4.157207718501702,-61.70520135620203
LNKS,A_10_from_low,2026-04-06,1,Temporary Spike,32.18884225571406,29.055487644478987,29.103685011554404,-0.04819736707541722,7.29441427067819,-99.2992481432463
LNKS,B_20_from_low,2026-04-06,1,Temporary Spike,32.18884225571406,29.055487644478987,29.103685011554404,-0.04819736707541722,7.29441427067819,-99.2992481432463
LNKS,C_20_in_1_3,2026-04-10,5,No Significant Move,4.147461336638236,29.135669580037202,28.973923119629518,0.16174646040768437,10.378922881466444,-99.34736839810708
LNKS,D_rapid_expansion,2026-04-10,5,No Significant Move,4.147461336638236,29.135669580037202,28.973923119629518,0.16174646040768437,10.378922881466444,-99.34736839810708
SKK,A_10_from_low,2026-04-06,1,Gradual Rise,601.1719204747361,49.05520561019096,41.3676372289509,7.687568381240062,3.0758799235653087,-26.85714449201312
SKK,B_20_from_low,2026-04-06,1,Gradual Rise,601.1719204747361,49.05520561019096,41.3676372289509,7.687568381240062,3.0758799235653087,-26.85714449201312
SKK,C_20_in_1_3,2026-05-04,21,No Significant Move,-37.489744480208756,92.6672183217478,35.283462591331556,57.38375573041624,17.667548904499412,0.0
SKK,D_rapid_expansion,2026-05-04,21,No Significant Move,-37.489744480208756,92.6672183217478,35.283462591331556,57.38375573041624,17.667548904499412,0.0
SKK,E_base_breakout,2026-05-04,21,No Significant Move,-37.489744480208756,92.6672183217478,35.283462591331556,57.38375573041624,17.667548904499412,0.0
WNW,A_10_from_low,2026-04-08,3,Rapid Move,71.39174998002937,22.31899657089916,22.82370780909308,-0.50471123819392,0.3989169288587329,-98.19534878398098
WNW,B_20_from_low,2026-04-16,9,No Significant Move,19.604319492905976,24.83462519609786,22.249520535273987,2.5851046608238732,11.980072180782368,-97.41395351498626
WNW,C_20_in_1_3,2026-04-16,9,No Significant Move,19.604319492905976,24.83462519609786,22.249520535273987,2.5851046608238732,11.980072180782368,-97.41395351498626
WNW,D_rapid_expansion,2026-04-16,9,No Significant Move,19.604319492905976,24.83462519609786,22.249520535273987,2.5851046608238732,11.980072180782368,-97.41395351498626
WNW,E_base_breakout,2026-08-11,89,Temporary Spike,26.804121937581037,48.254690998640044,36.33694159162994,11.917749407010106,3.5532780708364733,-98.64651158798573
XRTX,A_10_from_low,2026-04-06,1,Temporary Spike,55.17241414747114,60.27560822321724,42.781066234422084,17.494541988795156,5.958549222797927,-23.934427229059363
XRTX,B_20_from_low,2026-04-08,3,Temporary Spike,28.113878218502396,69.09610229535788,49.689976228287804,19.406126067070076,7.475638725941727,-7.868852894718181
XRTX,C_20_in_1_3,2026-04-22,13,No Significant Move,13.427566243298173,62.37591895863112,49.64048497059874,12.735433988032376,0.17104752581716487,-7.213115804908565
XRTX,D_rapid_expansion,2026-08-27,101,No Significant Move,1.6393426604503158,66.90954793765134,43.56185831726373,23.347689620387612,3.3096446700507616,-19.99999687319891
XRTX,E_base_breakout,2026-08-27,101,No Significant Move,1.6393426604503158,66.90954793765134,43.56185831726373,23.347689620387612,3.3096446700507616,-19.99999687319891
CHR,A_10_from_low,2026-04-09,3,No Significant Move,13.953488694454542,18.91765894472853,33.35397114769229,-14.436312202963762,7.892749291241955,-68.14814818085303
CHR,B_20_from_low,2026-04-09,3,No Significant Move,13.953488694454542,18.91765894472853,33.35397114769229,-14.436312202963762,7.892749291241955,-68.14814818085303
CHR,C_20_in_1_3,2026-05-18,30,Temporary Spike,52.06185364294975,51.98610440105939,36.87661552628778,15.109488874771614,2.0494567253653053,-64.07407364891064
CHR,D_rapid_expansion,2026-05-18,30,Temporary Spike,52.06185364294975,51.98610440105939,36.87661552628778,15.109488874771614,2.0494567253653053,-64.07407364891064
CHR,E_base_breakout,2026-05-27,36,Temporary Spike,31.111113230387378,61.62987948452299,45.88881896183012,15.74106052269287,3.520613614573346,-58.333334069193135
MOBX,A_10_from_low,2026-04-08,2,No Significant Move,7.894737254879813,42.15634574119777,42.54735003907387,-0.39100429787610125,0.47438720224851727,-72.85714273550073
MOBX,B_20_from_low,2026-04-13,5,Temporary Spike,20.588232973867648,41.35970018614871,44.71836289760362,-3.3586627114549117,0.30775797450807185,-75.71428504525397
MOBX,C_20_in_1_3,2026-05-14,28,No Significant Move,-1.6077155627924444,55.48845179090684,37.39921578936914,18.089236001537706,18.258324753779746,-72.23214332090349
MOBX,D_rapid_expansion,2026-05-14,28,No Significant Move,-1.6077155627924444,55.48845179090684,37.39921578936914,18.089236001537706,18.258324753779746,-72.23214332090349
MOBX,E_base_breakout,2026-05-14,28,No Significant Move,-1.6077155627924444,55.48845179090684,37.39921578936914,18.089236001537706,18.258324753779746,-72.23214332090349
JTAI,A_10_from_low,2026-04-08,1,Temporary Spike,61.821238582203634,17.90268640017071,26.7119940428817,-8.80930764271099,9.185730581505334,-97.62083268087227
JTAI,B_20_from_low,2026-04-09,2,Temporary Spike,39.99992760311342,20.384738221098857,26.14595433194046,-5.761216110841602,4.6849876913437845,-97.24999998952151
JTAI,C_20_in_1_3,2026-04-15,6,Temporary Spike,20.6265741855848,24.944192961723033,17.90268640017071,7.041506561552325,0.6140428998978773,-96.80833344580253
JTAI,E_base_breakout,2026-05-26,34,Temporary Spike,21.019144091381882,45.41362315037057,33.03549983610422,12.378123314266347,3.0227658468287433,-96.72916630690494
JTAI,D_rapid_expansion,2026-05-27,35,No Significant Move,12.293152869401624,50.08151237133433,32.298350148947364,17.783162222386963,2.1352915745274226,-96.47499884107825
NXTS,A_10_from_low,2026-04-09,2,Temporary Spike,33.54838517817866,42.566387368896685,35.0815262408414,7.484861128055286,6.46379357816208,-70.8646611262332
NXTS,B_20_from_low,2026-04-09,2,Temporary Spike,33.54838517817866,42.566387368896685,35.0815262408414,7.484861128055286,6.46379357816208,-70.8646611262332
NXTS,C_20_in_1_3,2026-05-07,22,No Significant Move,15.384617265629853,65.43683377336842,49.00999288323002,16.4268408901384,5.537717935439323,-63.345865346803734
NXTS,D_rapid_expansion,2026-05-07,22,No Significant Move,15.384617265629853,65.43683377336842,49.00999288323002,16.4268408901384,5.537717935439323,-63.345865346803734
NXTS,E_base_breakout,2026-05-07,22,No Significant Move,15.384617265629853,65.43683377336842,49.00999288323002,16.4268408901384,5.537717935439323,-63.345865346803734
RDGT,A_10_from_low,2026-04-08,1,No Significant Move,1.6722392025688038,32.55374580651325,32.5405970347597,0.013148771753549227,2.8177239614750067,-99.4432029777399
RDGT,B_20_from_low,2026-04-08,1,No Significant Move,1.6722392025688038,32.55374580651325,32.5405970347597,0.013148771753549227,2.8177239614750067,-99.4432029777399
RDGT,C_20_in_1_3,2026-05-20,31,Temporary Spike,53.6585367626551,32.86715700316044,32.5281259422635,0.3390310608969429,0.613263437578543,-99.69459963022442
RDGT,D_rapid_expansion,2026-05-29,37,Gradual Rise,72.0670385108615,33.598134056075565,32.72192860284731,0.8762054532282519,6.501542631412012,-99.6666666737704
RDGT,E_base_breakout,2026-05-29,37,Gradual Rise,72.0670385108615,33.598134056075565,32.72192860284731,0.8762054532282519,6.501542631412012,-99.6666666737704
RUBI,A_10_from_low,2026-04-09,1,No Significant Move,4.603580562659837,19.25141519788562,15.093663334090522,4.157751863795099,2.070600164775968,-96.42514285714286
RUBI,B_20_from_low,2026-04-24,12,No Significant Move,7.352941176470584,24.763795243865516,20.341524692464063,4.4222705514014535,0.35144186855726156,-96.89142857142858
RUBI,C_20_in_1_3,2026-06-11,45,True Explosion,100.0,22.52184309009577,15.817828360385462,6.704014729710309,11.443483822336939,-99.43314285714285
RUBI,D_rapid_expansion,2026-06-11,45,True Explosion,100.0,22.52184309009577,15.817828360385462,6.704014729710309,11.443483822336939,-99.43314285714285
WORX,A_10_from_low,2026-07-23,5,Temporary Spike,32.636361160225746,,,,,-17.920252698255766
WORX,B_20_from_low,2026-07-28,8,No Significant Move,19.57055997494801,,,,,-8.9511748599725
WORX,C_20_in_1_3,2026-08-07,16,No Significant Move,0.0,38.18825600698792,,,,-36.82518041872063
AKAN,A_10_from_low,2026-04-13,1,Rapid Move,2396.835423507211,41.52615308347642,39.0357408488653,2.490412234611121,1.0296709816846326,-77.87003013242116
AKAN,B_20_from_low,2026-04-15,3,Rapid Move,2283.68588791042,45.206185547522956,37.21178999768333,7.9943955498396235,0.5570305776344385,-76.81955790955519
AKAN,C_20_in_1_3,2026-04-22,8,Rapid Move,672.7718044181181,86.52149064809004,45.206185547522956,41.31530510056708,19.096598012114416,-28.49778890661795
AKAN,D_rapid_expansion,2026-04-22,8,Rapid Move,672.7718044181181,86.52149064809004,45.206185547522956,41.31530510056708,19.096598012114416,-28.49778890661795
AKAN,E_base_breakout,2026-08-14,87,No Significant Move,-15.34883411463166,42.76150088053071,27.51969604773305,15.241804832797662,8.791573515690068,-88.70204975998277
CENN,A_10_from_low,2026-04-15,3,No Significant Move,13.611945411397187,27.63281499632332,55.827330443467446,-28.194515447144127,2.0551351562195266,-60.378474106040755
CENN,B_20_from_low,2026-04-27,11,No Significant Move,-0.4504500150622537,38.248859509984506,28.39922205482786,9.849637455156646,1.0068576946333734,-56.2389109276076
CENN,E_base_breakout,2026-08-14,87,Temporary Spike,25.142860412597656,51.98523813982632,47.32310565313145,4.662132486694873,1.5353535353535352,-65.50364644606393
HCAI,A_10_from_low,2026-04-13,1,Gradual Rise,230.66156907935547,56.35257817296132,33.79743176064122,22.555146412320106,0.07992796631965354,-32.124350731438554
HCAI,B_20_from_low,2026-04-13,1,Gradual Rise,230.66156907935547,56.35257817296132,33.79743176064122,22.555146412320106,0.07992796631965354,-32.124350731438554
HCAI,C_20_in_1_3,2026-04-21,7,Rapid Move,282.76877639370935,53.12575031273697,50.35089187416083,2.774858438576139,0.2998991336032961,-41.36442135934004
HCAI,D_rapid_expansion,2026-04-22,8,Rapid Move,166.83778626141054,62.231499287305724,46.10600421646121,16.125495070844515,4.995752046899107,-15.889466016499066
JEM,A_10_from_low,2026-04-13,1,No Significant Move,-1.025640064233635,47.017055801662735,49.080317923095784,-2.0632621214330484,0.05556851177884931,-61.91406226959467
JEM,B_20_from_low,2026-04-16,4,No Significant Move,7.142859846015659,45.01078677377461,55.41260566559085,-10.40181889181624,0.07547546837182897,-67.18749951493615
JEM,C_20_in_1_3,2026-05-14,24,Gradual Rise,85.91548475979273,48.43096184211038,41.85795189243806,6.573009949672318,0.6377741468970901,-72.26562288997225
JEM,D_rapid_expansion,2026-05-19,27,Temporary Spike,33.33333333333333,62.42375867908707,40.029656766067,22.394101913020073,1.987148071622644,-61.328123763087184
JEM,E_base_breakout,2026-05-19,27,Temporary Spike,33.33333333333333,62.42375867908707,40.029656766067,22.394101913020073,1.987148071622644,-61.328123763087184
MSAI,A_10_from_low,2026-04-13,1,No Significant Move,18.421050980480725,31.17497910145802,46.800850066534466,-15.625870965076444,2.5381611846890237,-67.45182106864618
MSAI,B_20_from_low,2026-04-13,1,No Significant Move,18.421050980480725,31.17497910145802,46.800850066534466,-15.625870965076444,2.5381611846890237,-67.45182106864618
MSAI,E_base_breakout,2026-05-26,31,Temporary Spike,23.100779721187024,51.40409952245314,40.40379602658607,11.000303495867065,1.7740369051472968,-65.47109366225227
MSAI,C_20_in_1_3,2026-06-11,43,No Significant Move,4.152245024332313,49.89804467159624,39.79734275042376,10.10070192117248,0.11474592424749269,-69.05781522815688
NXPL,A_10_from_low,2026-04-13,1,Temporary Spike,36.78373944700286,54.64379149402059,49.583907906591854,5.059883587428736,1.0946597903842954,-25.89041498548913
NXPL,B_20_from_low,2026-04-20,6,Temporary Spike,26.064740027888877,59.38243591210136,54.64379149402059,4.738644418080767,0.7384931528841369,-19.58904476455676
NXPL,C_20_in_1_3,2026-05-26,31,No Significant Move,17.721515167143487,62.79553318610837,41.26371615423392,21.531817031874454,8.16,-2.602740441864737
NXPL,D_rapid_expansion,2026-05-26,31,No Significant Move,17.721515167143487,62.79553318610837,41.26371615423392,21.531817031874454,8.16,-2.602740441864737
NXPL,E_base_breakout,2026-08-13,86,Temporary Spike,22.5647349096908,74.02693508717918,53.93425481125495,20.09268027592423,3.62954796030871,0.0
PN,A_10_from_low,2026-04-16,4,Gradual Rise,279.2332093150516,34.117985609985695,33.094376564207806,1.0236090457778886,8.65588960543797,-84.34999942779541
PN,B_20_from_low,2026-04-16,4,Gradual Rise,279.2332093150516,34.117985609985695,33.094376564207806,1.0236090457778886,8.65588960543797,-84.34999942779541
PN,C_20_in_1_3,2026-05-04,16,True Explosion,119.00368484266663,53.602422937915115,33.07025637356888,20.532166564346234,14.872732254734219,-72.89999961853027
PN,D_rapid_expansion,2026-05-04,16,True Explosion,119.00368484266663,53.602422937915115,33.07025637356888,20.532166564346234,14.872732254734219,-72.89999961853027
PN,E_base_breakout,2026-05-04,16,True Explosion,119.00368484266663,53.602422937915115,33.07025637356888,20.532166564346234,14.872732254734219,-72.89999961853027
QNCX,A_10_from_low,2026-04-13,1,No Significant Move,8.510636714891028,42.58012154868895,29.908736456416776,12.671385092272175,0.3574371791296526,-96.15803804319626
QNCX,B_20_from_low,2026-04-13,1,No Significant Move,8.510636714891028,42.58012154868895,29.908736456416776,12.671385092272175,0.3574371791296526,-96.15803804319626
QNCX,C_20_in_1_3,2026-07-29,75,Temporary Spike,60.95454476096413,67.1619294127153,47.46748059076811,19.694448821947184,2.0455412797354025,-97.00272479564033
QNCX,D_rapid_expansion,2026-07-29,75,Temporary Spike,60.95454476096413,67.1619294127153,47.46748059076811,19.694448821947184,2.0455412797354025,-97.00272479564033
QNCX,E_base_breakout,2026-07-29,75,Temporary Spike,60.95454476096413,67.1619294127153,47.46748059076811,19.694448821947184,2.0455412797354025,-97.00272479564033
BNRG,A_10_from_low,2026-07-17,1,Temporary Spike,28.205139436525293,,,,,0.0
BNRG,B_20_from_low,2026-07-17,1,Temporary Spike,28.205139436525293,,,,,0.0
BNRG,C_20_in_1_3,2026-08-12,19,Temporary Spike,39.15655291489068,35.36750758974772,,,,-49.37135374274065
BNRG,D_rapid_expansion,2026-08-13,20,No Significant Move,12.716764519346778,49.98297839518347,19.014037899695083,30.96894049548839,1.635362816736636,-37.49547441367223
BRNX,A_10_from_low,2026-04-15,1,Temporary Spike,33.03030892691212,39.04332641902785,28.818798132264163,10.224528286763686,6.228597871355853,-88.35978922598562
BRNX,B_20_from_low,2026-04-16,2,Temporary Spike,22.969187949439053,43.15349149507502,28.04571488499265,15.107776610082375,2.9078987020814497,-87.40740781440147
BRNX,C_20_in_1_3,2026-05-28,31,No Significant Move,0.0,42.764861105298785,33.325692903792884,9.4391682015059,0.5041374959095771,-93.05114681322758
BRNX,D_rapid_expansion,2026-07-02,55,No Significant Move,3.883499265724777,41.67782788824718,33.246563351232794,8.431264537014385,5.0954169454845735,-96.36684326479228
NMTC,A_10_from_low,2026-04-16,1,No Significant Move,18.161923250088563,49.50165136894363,44.889087460306925,4.612563908636702,2.4148659145700933,-22.358137101129905
NMTC,B_20_from_low,2026-04-17,2,No Significant Move,11.570246386874917,55.9347824145624,44.14102078588001,11.79376162868239,4.267322201219822,-17.770981583765245
NMTC,C_20_in_1_3,2026-08-14,84,Rapid Move,79.89690240200567,46.95319980563748,24.733750079227804,22.219449726409678,1.3689263892929882,-67.04043483399853
NMTC,E_base_breakout,2026-08-19,87,Temporary Spike,60.0917386543109,56.518477665868225,24.102712584273903,32.41576508159432,1.2284343904359654,-62.96296281294058
PMAX,A_10_from_low,2026-04-17,1,Gradual Rise,90.19762261806407,26.19582219185287,27.058492321509192,-0.8626701296563226,0.4937651110139569,-91.51006699274222
PMAX,B_20_from_low,2026-04-17,1,Gradual Rise,90.19762261806407,26.19582219185287,27.058492321509192,-0.8626701296563226,0.4937651110139569,-91.51006699274222
PMAX,C_20_in_1_3,2026-05-06,14,No Significant Move,6.280198967797257,54.734868912803144,25.594272271326446,29.140596641476698,15.659844806896885,-86.10738264269176
PMAX,D_rapid_expansion,2026-05-06,14,No Significant Move,6.280198967797257,54.734868912803144,25.594272271326446,29.140596641476698,15.659844806896885,-86.10738264269176
EHGO,A_10_from_low,2026-04-20,1,No Significant Move,-4.399995803833012,38.788661218053434,48.27544983831449,-9.48678862026106,0.43624013702039205,-38.48425393173579
EHGO,B_20_from_low,2026-05-06,13,No Significant Move,16.968079112864753,31.885093444752727,34.74822217157042,-2.863128726817692,1.3883725849813413,-53.74015907399728
EHGO,C_20_in_1_3,2026-05-22,25,Gradual Rise,240.90908762508846,46.77759799651873,32.60961319417716,14.167984802341572,3.355992844364937,-51.279528644606856
EHGO,D_rapid_expansion,2026-05-22,25,Gradual Rise,240.90908762508846,46.77759799651873,32.60961319417716,14.167984802341572,3.355992844364937,-51.279528644606856
EHGO,E_base_breakout,2026-05-22,25,Gradual Rise,240.90908762508846,46.77759799651873,32.60961319417716,14.167984802341572,3.355992844364937,-51.279528644606856
HUBC,A_10_from_low,2026-04-22,3,No Significant Move,-3.097348456300908,30.555747201822754,38.23772070244257,-7.681973500619819,0.6853420655623559,-99.43781093578433
HUBC,B_20_from_low,2026-05-29,29,True Explosion,269.7318010112785,30.0217611731139,28.539991676503973,1.4817694966099282,12.288008934657462,-99.93507462947522
HUBC,C_20_in_1_3,2026-05-29,29,True Explosion,269.7318010112785,30.0217611731139,28.539991676503973,1.4817694966099282,12.288008934657462,-99.93507462947522
HUBC,D_rapid_expansion,2026-05-29,29,True Explosion,269.7318010112785,30.0217611731139,28.539991676503973,1.4817694966099282,12.288008934657462,-99.93507462947522
LRHC,A_10_from_low,2026-04-21,2,No Significant Move,-15.50000386118131,27.42833690446068,27.836909989842724,-0.40857308538204506,0.3858437285985937,-96.60256397585688
LRHC,B_20_from_low,2026-04-21,2,No Significant Move,-15.50000386118131,27.42833690446068,27.836909989842724,-0.40857308538204506,0.3858437285985937,-96.60256397585688
LRHC,C_20_in_1_3,2026-06-16,41,No Significant Move,6.0869612089853975,35.56623851543176,26.356362670295084,9.20987584513668,0.3039915201023402,-98.77136752681027
LXEH,A_10_from_low,2026-04-20,1,No Significant Move,0.6512751406143824,41.17621126546351,43.73240256318464,-2.556191297721135,0.24784021358587513,-50.17699238277279
LXEH,B_20_from_low,2026-05-04,11,Temporary Spike,52.38096157169168,32.772702205352445,31.54966220338153,1.2230400019709151,1.2820781592488288,-69.02655103764475
LXEH,C_20_in_1_3,2026-05-05,12,Temporary Spike,48.14814446884923,34.12338019630644,30.544185478031963,3.579194718274479,2.9819054652880355,-68.14159264027892
LXEH,D_rapid_expansion,2026-05-05,12,Temporary Spike,48.14814446884923,34.12338019630644,30.544185478031963,3.579194718274479,2.9819054652880355,-68.14159264027892
LXEH,E_base_breakout,2026-05-19,22,Gradual Rise,71.32868094749547,53.881435695825274,35.16772293927761,18.713712756547665,1.5550072752577973,-57.81711199715923
RAYA,A_10_from_low,2026-04-21,2,Temporary Spike,23.249995708465576,38.90581651527857,47.82426384994483,-8.918447334666254,0.03147764993664087,-90.78341046229032
RAYA,B_20_from_low,2026-04-30,9,Temporary Spike,32.171576491391306,39.28340292048145,36.79757439965214,2.4858285208293083,0.011778596168881685,-91.40553021213759
RAYA,C_20_in_1_3,2026-05-06,13,No Significant Move,7.173911533644128,47.41599466272054,38.841392576710156,8.574602086010387,0.028164544579314152,-89.40092225137448
RAYA,D_rapid_expansion,2026-06-01,30,Temporary Spike,20.899476355846414,50.09603424656494,37.63353316497624,12.462501081588698,1.7164420485175202,-91.29032295278652
RAYA,E_base_breakout,2026-06-01,30,Temporary Spike,20.899476355846414,50.09603424656494,37.63353316497624,12.462501081588698,1.7164420485175202,-91.29032295278652
TDIC,A_10_from_low,2026-04-20,1,True Explosion,4377.611940298508,46.81540014240842,40.1153118711212,6.700088271287221,0.05438300855285068,-47.85992217898832
TDIC,B_20_from_low,2026-04-21,2,True Explosion,2870.2970297029706,65.20827626763815,46.63122510847455,18.577051159163602,8.76076801427924,-21.400778210116734
TDIC,C_20_in_1_3,2026-04-23,4,Gradual Rise,1954.794520547945,77.27284473111871,47.77618949968193,29.496655231436783,1.7861846558309535,0.0
TDIC,D_rapid_expansion,2026-04-23,4,Gradual Rise,1954.794520547945,77.27284473111871,47.77618949968193,29.496655231436783,1.7861846558309535,0.0
TDIC,E_base_breakout,2026-05-12,17,True Explosion,1171.1864406779662,77.2167949415516,57.231725846601776,19.98506909494982,14.037673048558332,0.0
KITT,A_10_from_low,2026-04-23,3,No Significant Move,14.75410015472194,32.9371389343722,41.426285718732736,-8.489146784360535,2.691632696949292,-71.96691249784043
KITT,B_20_from_low,2026-06-01,29,No Significant Move,0.9999990463256836,41.374166517529865,27.877000568366327,13.497165949163538,2.4308757199795097,-81.61764725217769
KITT,E_base_breakout,2026-06-01,29,No Significant Move,0.9999990463256836,41.374166517529865,27.877000568366327,13.497165949163538,2.4308757199795097,-81.61764725217769
KITT,C_20_in_1_3,2026-08-03,72,Temporary Spike,30.256405114970942,48.253979922943955,28.841439402662644,19.41254052028131,1.7200611019272218,-91.0386028163019
KITT,D_rapid_expansion,2026-08-03,72,Temporary Spike,30.256405114970942,48.253979922943955,28.841439402662644,19.41254052028131,1.7200611019272218,-91.0386028163019
ZSPC,A_10_from_low,2026-04-27,5,Temporary Spike,45.833334109435484,21.308865356505677,29.637611817199712,-8.328746460694035,1.4265115677100455,-98.30088499373039
ZSPC,B_20_from_low,2026-04-28,6,Temporary Spike,44.500000111758695,21.082423852099282,27.642058127972703,-6.559634275873421,0.2610126299120263,-98.58407077536118
ZSPC,C_20_in_1_3,2026-05-05,11,Temporary Spike,52.105267450750105,22.306710025330574,21.082423852099282,1.2242861732312917,0.05848454463260346,-98.65486727351636
ZSPC,D_rapid_expansion,2026-06-01,29,Temporary Spike,63.63637102536923,31.766100027894353,26.4633158057281,5.3027842221662524,1.9581894201054353,-98.44247788454578
ZSPC,E_base_breakout,2026-08-12,79,No Significant Move,0.0,62.81968336253917,43.62135302280523,19.198330339733943,10.968539634565188,-98.23716815594024
KUST,A_10_from_low,2026-04-23,2,No Significant Move,2.3364462553857157,53.7726009139109,48.25627128893585,5.51632962497505,6.50408171637199,-69.85915304720103
KUST,B_20_from_low,2026-05-06,11,No Significant Move,9.50000286102295,53.41530768911638,41.59779334420132,11.817514344915061,2.106741573033708,-71.83098553712584
KUST,C_20_in_1_3,2026-07-01,49,Temporary Spike,39.09774166523184,37.118402365452006,25.44859216064897,11.669810204803035,5.069539134338203,-90.63380238887359
KUST,D_rapid_expansion,2026-07-01,49,Temporary Spike,39.09774166523184,37.118402365452006,25.44859216064897,11.669810204803035,5.069539134338203,-90.63380238887359
TOUR,A_10_from_low,2026-04-23,2,No Significant Move,16.268659456983524,46.217598330369185,49.84542069981865,-3.6278223694494685,3.5421661934952415,-14.102568648348868
TOUR,B_20_from_low,2026-04-30,7,No Significant Move,5.698779956793509,55.31672221528998,46.217598330369185,9.099123884920793,0.9317927692881103,-5.5128242905243985
TOUR,E_base_breakout,2026-09-03,94,No Significant Move,1.153854265721188,59.002741971883964,37.00434191973439,21.998400052149577,2.363036303630363,-33.33333740886451
IPST,A_10_from_low,2026-04-23,1,Gradual Rise,94.18182373046875,39.02622908704306,48.988929808642,-9.962700721598935,0.25135976202675125,-87.26851874336457
IPST,B_20_from_low,2026-04-30,6,Gradual Rise,92.08633840087168,41.21383752167699,39.02622908704306,2.1876084346339297,0.10770358859613738,-87.1296299893833
IPST,C_20_in_1_3,2026-05-04,8,Temporary Spike,59.40299416735619,47.338157844681085,38.004955624508,9.333202220173085,0.41342192652285337,-84.49074145616
IPST,D_rapid_expansion,2026-05-14,16,Temporary Spike,32.50620036175729,57.04230460141521,44.337559064288016,12.704745537127195,4.9236084867462075,-81.34259195075933
IPST,E_base_breakout,2026-05-14,16,Temporary Spike,32.50620036175729,57.04230460141521,44.337559064288016,12.704745537127195,4.9236084867462075,-81.34259195075933
CUE,A_10_from_low,2026-04-24,1,True Explosion,134.07741668998528,57.78062554097078,68.07663278826234,-10.296007247291563,0.3464157046821567,-30.607844334022673
CUE,B_20_from_low,2026-04-24,1,True Explosion,134.07741668998528,57.78062554097078,68.07663278826234,-10.296007247291563,0.3464157046821567,-30.607844334022673
CUE,C_20_in_1_3,2026-05-01,6,Temporary Spike,36.16041441506628,69.77202393296747,57.78062554097078,11.99139839199669,9.495065095879607,0.0
CUE,D_rapid_expansion,2026-05-01,6,Temporary Spike,36.16041441506628,69.77202393296747,57.78062554097078,11.99139839199669,9.495065095879607,0.0
CUE,E_base_breakout,2026-07-08,51,Temporary Spike,28.71287684300605,64.21165004781322,60.2512364070626,3.960413640750623,1.9706788484011473,-1.063535048932862
MSS,A_10_from_low,2026-04-27,2,Temporary Spike,60.93750058207661,39.330348341354664,41.013507550593665,-1.683159209239001,0.8274598771443159,-75.52581189778567
MSS,B_20_from_low,2026-05-04,7,Temporary Spike,41.0958893372029,50.454422522278016,39.330348341354664,11.124074180923351,6.690929285887308,-72.08412888250302
MSS,C_20_in_1_3,2026-05-05,8,Temporary Spike,37.33333587646484,52.2353788954552,38.98929318312864,13.246085712326561,1.5723550557019421,-71.31931124509315
MSS,D_rapid_expansion,2026-05-05,8,Temporary Spike,37.33333587646484,52.2353788954552,38.98929318312864,13.246085712326561,1.5723550557019421,-71.31931124509315
MSS,E_base_breakout,2026-08-18,80,True Explosion,98.72610072121617,37.5330984280298,31.65581916581894,5.8772792622108625,3.3741713653454615,-93.9961756200579
OIO,A_10_from_low,2026-04-28,3,Temporary Spike,42.105263891716135,10.986851662330622,38.399984918084705,-27.413133255754083,6.431595970767811,-85.74999968210855
OIO,B_20_from_low,2026-05-01,6,No Significant Move,9.090912202069457,16.293966639259395,12.790495900693173,3.5034707385662216,7.74456249588664,-82.58333404858908
OIO,C_20_in_1_3,2026-05-01,6,No Significant Move,9.090912202069457,16.293966639259395,12.790495900693173,3.5034707385662216,7.74456249588664,-82.58333404858908
OIO,D_rapid_expansion,2026-05-01,6,No Significant Move,9.090912202069457,16.293966639259395,12.790495900693173,3.5034707385662216,7.74456249588664,-82.58333404858908
SOWG,A_10_from_low,2026-04-24,1,No Significant Move,15.168538498104912,22.442236266421645,34.514156215544105,-12.07191994912246,0.6778291248247363,-87.76632338105922
SOWG,B_20_from_low,2026-05-08,11,Temporary Spike,41.379302406991684,27.551424064983465,23.06436382810196,4.487060236881504,0.4143728593259368,-90.03436406408403
SOWG,C_20_in_1_3,2026-05-11,12,No Significant Move,19.883035472779852,32.45018422907506,24.765449132721315,7.684735096353748,0.5080763941721044,-88.24742257229752
SOWG,D_rapid_expansion,2026-06-10,33,Rapid Move,174.69134544239705,42.20858981179987,33.535633942396146,8.672955869403722,1.761961485010919,-88.86597949462602
SOWG,E_base_breakout,2026-06-12,35,Rapid Move,119.21181635380003,54.37994865270426,27.893078047354933,26.486870605349324,1.9487125701400179,-86.04811034516389
TDTH,A_10_from_low,2026-04-24,1,Temporary Spike,29.540815556957956,12.101305263553613,14.04311398413742,-1.9418087205838077,0.5876658801813937,-87.96807901785483
TDTH,B_20_from_low,2026-04-28,3,Temporary Spike,26.318181074355284,23.180031831327398,11.89531751996715,11.284714311360247,0.35869673154107834,-86.49478254119241
TDTH,C_20_in_1_3,2026-05-26,22,Rapid Move,91.95122118580565,45.698278813805814,22.2400506414793,23.458228172326514,1.445643346095835,-87.41559338795211
TDTH,E_base_breakout,2026-05-26,22,Rapid Move,91.95122118580565,45.698278813805814,22.2400506414793,23.458228172326514,1.445643346095835,-87.41559338795211
TDTH,D_rapid_expansion,2026-05-27,23,Temporary Spike,61.93414957517833,53.06823063503121,33.62511310458429,19.443117530446926,3.8058972856863895,-85.08287335674139
AIOS,A_10_from_low,2026-04-27,1,Rapid Move,309.057971306611,32.800527571177724,45.25580616501256,-12.455278593834834,1.4017287988519174,-71.44827678285796
AIOS,B_20_from_low,2026-04-27,1,Rapid Move,309.057971306611,32.800527571177724,45.25580616501256,-12.455278593834834,1.4017287988519174,-71.44827678285796
AIOS,C_20_in_1_3,2026-05-01,5,Temporary Spike,47.500003467906616,77.30276218229369,33.01906634646531,44.28369583582838,19.358785675121922,-24.13793103448276
AIOS,D_rapid_expansion,2026-05-01,5,Temporary Spike,47.500003467906616,77.30276218229369,33.01906634646531,44.28369583582838,19.358785675121922,-24.13793103448276
AIOS,E_base_breakout,2026-08-17,78,Temporary Spike,28.330988382427936,58.545843184526184,45.80421626164673,12.741626922879455,3.047932674716429,-50.82758541764885
CISS,A_10_from_low,2026-04-27,1,Gradual Rise,77.14118706780795,25.14887479866637,35.831226051889814,-10.682351253223445,2.7454555204032385,-89.68957192794761
CISS,B_20_from_low,2026-04-27,1,Gradual Rise,77.14118706780795,25.14887479866637,35.831226051889814,-10.682351253223445,2.7454555204032385,-89.68957192794761
CISS,C_20_in_1_3,2026-07-30,66,No Significant Move,6.617649443524898,15.898820785601629,21.396251270084917,-5.497430484483289,2.7903547726534623,-99.5901145074322
CISS,D_rapid_expansion,2026-07-30,66,No Significant Move,6.617649443524898,15.898820785601629,21.396251270084917,-5.497430484483289,2.7903547726534623,-99.5901145074322
DRCT,A_10_from_low,2026-04-27,1,Rapid Move,194.28571011512696,33.77481873480998,41.34118550731143,-7.566366772501446,2.2207554088742207,-85.09732379504355
DRCT,B_20_from_low,2026-04-28,2,Rapid Move,151.2195235416342,44.82483143258299,38.98643079891369,5.838400633669302,18.733356281585024,-82.54258033864718
DRCT,C_20_in_1_3,2026-04-30,4,True Explosion,142.76094170681853,47.29374715289084,36.63557911711137,10.658168035779468,0.27923408464636473,-81.93430698218359
IMUX,A_10_from_low,2026-04-27,1,Temporary Spike,38.27656135986701,45.93489113009677,39.21083824881978,6.7240528812769895,1.388109903330481,-31.172416950094284
IMUX,B_20_from_low,2026-04-28,2,Temporary Spike,36.65115888728651,51.23755722574717,36.5559275501435,14.681629675603666,1.2376278360933093,-25.86206896551724
IMUX,E_base_breakout,2026-05-27,22,No Significant Move,12.642860412597656,67.40191886328523,52.82099042352597,14.580928439759262,1.41931546924637,-3.4482758620689613
OCG,A_10_from_low,2026-04-27,1,Temporary Spike,38.383837532430356,40.936949231952774,48.92138960272199,-7.984440370769214,5.682217593173697,-97.32142847927544
OCG,B_20_from_low,2026-04-27,1,Temporary Spike,38.383837532430356,40.936949231952774,48.92138960272199,-7.984440370769214,5.682217593173697,-97.32142847927544
OCG,C_20_in_1_3,2026-05-06,8,Temporary Spike,28.037377346737813,49.39474488255071,37.378462238380145,12.016282644170566,9.8378239536612,-97.10497814135064
OCG,D_rapid_expansion,2026-05-06,8,Temporary Spike,28.037377346737813,49.39474488255071,37.378462238380145,12.016282644170566,9.8378239536612,-97.10497814135064
QH,A_10_from_low,2026-04-27,1,No Significant Move,16.666666666666675,96.71197405854284,41.54567002102221,55.166304037520625,0.002318995926297156,0.0
QH,B_20_from_low,2026-04-27,1,No Significant Move,16.666666666666675,96.71197405854284,41.54567002102221,55.166304037520625,0.002318995926297156,0.0
QH,C_20_in_1_3,2026-05-28,23,True Explosion,156.20000839233396,85.613278876948,75.2546688740106,10.358610002937397,10.562060889929743,0.0
QH,D_rapid_expansion,2026-05-28,23,True Explosion,156.20000839233396,85.613278876948,75.2546688740106,10.358610002937397,10.562060889929743,0.0
UP,A_10_from_low,2026-04-30,4,Gradual Rise,80.29739038905478,29.372724268494025,37.64019801772353,-8.267473749229502,1.9564454889739815,-75.54545402526855
UP,B_20_from_low,2026-05-05,7,Temporary Spike,52.92944397057329,41.37002481721051,30.799512455034716,10.570512362175798,1.428071622083866,-70.36363645033403
UP,C_20_in_1_3,2026-05-05,7,Temporary Spike,52.92944397057329,41.37002481721051,30.799512455034716,10.570512362175798,1.428071622083866,-70.36363645033403
UP,D_rapid_expansion,2026-05-22,20,No Significant Move,9.451153605742224,63.0186565995105,37.249770940979154,25.768885658531346,1.7071777849163008,-58.59091065146706
UP,E_base_breakout,2026-07-01,46,No Significant Move,3.74037565325116,60.82558356784427,44.51286168628814,16.31272188155613,1.4726479915433404,-58.68181748823687
DGNX,A_10_from_low,2026-05-20,17,Temporary Spike,69.64285429186967,22.533928984285936,16.737537413530276,5.7963915707556595,2.0636920661845126,-98.09523806241403
DGNX,B_20_from_low,2026-05-20,17,Temporary Spike,69.64285429186967,22.533928984285936,16.737537413530276,5.7963915707556595,2.0636920661845126,-98.09523806241403
DGNX,C_20_in_1_3,2026-05-28,22,Temporary Spike,32.867136073407586,35.75503035838523,22.533928984285936,13.221101374099291,1.6325109106145859,-97.56802726853334
DGNX,D_rapid_expansion,2026-05-28,22,Temporary Spike,32.867136073407586,35.75503035838523,22.533928984285936,13.221101374099291,1.6325109106145859,-97.56802726853334
DGNX,E_base_breakout,2026-06-29,43,No Significant Move,16.42857307074024,58.12416541229564,32.41732818875778,25.70683722353786,14.769814024649882,-97.61904762870176
ISPC,A_10_from_low,2026-04-30,3,Temporary Spike,29.445505855387054,44.751425470124936,50.78165654575443,-6.030231075629494,1.1507068605589683,-68.86904609176301
ISPC,B_20_from_low,2026-04-30,3,Temporary Spike,29.445505855387054,44.751425470124936,50.78165654575443,-6.030231075629494,1.1507068605589683,-68.86904609176301
ISPC,C_20_in_1_3,2026-05-01,4,No Significant Move,10.996442048078414,47.90075390209978,41.459870368232075,6.440883533867705,4.287450557133819,-66.54761820963988
ISPC,D_rapid_expansion,2026-05-01,4,No Significant Move,10.996442048078414,47.90075390209978,41.459870368232075,6.440883533867705,4.287450557133819,-66.54761820963988
VNRX,A_10_from_low,2026-04-28,1,No Significant Move,17.266187914150443,29.008233308888506,36.78197164055002,-7.773738331661512,2.0880163590880723,-60.285714694431846
VNRX,B_20_from_low,2026-05-19,16,Temporary Spike,38.723409479157844,40.975874391112086,33.82994892537856,7.1459254657335265,0.8057295509010846,-66.4285727909633
VNRX,C_20_in_1_3,2026-05-20,17,Temporary Spike,30.92369389467471,45.297853682271445,35.37007227717169,9.927781405099758,0.4616227858769869,-64.42857129233224
VNRX,D_rapid_expansion,2026-05-22,19,No Significant Move,2.2364195106523654,60.33540789470125,28.634366931848277,31.70104096285297,1.726084026589482,-55.28571265084403
VNRX,E_base_breakout,2026-05-22,19,No Significant Move,2.2364195106523654,60.33540789470125,28.634366931848277,31.70104096285297,1.726084026589482,-55.28571265084403
CTNT,A_10_from_low,2026-04-29,1,Temporary Spike,22.255193634096383,20.74240188836201,20.71434045896163,0.028061429400381144,0.438434731325644,-99.19377993168443
CTNT,B_20_from_low,2026-04-30,2,No Significant Move,-0.923076042762172,20.731360128438425,20.623088388417585,0.1082717400208395,1.5818955795720995,-99.22248803827752
CTNT,C_20_in_1_3,2026-07-28,62,No Significant Move,5.29100659252606,32.98504199207599,26.71460314740284,6.270438844673151,0.5556382966535681,-99.54784689337443
AIRE,A_10_from_low,2026-05-01,2,No Significant Move,1.52438880342729,22.701345905078284,49.87750633819353,-27.176160433115243,2.349732684119871,-75.24528323479419
AIRE,B_20_from_low,2026-05-21,16,Temporary Spike,22.88889355129666,25.9289969492135,21.282294917118946,4.646702032094552,1.1310813301771951,-83.01886792452831
AIRE,C_20_in_1_3,2026-05-22,17,No Significant Move,13.31967377303842,30.424166823178965,20.65523978833896,9.768927034840004,0.5731706006469662,-81.58490522852485
AIRE,E_base_breakout,2026-06-01,22,No Significant Move,7.03125276486396,36.66802300107594,30.424166823178965,6.243856177896973,1.4102705687465489,-80.6792457148714
BKYI,A_10_from_low,2026-04-30,1,No Significant Move,11.022048416078768,37.69389950585013,47.005707764240825,-9.311808258390691,2.151600395347069,-35.194806562022585
BKYI,B_20_from_low,2026-04-30,1,No Significant Move,11.022048416078768,37.69389950585013,47.005707764240825,-9.311808258390691,2.151600395347069,-35.194806562022585
BKYI,C_20_in_1_3,2026-05-15,12,No Significant Move,12.941180958467369,38.98895603700439,42.838350950428094,-3.8493949134237013,0.21968365553602812,-44.80519343797742
BKYI,E_base_breakout,2026-06-23,37,Temporary Spike,30.901289793392394,55.587604774517935,42.88286834348085,12.704736431037084,2.3504273504273505,-39.4805199630668
BKYI,D_rapid_expansion,2026-07-07,46,No Significant Move,-2.20712462734447,68.41407157767033,52.68629861773331,15.72777295993702,10.647230320699709,-23.506493345644397
JAGX,A_10_from_low,2026-05-04,3,Temporary Spike,27.076926598182084,17.14861845284321,28.840067642250872,-11.691449189407663,11.773616779056477,-93.50649340750944
JAGX,B_20_from_low,2026-05-04,3,Temporary Spike,27.076926598182084,17.14861845284321,28.840067642250872,-11.691449189407663,11.773616779056477,-93.50649340750944
JAGX,C_20_in_1_3,2026-05-15,12,No Significant Move,5.102035851341635,25.7258988892998,17.83682547908373,7.889073410216071,0.4641333238443854,-92.1678318960067
JAGX,E_base_breakout,2026-06-26,40,No Significant Move,1.993353587031299,42.84418851622972,26.712106931540475,16.132081584689246,1.249068256841657,-93.98601391339395
JAGX,D_rapid_expansion,2026-08-18,76,No Significant Move,6.448307459914804,36.2047727779107,21.627558004915286,14.577214772995411,1.509680349741668,-98.0479520220068
UK,A_10_from_low,2026-04-30,1,True Explosion,73.52940970226149,42.48634349501239,29.61812955119504,12.868213943817352,2.0519292341489637,-65.65656336992681
UK,B_20_from_low,2026-05-01,2,Temporary Spike,56.084659788984425,48.15244005171222,28.09090843704668,20.06153161466554,3.183569687278828,-61.81818063594089
GMEX,A_10_from_low,2026-05-01,1,No Significant Move,16.35513801192281,32.96640378340781,37.59521604385169,-4.62881226044388,0.6813323187226624,-95.22321437356693
GMEX,B_20_from_low,2026-05-07,5,No Significant Move,8.018432819677423,35.582109546535335,32.500674426378424,3.081435120156911,1.5679704329647461,-95.15624997634737
GMEX,C_20_in_1_3,2026-05-18,12,No Significant Move,12.5,38.83016707425292,32.75532740291749,6.0748396713354325,0.24489351782354293,-95.53571442087221
GMEX,D_rapid_expansion,2026-07-27,59,No Significant Move,-4.444440323629384,28.706816266026408,21.73319686905178,6.973619396974627,8.857647947151635,-99.55357145391353
TLIH,A_10_from_low,2026-05-01,1,Temporary Spike,27.049179954105075,72.47585725655965,46.710823465671595,25.765033790888054,19.738226316770888,-27.23658184558724
TLIH,B_20_from_low,2026-05-01,1,Temporary Spike,27.049179954105075,72.47585725655965,46.710823465671595,25.765033790888054,19.738226316770888,-27.23658184558724
TLIH,C_20_in_1_3,2026-05-28,19,Temporary Spike,28.074864963605783,62.19090407475479,49.54383413333624,12.64706994141855,0.009252233712940348,-25.646126172244376
TLIH,E_base_breakout,2026-07-07,45,No Significant Move,19.678715167069672,66.0586677243695,66.89316674293846,-0.8344990185689625,1.674052191038897,-0.9940395357710852
ERNA,A_10_from_low,2026-05-04,1,True Explosion,324.5989324585029,25.7572047248498,37.71493942560137,-11.957734700751573,2.7222591872248953,-89.23741004449857
ERNA,B_20_from_low,2026-05-05,2,True Explosion,297.99498938559293,31.299488350264113,34.87121733376985,-3.5717289835057358,2.2144285672879045,-88.51798558406692
ERNA,C_20_in_1_3,2026-05-07,4,True Explosion,103.06905071419168,69.81065190671941,25.83461626075821,43.976035645961204,2.7334002161032926,-77.49640238370827
ERNA,D_rapid_expansion,2026-05-07,4,True Explosion,103.06905071419168,69.81065190671941,25.83461626075821,43.976035645961204,2.7334002161032926,-77.49640238370827
ERNA,E_base_breakout,2026-06-25,37,Temporary Spike,33.78377690465029,50.05941906574388,37.140421562061846,12.918997503682036,1.8646904135787712,-78.70503569678438
FCHL,A_10_from_low,2026-05-04,1,No Significant Move,-0.9740250692497621,29.66591647001404,30.058540671356383,-0.3926242013423433,0.49552926210721854,-97.65601212574451
FCHL,B_20_from_low,2026-05-04,1,No Significant Move,-0.9740250692497621,29.66591647001404,30.058540671356383,-0.3926242013423433,0.49552926210721854,-97.65601212574451
FCHL,C_20_in_1_3,2026-05-14,9,No Significant Move,7.462688160516184,30.913358832877265,29.306766620703385,1.6065922121738794,0.9390638257300937,-97.96042603406171
FCHL,D_rapid_expansion,2026-07-06,43,Temporary Spike,22.30216296253098,35.21434191587905,30.79705427453274,4.417287641346306,2.062309425957842,-98.94216130117182
FCHL,E_base_breakout,2026-07-06,43,Temporary Spike,22.30216296253098,35.21434191587905,30.79705427453274,4.417287641346306,2.062309425957842,-98.94216130117182
INHD,A_10_from_low,2026-05-04,1,No Significant Move,19.318177046115714,22.117323525108418,17.704577133620006,4.412746391488412,1.15584874174308,-94.4303798442505
INHD,B_20_from_low,2026-05-05,2,No Significant Move,-10.945275107166774,24.162625033247352,16.100277389290255,8.062347643957096,1.4397293342697324,-93.63924061329467
INHD,C_20_in_1_3,2026-06-08,25,No Significant Move,0.0,95.18795249378212,27.10954374758876,68.07840874619336,19.825684737604774,0.0
INHD,D_rapid_expansion,2026-06-08,25,No Significant Move,0.0,95.18795249378212,27.10954374758876,68.07840874619336,19.825684737604774,0.0
INHD,E_base_breakout,2026-06-08,25,No Significant Move,0.0,95.18795249378212,27.10954374758876,68.07840874619336,19.825684737604774,0.0
TRI,A_10_from_low,2026-05-18,11,No Significant Move,4.5555538601345535,50.11184744066123,43.52585350412991,6.585993936531317,0.9283172641920264,-32.44257680879416
TRI,B_20_from_low,2026-07-13,48,Temporary Spike,20.33089191092421,65.55049563346265,57.50763928846165,8.042856345000999,1.338714435637148,-29.222338949450368
TRI,E_base_breakout,2026-07-13,48,Temporary Spike,20.33089191092421,65.55049563346265,57.50763928846165,8.042856345000999,1.338714435637148,-29.222338949450368
TRI,C_20_in_1_3,2026-07-28,59,No Significant Move,9.846062618648377,65.95442825589515,52.59893624774535,13.355492008149803,1.892403206883066,-22.466596630329782
TRI,D_rapid_expansion,2026-07-28,59,No Significant Move,9.846062618648377,65.95442825589515,52.59893624774535,13.355492008149803,1.892403206883066,-22.466596630329782
VEEE,A_10_from_low,2026-05-05,2,Temporary Spike,36.64596448051887,34.615185217574606,31.221952041985872,3.3932331755887333,10.933545067659086,-91.34059456853196
VEEE,B_20_from_low,2026-05-05,2,Temporary Spike,36.64596448051887,34.615185217574606,31.221952041985872,3.3932331755887333,10.933545067659086,-91.34059456853196
VEEE,C_20_in_1_3,2026-05-11,6,No Significant Move,7.984295080819215,45.223905664819334,32.02839013463088,13.195515530188452,3.3271847515170956,-89.72704103223028
VEEE,D_rapid_expansion,2026-05-11,6,No Significant Move,7.984295080819215,45.223905664819334,32.02839013463088,13.195515530188452,3.3271847515170956,-89.72704103223028
VEEE,E_base_breakout,2026-07-13,48,True Explosion,123.20997713636852,89.2468158472918,41.01595935854016,48.23085648875164,18.94000423467093,-66.57254310576974
MIMI,A_10_from_low,2026-05-06,1,Temporary Spike,68.51145628622461,42.40238207768424,48.7810604921047,-6.378678414420463,0.05948404853859609,-51.02803864930123
MIMI,B_20_from_low,2026-05-07,2,Temporary Spike,63.51851421782679,44.20654825285254,46.907702335984794,-2.701154083132252,0.03863690544983465,-49.53270848947522
MIMI,C_20_in_1_3,2026-05-21,12,Temporary Spike,22.98050327041894,60.159003294583705,56.716803651863785,3.4421996427199204,1.4471798384130488,-32.89719666984053
MIMI,D_rapid_expansion,2026-07-13,46,No Significant Move,-0.33783751129669026,56.67723886075301,36.094425221455566,20.58281363929744,8.93760416779469,-44.67289549699044
CHSN,A_10_from_low,2026-05-07,1,No Significant Move,-13.169401672955772,19.824071305538723,19.794878237451897,0.0291930680868262,6.199022705228748,-99.36896550244299
CHSN,B_20_from_low,2026-05-13,5,Temporary Spike,22.87581897952171,19.86573964026904,19.73642503080525,0.12931460946379048,0.31241855773611465,-99.47241380296904
CHSN,C_20_in_1_3,2026-06-10,24,No Significant Move,10.294116486933834,20.725747946612074,20.173224426590508,0.5525235200215661,12.680639039601395,-99.53103447782581
CHSN,D_rapid_expansion,2026-06-10,24,No Significant Move,10.294116486933834,20.725747946612074,20.173224426590508,0.5525235200215661,12.680639039601395,-99.53103447782581
CHSN,E_base_breakout,2026-07-10,44,No Significant Move,12.605039407183249,22.250847765259167,20.758453194801177,1.4923945704579893,19.265773165509195,-99.5896551526826
OLOX,A_10_from_low,2026-05-08,1,Gradual Rise,151.65560906260032,30.745274545477557,40.57599507420231,-9.830720528724754,4.544035674470457,-80.88607567940642
OLOX,B_20_from_low,2026-05-14,5,Rapid Move,125.29643769655988,38.843448390527506,30.903406607126087,7.940041783401419,1.0732107457789322,-78.6497899582685
OLOX,C_20_in_1_3,2026-05-15,6,Rapid Move,103.93558689354676,44.82977471360224,30.745274545477557,14.084500168124684,0.8774769746022886,-76.41350222515952
OLOX,D_rapid_expansion,2026-05-29,15,Temporary Spike,29.98858635678161,72.16268313092365,39.76845658713511,32.39422654378854,16.94329004489492,-62.995779850447775
OLOX,E_base_breakout,2026-05-29,15,Temporary Spike,29.98858635678161,72.16268313092365,39.76845658713511,32.39422654378854,16.94329004489492,-62.995779850447775
PARA,A_10_from_low,2026-05-08,1,Temporary Spike,34.23645297054665,33.349830932878135,24.316732932367913,9.033098000510222,2.187798461227113,-83.08333290947807
PARA,B_20_from_low,2026-05-11,2,Temporary Spike,25.383438874997786,35.52903863910993,28.279791038602653,7.249247600507275,2.073807781526609,-81.8888889418708
PARA,C_20_in_1_3,2026-05-15,6,No Significant Move,-2.088770895552494,44.63224039762185,33.349830932878135,11.282409464743715,1.4785753632255476,-78.72222264607748
AIXI,A_10_from_low,2026-05-12,2,Temporary Spike,35.851421038470164,44.89799947589667,51.12569896071452,-6.227699484817855,0.23720321097067776,-69.28205245580429
AIXI,B_20_from_low,2026-05-21,9,No Significant Move,9.301539578732143,52.990533942715494,45.82429957562908,7.1662343670864175,0.5778172526012376,-61.82051194019807
AIXI,C_20_in_1_3,2026-05-21,9,No Significant Move,9.301539578732143,52.990533942715494,45.82429957562908,7.1662343670864175,0.5778172526012376,-61.82051194019807
ASBP,A_10_from_low,2026-05-11,1,Temporary Spike,27.717395200996787,91.57888774100448,30.896805066065724,60.682082674938755,0.006216196939674385,-2.8168988071767043
ASBP,B_20_from_low,2026-05-14,4,Temporary Spike,20.102220241583414,87.8577605134084,28.985622612960128,58.872137900448266,0.0052583565320918815,0.0
ASBP,C_20_in_1_3,2026-05-18,6,No Significant Move,3.443114146466808,86.56698489464769,91.57888774100448,-5.01190284635679,0.13739902351719924,0.0
ASBP,D_rapid_expansion,2026-07-21,49,No Significant Move,8.355439225839056,68.11569561792686,53.527885024365375,14.587810593561485,1.5941931581423483,0.0
ASBP,E_base_breakout,2026-07-21,49,No Significant Move,8.355439225839056,68.11569561792686,53.527885024365375,14.587810593561485,1.5941931581423483,0.0
DKI,A_10_from_low,2026-05-11,1,Temporary Spike,62.74509620593176,93.53159681272777,47.54096691911591,45.99062989361186,0.022564418303050945,0.0
DKI,B_20_from_low,2026-05-11,1,Temporary Spike,62.74509620593176,93.53159681272777,47.54096691911591,45.99062989361186,0.022564418303050945,0.0
KALA,A_10_from_low,2026-05-11,1,No Significant Move,-0.5115084523652835,23.547978572290987,26.799255486134044,-3.251276913843057,2.2271085061404565,-88.41481456050167
KALA,B_20_from_low,2026-05-11,1,No Significant Move,-0.5115084523652835,23.547978572290987,26.799255486134044,-3.251276913843057,2.2271085061404565,-88.41481456050167
KALA,E_base_breakout,2026-06-12,24,Temporary Spike,41.06463409548709,36.39221736266951,22.820735060009525,13.571482302659987,2.1379645110835446,-92.2074070683232
KALA,C_20_in_1_3,2026-06-16,26,No Significant Move,18.152863509544147,47.557891068356355,29.56832886452942,17.989562203826935,1.738353921714541,-90.6962959854691
KALA,D_rapid_expansion,2026-06-16,26,No Significant Move,18.152863509544147,47.557891068356355,29.56832886452942,17.989562203826935,1.738353921714541,-90.6962959854691
SMX,A_10_from_low,2026-05-12,2,Temporary Spike,28.96175002766985,51.89694029090202,20.654725989653457,31.242214301248566,0.11506669488562513,-98.88341207915865
SMX,B_20_from_low,2026-05-14,4,No Significant Move,-1.4507761458902202,52.81415158598108,22.258669112159055,30.555482473822025,0.13998698160475284,-98.82239633132808
SMX,C_20_in_1_3,2026-06-02,16,No Significant Move,0.3167870340578638,51.09930933863133,51.981169928514845,-0.8818605898835159,0.1278025540690812,-98.98997237545053
SMX,D_rapid_expansion,2026-07-15,45,No Significant Move,13.28527246946547,60.80546868843284,50.639941824633375,10.165526863799464,3.217167381974249,-98.96437507958152
SMX,E_base_breakout,2026-07-15,45,No Significant Move,13.28527246946547,60.80546868843284,50.639941824633375,10.165526863799464,3.217167381974249,-98.96437507958152
SLMT,A_10_from_low,2026-05-14,1,No Significant Move,12.234910048911196,37.63683768210684,37.42730715218184,0.2095305299249972,3.1433019497368226,-71.6203703417536
SLMT,B_20_from_low,2026-05-21,6,Temporary Spike,22.144107897604883,41.46938384712258,37.63683768210684,3.832546165015742,3.0677105280667125,-73.65740760772479
SLMT,C_20_in_1_3,2026-05-22,7,No Significant Move,15.640591424040394,44.51968391597061,34.106796683036336,10.412887232934274,1.1217454393792603,-72.17592535767864
SLMT,D_rapid_expansion,2026-07-13,40,No Significant Move,-1.9758678687853526,61.8270868235614,49.33944319575802,12.48764362780338,4.4451415575249,-69.3055555678199
SLMT,E_base_breakout,2026-07-13,40,No Significant Move,-1.9758678687853526,61.8270868235614,49.33944319575802,12.48764362780338,4.4451415575249,-69.3055555678199
ADTX,A_10_from_low,2026-05-18,1,No Significant Move,16.307691427377556,14.789634174658957,16.117202452734603,-1.3275682780756455,1.9804876030712228,-99.48471585632893
ADTX,B_20_from_low,2026-06-01,10,No Significant Move,14.159288009318892,12.78968270535654,13.333990472690374,-0.5443077673338337,4.933223312297768,-99.96416793401767
ADTX,C_20_in_1_3,2026-06-22,24,True Explosion,215.78947678001975,12.979091272757046,12.560999314140545,0.4180919586165004,4.228347842512704,-99.99397513943697
ADTX,D_rapid_expansion,2026-06-22,24,True Explosion,215.78947678001975,12.979091272757046,12.560999314140545,0.4180919586165004,4.228347842512704,-99.99397513943697
ADTX,E_base_breakout,2026-08-21,67,True Explosion,100.0,16.286578904223873,14.24047299242082,2.0461059118030533,6.509202479504986,-99.99841451036261
EZRA,A_10_from_low,2026-05-22,5,No Significant Move,8.749997615814209,27.90646295580558,30.105744294138574,-2.1992813383329946,8.453332424464477,-83.89694051759791
EZRA,B_20_from_low,2026-08-03,53,Temporary Spike,22.264146903266656,51.386582129676285,19.38179511371925,32.004787015957035,19.61435999009656,-89.33172270898176
EZRA,C_20_in_1_3,2026-08-03,53,Temporary Spike,22.264146903266656,51.386582129676285,19.38179511371925,32.004787015957035,19.61435999009656,-89.33172270898176
EZRA,D_rapid_expansion,2026-08-03,53,Temporary Spike,22.264146903266656,51.386582129676285,19.38179511371925,32.004787015957035,19.61435999009656,-89.33172270898176
EZRA,E_base_breakout,2026-08-03,53,Temporary Spike,22.264146903266656,51.386582129676285,19.38179511371925,32.004787015957035,19.61435999009656,-89.33172270898176
FRGT,A_10_from_low,2026-05-18,1,Rapid Move,76.53061075540248,36.46230486472126,54.454215697241466,-17.991910832520205,3.054020252551741,-75.90163849848824
FRGT,B_20_from_low,2026-05-19,2,Temporary Spike,60.18518647975337,40.74648485731677,61.51346877649027,-20.766983919173498,2.9799530431641683,-73.44262245745146
FRGT,C_20_in_1_3,2026-05-21,4,Temporary Spike,55.67282730216101,47.74543314125465,34.29005052320434,13.455382618050308,1.0969149267684637,-68.93442605650895
FRGT,D_rapid_expansion,2026-05-22,5,Temporary Spike,49.36708921882666,49.57387164333238,30.386467867207017,19.187403776125365,17.323676746762718,-67.62294992263904
MI,A_10_from_low,2026-05-18,1,No Significant Move,4.97354789963067,98.6918425823044,20.098323333008935,78.59351924929547,0.07378524295140972,0.0
MI,B_20_from_low,2026-05-18,1,No Significant Move,4.97354789963067,98.6918425823044,20.098323333008935,78.59351924929547,0.07378524295140972,0.0
PPCB,A_10_from_low,2026-05-18,1,Gradual Rise,231.21951803857564,39.09900875733103,38.81708263673906,0.28192612059196875,5.071333601729464,-87.74290041519187
PPCB,B_20_from_low,2026-05-18,1,Gradual Rise,231.21951803857564,39.09900875733103,38.81708263673906,0.28192612059196875,5.071333601729464,-87.74290041519187
PPCB,C_20_in_1_3,2026-06-11,18,No Significant Move,1.6460889199236384,61.50552994128582,36.02809338809149,25.47743655319433,19.851874877820855,-85.47085195017698
PPCB,D_rapid_expansion,2026-06-11,18,No Significant Move,1.6460889199236384,61.50552994128582,36.02809338809149,25.47743655319433,19.851874877820855,-85.47085195017698
PPCB,E_base_breakout,2026-06-11,18,No Significant Move,1.6460889199236384,61.50552994128582,36.02809338809149,25.47743655319433,19.851874877820855,-85.47085195017698
RETO,A_10_from_low,2026-05-18,1,Temporary Spike,62.7906904535209,37.88169366364059,42.647993391394586,-4.766299727753996,0.3447803243737151,-78.15040587370329
RETO,B_20_from_low,2026-05-19,2,Temporary Spike,56.950671303319965,39.69114246545337,41.82408905252425,-2.132946587070883,0.0604057354629437,-77.33739853157418
RETO,C_20_in_1_3,2026-06-10,17,No Significant Move,10.810808416175743,59.18090771604604,45.893566708466224,13.287341007579819,8.592153161655656,-69.91869926578708
RETO,D_rapid_expansion,2026-06-10,17,No Significant Move,10.810808416175743,59.18090771604604,45.893566708466224,13.287341007579819,8.592153161655656,-69.91869926578708
RETO,E_base_breakout,2026-06-10,17,No Significant Move,10.810808416175743,59.18090771604604,45.893566708466224,13.287341007579819,8.592153161655656,-69.91869926578708
YMT,A_10_from_low,2026-05-18,1,No Significant Move,-4.632152706565296,34.85092611634785,24.39440159541374,10.45652452093411,6.0614461118690315,-93.00952411833264
YMT,B_20_from_low,2026-05-18,1,No Significant Move,-4.632152706565296,34.85092611634785,24.39440159541374,10.45652452093411,6.0614461118690315,-93.00952411833264
YMT,C_20_in_1_3,2026-06-24,26,No Significant Move,9.29054162901104,28.64072875014587,19.425578285125255,9.215150465020614,0.31989005761403877,-98.12063489641461
YMT,D_rapid_expansion,2026-08-05,55,No Significant Move,-9.907830478067037,42.9518077048447,27.118104685285175,15.833703019559522,3.933971553224576,-98.62222226839216
YYAI,A_10_from_low,2026-05-19,2,No Significant Move,2.8735631463922884,20.26023798803992,35.32728236495424,-15.067044376914325,2.2700889978073002,-81.545454083067
YYAI,B_20_from_low,2026-07-10,37,Temporary Spike,46.1159090376718,40.01703985769598,31.915235782566796,8.10180407512918,7.270471464019852,-87.71212144331498
YYAI,E_base_breakout,2026-07-10,37,Temporary Spike,46.1159090376718,40.01703985769598,31.915235782566796,8.10180407512918,7.270471464019852,-87.71212144331498
YYAI,C_20_in_1_3,2026-07-16,41,Temporary Spike,21.788279838968805,54.26882990067686,31.281048190678064,22.9877817099988,1.8759811616954474,-85.2575752951882
YYAI,D_rapid_expansion,2026-07-16,41,Temporary Spike,21.788279838968805,54.26882990067686,31.281048190678064,22.9877817099988,1.8759811616954474,-85.2575752951882
EZGO,A_10_from_low,2026-05-19,1,Temporary Spike,51.37613996613799,27.934395833712458,28.146600502373985,-0.21220466866152776,3.9474902578202435,-99.32087225334666
EZGO,B_20_from_low,2026-05-19,1,Temporary Spike,51.37613996613799,27.934395833712458,28.146600502373985,-0.21220466866152776,3.9474902578202435,-99.32087225334666
EZGO,C_20_in_1_3,2026-06-01,9,Rapid Move,95.26626275645162,27.983190573332877,27.861867426879698,0.12132314645317877,0.15045119886037978,-99.4735202313955
EZGO,D_rapid_expansion,2026-08-20,65,No Significant Move,-1.739128812274282,34.907239793703724,33.34862033393041,1.5586194597733112,2.3209419507429687,-99.64174455571397
NCI,A_10_from_low,2026-05-19,1,Temporary Spike,33.60947002003394,39.3746763446836,38.712909548910424,0.6617667957731754,0.3302288069595938,-91.19791686534882
NCI,B_20_from_low,2026-05-22,4,Temporary Spike,20.380140412678127,44.59333331272421,38.539760095260256,6.053573217463956,0.8448864653352876,-90.13541638851166
NCI,E_base_breakout,2026-07-02,31,No Significant Move,5.709490460854516,61.38270965783132,56.02001552210065,5.3626941357306706,2.0319711336745825,-87.59375015894571
NCI,C_20_in_1_3,2026-08-24,67,No Significant Move,-0.47138482626494227,79.5532005855874,56.20245644233446,23.350744143252946,1.6123617378428232,-84.53124960263571
NCI,D_rapid_expansion,2026-08-24,67,No Significant Move,-0.47138482626494227,79.5532005855874,56.20245644233446,23.350744143252946,1.6123617378428232,-84.53124960263571
CMND,A_10_from_low,2026-05-26,3,True Explosion,79.92277999386373,30.36495745299817,31.61253142834431,-1.2475739753461426,0.741317412221992,-90.54744543712428
CMND,B_20_from_low,2026-05-26,3,True Explosion,79.92277999386373,30.36495745299817,31.61253142834431,-1.2475739753461426,0.741317412221992,-90.54744543712428
CMND,C_20_in_1_3,2026-05-29,6,Temporary Spike,27.09498010336977,40.11998212166247,28.058244321971387,12.06173779969108,16.7035255099385,-86.93430666588424
CMND,D_rapid_expansion,2026-05-29,6,Temporary Spike,27.09498010336977,40.11998212166247,28.058244321971387,12.06173779969108,16.7035255099385,-86.93430666588424
CMND,E_base_breakout,2026-08-13,58,Temporary Spike,24.864860162672354,48.41596219411832,40.47482747420216,7.941134719916164,1.5940749836908554,-93.24817500146706
HAO,A_10_from_low,2026-05-21,1,Temporary Spike,32.46753327177798,13.778879304383878,14.005668218694552,-0.22678891431067427,0.484254776337181,-99.24804689362645
HAO,B_20_from_low,2026-05-27,4,Rapid Move,106.26894752641095,13.685051814599433,13.816682979570459,-0.13163116497102578,0.4249470311207691,-99.5170898269862
HAO,C_20_in_1_3,2026-06-01,7,Temporary Spike,68.59503285447323,13.995503704886488,13.74673205959148,0.24877164529500817,0.33736898334983795,-99.40917966887355
HAO,D_rapid_expansion,2026-08-14,59,Temporary Spike,37.4371799994369,17.68485591410476,15.117594905420717,2.567261008684042,3.558331465669047,-99.90283203078434
HAO,E_base_breakout,2026-08-14,59,Temporary Spike,37.4371799994369,17.68485591410476,15.117594905420717,2.567261008684042,3.558331465669047,-99.90283203078434
ONCO,A_10_from_low,2026-05-21,1,No Significant Move,18.0327888074596,23.1284191859869,28.628086959407128,-5.499667773420228,0.8272326603480018,-98.68108105015109
ONCO,B_20_from_low,2026-05-26,3,No Significant Move,3.9682502138671527,23.447842359611556,26.49547370964791,-3.0476313500363545,0.7417949548955306,-98.63783784814784
ONCO,C_20_in_1_3,2026-07-20,40,No Significant Move,0.8999943733215332,40.538208992128126,30.976395428314774,9.561813563813352,1.4215657618685738,-98.91891891891892
ONCO,E_base_breakout,2026-09-03,73,Temporary Spike,42.083886396938055,46.62799979959827,32.98902390256545,13.638975897032822,1.498752339363693,-99.2010810568526
ONCO,D_rapid_expansion,2026-09-04,74,No Significant Move,-6.862744525137964,65.6077753556499,31.846738472258025,33.76103688339188,12.614658983264919,-98.89729731791729
IPW,A_10_from_low,2026-05-28,4,No Significant Move,-0.46838486533017365,30.430281442599522,27.013787338120167,3.416494104479355,2.8812157187160614,-95.47669474935283
IPW,B_20_from_low,2026-06-09,12,No Significant Move,-6.366047238386308,35.55519770577148,29.107428966051188,6.4477687397202885,7.914675190951145,-96.0063557815223
LNAI,A_10_from_low,2026-05-27,3,Gradual Rise,91.60306107629069,53.51236714113114,35.17053671189713,18.341830429234015,0.5554444916434838,-69.10377326661812
LNAI,B_20_from_low,2026-05-27,3,Gradual Rise,91.60306107629069,53.51236714113114,35.17053671189713,18.341830429234015,0.5554444916434838,-69.10377326661812
LNAI,C_20_in_1_3,2026-05-28,4,Temporary Spike,65.13158039207936,60.350165953457264,31.696631840075,28.653534113382264,0.47440297910968793,-64.15094191088453
LNAI,D_rapid_expansion,2026-06-17,18,No Significant Move,19.50000524520874,71.41620794538997,42.807258757211066,28.608949188178904,10.975881853305918,-52.8301861329449
LNAI,E_base_breakout,2026-06-17,18,No Significant Move,19.50000524520874,71.41620794538997,42.807258757211066,28.608949188178904,10.975881853305918,-52.8301861329449
LZMH,A_10_from_low,2026-05-22,1,Temporary Spike,43.1654697853761,21.0540389764827,21.473865054015718,-0.41982607753301693,0.48049460197171595,-95.93567264711541
LZMH,B_20_from_low,2026-06-08,11,Temporary Spike,37.79527766002862,24.34447937292849,21.499072200663818,2.8454071722646717,11.467738658655591,-96.28654984621305
LZMH,C_20_in_1_3,2026-06-09,12,No Significant Move,8.724831838896897,28.5146904911942,21.499072200663818,7.015618290530384,1.754767520807686,-95.64327492310653
LZMH,D_rapid_expansion,2026-06-09,12,No Significant Move,8.724831838896897,28.5146904911942,21.499072200663818,7.015618290530384,1.754767520807686,-95.64327492310653
LZMH,E_base_breakout,2026-07-22,41,Gradual Rise,72.93232166178821,42.78317586044998,33.43663480206558,9.346541058384396,3.835672157819809,-96.11111107238165
NAKA,A_10_from_low,2026-05-22,1,No Significant Move,4.9792549455696555,45.71547609588002,44.28459623056328,1.43087986531674,2.799890423897827,-64.41929071034845
NAKA,B_20_from_low,2026-05-22,1,No Significant Move,4.9792549455696555,45.71547609588002,44.28459623056328,1.43087986531674,2.799890423897827,-64.41929071034845
NAKA,E_base_breakout,2026-07-20,39,No Significant Move,15.11878600352179,54.21349506467096,32.06989271140965,22.143602353261308,1.2373289525267421,-77.21456602373749
NAKA,C_20_in_1_3,2026-07-21,40,No Significant Move,11.041660664810315,56.28335347117721,44.20189329497152,12.081460176205688,1.6674679915237638,-76.37795146248212
NAKA,D_rapid_expansion,2026-07-21,40,No Significant Move,11.041660664810315,56.28335347117721,44.20189329497152,12.081460176205688,1.6674679915237638,-76.37795146248212
MEDS,A_10_from_low,2026-05-26,1,No Significant Move,17.539263078117486,40.67804922453006,66.40186278205951,-25.723813557529454,0.2722220578583818,-83.64025751248252
MEDS,B_20_from_low,2026-05-28,3,Temporary Spike,20.69891765015932,41.46988229678178,52.279509450097834,-10.80962715331605,6.033940948587327,-84.06852262168537
MEDS,C_20_in_1_3,2026-06-01,5,No Significant Move,16.62337356724364,42.86832924516641,41.96231988676339,0.9060093584030184,0.15708090629506274,-83.51177797972166
MEDS,D_rapid_expansion,2026-07-21,39,No Significant Move,10.227276575713141,55.08900552796194,40.954383822020304,14.134621705941633,11.77000643638704,-84.92505386115565
MEDS,E_base_breakout,2026-07-21,39,No Significant Move,10.227276575713141,55.08900552796194,40.954383822020304,14.134621705941633,11.77000643638704,-84.92505386115565
PRTS,A_10_from_low,2026-06-01,5,No Significant Move,15.94896336590148,36.519978995393664,23.782119116298745,12.73785987909492,0.69904561040477,-35.360823667876716
PRTS,B_20_from_low,2026-06-11,13,No Significant Move,11.503067518313426,47.08404372215468,39.45525747348048,7.628786248674203,1.4043583535108959,-32.78350402956902
PRTS,C_20_in_1_3,2026-08-07,52,Temporary Spike,38.81481311939381,67.55682199322919,46.932190600801896,20.624631392427297,2.936241610738255,-30.41236976569205
PRTS,D_rapid_expansion,2026-08-07,52,Temporary Spike,38.81481311939381,67.55682199322919,46.932190600801896,20.624631392427297,2.936241610738255,-30.41236976569205
PRTS,E_base_breakout,2026-08-07,52,Temporary Spike,38.81481311939381,67.55682199322919,46.932190600801896,20.624631392427297,2.936241610738255,-30.41236976569205
TJGC,A_10_from_low,2026-06-03,7,No Significant Move,13.91161842976356,61.32829971545932,28.24184345304934,33.08645626240998,3.7180101286036864,-7.0015224677026255
TJGC,B_20_from_low,2026-06-03,7,No Significant Move,13.91161842976356,61.32829971545932,28.24184345304934,33.08645626240998,3.7180101286036864,-7.0015224677026255
TJGC,C_20_in_1_3,2026-06-03,7,No Significant Move,13.91161842976356,61.32829971545932,28.24184345304934,33.08645626240998,3.7180101286036864,-7.0015224677026255
TJGC,D_rapid_expansion,2026-06-03,7,No Significant Move,13.91161842976356,61.32829971545932,28.24184345304934,33.08645626240998,3.7180101286036864,-7.0015224677026255
TJGC,E_base_breakout,2026-08-24,63,Rapid Move,77.0491862226578,71.89462860769015,41.576434769071426,30.318193838618726,2.841754606389294,-12.10374849657162
VSA,A_10_from_low,2026-05-26,1,Rapid Move,94.20654867969857,39.50684357879623,32.77305898401468,6.733784594781547,1.9516769847857909,-89.18256145482364
VSA,B_20_from_low,2026-06-01,5,True Explosion,80.14017897658496,43.57060402015296,33.4015343736054,10.169069646547563,12.245641814678159,-88.33787433015424
VSA,C_20_in_1_3,2026-06-02,6,Temporary Spike,49.13606995973352,46.54645460379786,39.50684357879623,7.0396110250016335,16.0076763370144,-87.38419613572215
VSA,D_rapid_expansion,2026-06-02,6,Temporary Spike,49.13606995973352,46.54645460379786,39.50684357879623,7.0396110250016335,16.0076763370144,-87.38419613572215
VSA,E_base_breakout,2026-08-07,52,No Significant Move,5.2631592156154205,55.72522018992712,38.047359450992225,17.677860738934896,6.959193302390906,-89.64577691193507
CUPR,A_10_from_low,2026-05-27,1,Gradual Rise,568.1715920646113,48.20691933636822,43.50349737451024,4.703421961857984,1.0740891826704106,-54.00747671953461
CUPR,B_20_from_low,2026-05-28,2,Gradual Rise,348.48486074512454,69.42931155628291,42.79179515533478,26.63751640094813,11.28486458756969,-31.47840608862439
CUPR,C_20_in_1_3,2026-06-01,4,Rapid Move,456.39096666092735,54.60941452586199,44.78261339285238,9.82680113300961,0.24389571232002308,-44.76743990327018
CUPR,D_rapid_expansion,2026-06-12,13,True Explosion,272.79597189111036,68.99074906994488,49.739000223634314,19.25174884631057,18.67932642549293,-17.566444327479402
SDOT,A_10_from_low,2026-05-28,2,Rapid Move,1149.529777284166,21.432612067184976,20.3250904760134,1.107521591171576,0.40705701151091855,-95.70080837139976
SDOT,B_20_from_low,2026-05-28,2,Rapid Move,1149.529777284166,21.432612067184976,20.3250904760134,1.107521591171576,0.40705701151091855,-95.70080837139976
SDOT,C_20_in_1_3,2026-06-03,6,True Explosion,1470.3703703703704,41.172757308637095,19.699251804851826,21.47350550378527,18.036226974883828,-90.90296458541847
SDOT,D_rapid_expansion,2026-06-03,6,True Explosion,1470.3703703703704,41.172757308637095,19.699251804851826,21.47350550378527,18.036226974883828,-90.90296458541847
RPGL,A_10_from_low,2026-05-28,1,Temporary Spike,34.58763465857033,39.98243083060013,40.09018150224709,-0.1077506716469614,0.5090392578153178,-98.62528342617782
RPGL,B_20_from_low,2026-05-29,2,Temporary Spike,31.735625693122028,40.130868722097745,40.371099831063084,-0.2402311089653395,0.31765118963599875,-98.59552151497982
RPGL,C_20_in_1_3,2026-07-09,29,No Significant Move,4.641356068608227,38.577150218690186,36.39922230319539,2.1779279154947986,12.951586092256544,-99.6641156508557
RPGL,D_rapid_expansion,2026-07-09,29,No Significant Move,4.641356068608227,38.577150218690186,36.39922230319539,2.1779279154947986,12.951586092256544,-99.6641156508557
RPGL,E_base_breakout,2026-07-09,29,No Significant Move,4.641356068608227,38.577150218690186,36.39922230319539,2.1779279154947986,12.951586092256544,-99.6641156508557
HKIT,A_10_from_low,2026-06-01,2,No Significant Move,-72.18844984802432,45.76620877044662,23.872510578576026,21.89369819187059,18.256041329817872,-98.0589970501475
HKIT,B_20_from_low,2026-06-01,2,No Significant Move,-72.18844984802432,45.76620877044662,23.872510578576026,21.89369819187059,18.256041329817872,-98.0589970501475
HKIT,C_20_in_1_3,2026-06-10,9,True Explosion,109.40368405276253,33.70496377910089,33.20991173998918,0.49505203911171236,8.343973468549803,-99.87138643517959
HKIT,D_rapid_expansion,2026-06-10,9,True Explosion,109.40368405276253,33.70496377910089,33.20991173998918,0.49505203911171236,8.343973468549803,-99.87138643517959
SLXN,A_10_from_low,2026-05-29,1,No Significant Move,3.8696550534640384,43.058733758765186,39.27488554002018,3.783848218745007,0.17610386453287954,-80.2811248087002
SLXN,B_20_from_low,2026-05-29,1,No Significant Move,3.8696550534640384,43.058733758765186,39.27488554002018,3.783848218745007,0.17610386453287954,-80.2811248087002
SLXN,C_20_in_1_3,2026-08-03,45,No Significant Move,2.051280044866699,36.207414821602185,41.18749906522993,-4.9800842436277435,0.510594181299812,-92.16867438731786
CDTG,A_10_from_low,2026-06-01,1,True Explosion,110.00000397364312,46.1074814464244,46.84212159894067,-0.7346401525162705,2.909218366631616,-35.28090059087518
CDTG,B_20_from_low,2026-06-01,1,True Explosion,110.00000397364312,46.1074814464244,46.84212159894067,-0.7346401525162705,2.909218366631616,-35.28090059087518
CDTG,C_20_in_1_3,2026-08-05,46,Rapid Move,457.8947137267303,46.71404996548408,26.588178103229552,20.125871862254527,2.470835639180963,-86.33707882313246
CDTG,D_rapid_expansion,2026-08-05,46,Rapid Move,457.8947137267303,46.71404996548408,26.588178103229552,20.125871862254527,2.470835639180963,-86.33707882313246
DAIC,A_10_from_low,2026-06-01,1,No Significant Move,0.6607975784234332,48.83785062766185,44.742099809202,4.095750818459848,1.9566090950401274,-81.46938791080397
DAIC,B_20_from_low,2026-06-01,1,No Significant Move,0.6607975784234332,48.83785062766185,44.742099809202,4.095750818459848,1.9566090950401274,-81.46938791080397
DAIC,C_20_in_1_3,2026-07-06,24,No Significant Move,0.0,42.13826538771984,28.62469493410505,13.51357045361479,0.20069873208085146,-91.42857181782625
DAIC,D_rapid_expansion,2026-08-24,59,True Explosion,286.70520135620205,67.6283027291374,29.096976780334472,38.53132594880293,17.695628542051093,-92.93877543235311
ELOX,A_10_from_low,2026-06-09,1,Temporary Spike,58.94640904814297,,,,,0.0
ELOX,B_20_from_low,2026-06-09,1,Temporary Spike,58.94640904814297,,,,,0.0
ELOX,C_20_in_1_3,2026-06-12,4,Temporary Spike,29.437865439944332,,,,,0.0
ELOX,E_base_breakout,2026-08-21,52,No Significant Move,9.628219741840628,72.20046381450851,66.64210230937812,5.558361505130392,1.7096833241808531,0.0
HODO,A_10_from_low,2026-06-01,1,No Significant Move,1.796400631518913,48.95769019721195,57.040559432072484,-8.082869234860532,2.5493350811167916,-26.754384252662344
HODO,B_20_from_low,2026-06-11,9,No Significant Move,9.662928620367527,45.537619457349145,47.27960125640611,-1.7419817990569655,1.2274006448231274,-34.94152470769325
HODO,C_20_in_1_3,2026-07-20,34,No Significant Move,7.75194006193709,26.780430260842195,19.387945811046265,7.39248444979593,0.26330675573752826,-81.14035185562152
JDZG,A_10_from_low,2026-06-01,1,No Significant Move,16.218557201466698,78.46248339932161,67.96017934951142,10.502304049810192,0.19668864317186316,-93.94750640148253
JDZG,B_20_from_low,2026-06-01,1,No Significant Move,16.218557201466698,78.46248339932161,67.96017934951142,10.502304049810192,0.19668864317186316,-93.94750640148253
JDZG,C_20_in_1_3,2026-08-13,52,Temporary Spike,35.58823541786431,7.563289907789198,5.775940702694655,1.787349205094543,0.8839136183340679,-99.64304460941025
JDZG,D_rapid_expansion,2026-08-14,53,No Significant Move,19.74026617422391,9.151408484411178,5.716724195953731,3.434684288457447,4.5429649713203535,-99.5958005349467
SBFM,A_10_from_low,2026-06-01,1,Temporary Spike,27.61505516496918,28.61787936672252,35.84904945825302,-7.231170091530501,0.11290336770932348,-83.04964510465459
SBFM,B_20_from_low,2026-06-02,2,No Significant Move,3.846159489197354,30.184351249343436,33.810060312249405,-3.625709062905969,2.7652124385330055,-81.56028486318696
SCYX,A_10_from_low,2026-06-30,21,Temporary Spike,25.307117678836487,37.49709770825904,28.96191658879171,8.535181119467332,1.752808988764045,-54.16666532421973
SCYX,B_20_from_low,2026-07-02,23,No Significant Move,15.124155807139484,47.0073296612788,29.586762482944152,17.42056717833465,2.6471816283924845,-50.11261518865944
SCYX,C_20_in_1_3,2026-07-31,43,Temporary Spike,25.82644546677628,60.22182671593389,36.40633864274902,23.815488073184866,14.000879314134975,-45.4954944795897
SCYX,D_rapid_expansion,2026-07-31,43,Temporary Spike,25.82644546677628,60.22182671593389,36.40633864274902,23.815488073184866,14.000879314134975,-45.4954944795897
SCYX,E_base_breakout,2026-07-31,43,Temporary Spike,25.82644546677628,60.22182671593389,36.40633864274902,23.815488073184866,14.000879314134975,-45.4954944795897
SMX,A_10_from_low,2026-06-01,1,No Significant Move,15.340252733591363,49.02662696127132,49.27646012604795,-0.2498331647766321,0.07035257715169775,-99.07529679672858
SMX,B_20_from_low,2026-06-02,2,No Significant Move,0.3167870340578638,51.09930933863133,51.981169928514845,-0.8818605898835159,0.1278025540690812,-98.98997237545053
SMX,C_20_in_1_3,2026-07-06,24,Temporary Spike,33.79533805968815,54.75627403642104,47.404227632132624,7.352046404288416,1.4598660824997933,-99.09582799290934
SMX,D_rapid_expansion,2026-07-15,31,No Significant Move,13.28527246946547,60.80546868843284,50.639941824633375,10.165526863799464,3.217167381974249,-98.96437507958152
SMX,E_base_breakout,2026-07-15,31,No Significant Move,13.28527246946547,60.80546868843284,50.639941824633375,10.165526863799464,3.217167381974249,-98.96437507958152
ZOOZ,A_10_from_low,2026-06-01,1,No Significant Move,11.019738235219378,51.51319455609299,49.24592143659203,2.267273119500963,6.9101049991577606,-43.703705404357464
ZOOZ,B_20_from_low,2026-06-17,13,No Significant Move,10.912337030882679,48.42586961055086,35.56436093409364,12.86150867645722,0.6864595846919512,-48.24074024199132
ZOOZ,E_base_breakout,2026-07-28,40,No Significant Move,14.678903096011918,53.0119728842648,48.02095944290985,4.991013441354951,1.7781274586939417,-49.53703969430854
ZOOZ,C_20_in_1_3,2026-09-04,68,No Significant Move,-0.32299249702254507,69.2368160132238,55.48537725465059,13.751438758573215,4.679151748829524,-28.333336718288404
ZOOZ,D_rapid_expansion,2026-09-04,68,No Significant Move,-0.32299249702254507,69.2368160132238,55.48537725465059,13.751438758573215,4.679151748829524,-28.333336718288404
PRHI,A_10_from_low,2026-06-02,1,No Significant Move,12.084063968664704,61.26001749276694,51.40951768886412,9.85049980390282,8.17271076220048,-6.239738997041577
PRHI,B_20_from_low,2026-06-02,1,No Significant Move,12.084063968664704,61.26001749276694,51.40951768886412,9.85049980390282,8.17271076220048,-6.239738997041577
PRHI,E_base_breakout,2026-07-31,42,Temporary Spike,38.74345170683986,60.28426670180216,56.546141263569304,3.7381254382328564,3.2,-5.9113320935045515
PRHI,C_20_in_1_3,2026-08-14,52,Temporary Spike,40.43886955215426,64.78523973382232,40.17844727619684,24.60679245762548,3.5400763358778624,0.0
PRHI,D_rapid_expansion,2026-08-14,52,Temporary Spike,40.43886955215426,64.78523973382232,40.17844727619684,24.60679245762548,3.5400763358778624,0.0
WYHG,A_10_from_low,2026-06-02,1,Gradual Rise,127.06185978775832,64.6541191267774,63.502770563725605,1.1513485630517977,0.9155398785028415,0.0
WYHG,B_20_from_low,2026-06-03,2,Gradual Rise,159.11765213243677,54.32675587154577,59.908875798338755,-5.582119926792984,7.612324435620266,-12.371134147315644
WYHG,C_20_in_1_3,2026-06-18,13,True Explosion,80.16361268223054,67.09609651941997,65.32382192530343,1.7722745941165385,4.752295406970949,0.0
WYHG,D_rapid_expansion,2026-06-18,13,True Explosion,80.16361268223054,67.09609651941997,65.32382192530343,1.7722745941165385,4.752295406970949,0.0
WYHG,E_base_breakout,2026-08-06,46,Temporary Spike,29.19633680400935,81.83904914884006,49.62962993404485,32.20941921479521,19.656148371909484,0.0
PW,A_10_from_low,2026-06-04,2,Temporary Spike,35.714279989950356,71.43252955912735,55.26286085501012,16.16966870411723,5.900539402710169,-9.333328973679311
PW,B_20_from_low,2026-06-08,4,Temporary Spike,29.45892453817507,69.7824022588982,59.84466879825093,9.937733460647273,4.417886397206929,-4.952385312034968
PW,C_20_in_1_3,2026-06-10,6,No Significant Move,0.0,79.92225113375437,70.03400758697543,9.888243546778938,1.404109589041096,0.0
SILO,A_10_from_low,2026-06-03,1,No Significant Move,10.587270455030207,50.54734802718887,50.80873101909454,-0.2613829919056698,4.718977873809672,-38.63863608722789
SILO,B_20_from_low,2026-06-03,1,No Significant Move,10.587270455030207,50.54734802718887,50.80873101909454,-0.2613829919056698,4.718977873809672,-38.63863608722789
SILO,C_20_in_1_3,2026-07-09,25,No Significant Move,-18.49935090310675,66.82271472382553,50.46027879784533,16.362435925980193,0.6804319700050168,-22.622620658896363
ICCM,A_10_from_low,2026-06-04,1,Rapid Move,82.75862730451891,31.57109380818929,31.83668022279859,-0.2655864146093023,2.3168450713929922,-76.16438410448717
ICCM,B_20_from_low,2026-06-04,1,Rapid Move,82.75862730451891,31.57109380818929,31.83668022279859,-0.2655864146093023,2.3168450713929922,-76.16438410448717
ICCM,C_20_in_1_3,2026-06-17,10,Temporary Spike,47.34375257277856,56.32469339281432,20.43971876715125,35.88497462566307,19.726436771437765,-70.77625476325493
ICCM,D_rapid_expansion,2026-06-17,10,Temporary Spike,47.34375257277856,56.32469339281432,20.43971876715125,35.88497462566307,19.726436771437765,-70.77625476325493
WXM,A_10_from_low,2026-06-04,1,No Significant Move,0.6666660308837891,62.58369301739794,44.56332419540412,18.02036882199382,11.239221341023793,-1.4778349808356905
WXM,B_20_from_low,2026-06-04,1,No Significant Move,0.6666660308837891,62.58369301739794,44.56332419540412,18.02036882199382,11.239221341023793,-1.4778349808356905
WXM,C_20_in_1_3,2026-08-06,44,True Explosion,190.24944747438485,64.29132519266827,45.64045360018337,18.650871592484897,1.5447305056491942,-27.586211216462452
WXM,D_rapid_expansion,2026-08-06,44,True Explosion,190.24944747438485,64.29132519266827,45.64045360018337,18.650871592484897,1.5447305056491942,-27.586211216462452
WXM,E_base_breakout,2026-08-06,44,True Explosion,190.24944747438485,64.29132519266827,45.64045360018337,18.650871592484897,1.5447305056491942,-27.586211216462452
CETX,A_10_from_low,2026-06-08,2,No Significant Move,4.961836645774409,28.900581154292524,53.05074870338435,-24.150167549091826,1.6239959580545045,-82.70627094700052
CETX,B_20_from_low,2026-06-16,8,No Significant Move,0.0,28.026973576004167,27.258387130130416,0.7685864458737512,0.47563865299133473,-86.20462068122437
SMSI,A_10_from_low,2026-06-11,5,No Significant Move,-29.890111571506395,61.74021373977687,49.04734995188788,12.692863787888989,18.295127524435678,0.0
SMSI,B_20_from_low,2026-06-11,5,No Significant Move,-29.890111571506395,61.74021373977687,49.04734995188788,12.692863787888989,18.295127524435678,0.0
SMSI,C_20_in_1_3,2026-06-11,5,No Significant Move,-29.890111571506395,61.74021373977687,49.04734995188788,12.692863787888989,18.295127524435678,0.0
SMSI,D_rapid_expansion,2026-06-11,5,No Significant Move,-29.890111571506395,61.74021373977687,49.04734995188788,12.692863787888989,18.295127524435678,0.0
CDLX,A_10_from_low,2026-06-08,1,No Significant Move,9.615384968074835,27.153531323568487,40.59548967078692,-13.441958347218431,4.81516800359006,-65.78947450975963
CDLX,B_20_from_low,2026-06-12,5,No Significant Move,5.3604430689910165,35.62094762507945,33.09711542026693,2.5238322048125212,1.2799246487533031,-64.40789529408775
FEMY,A_10_from_low,2026-06-17,8,No Significant Move,14.081149034143014,27.918351493952713,26.319788004272255,1.5985634896804584,0.43934415353456424,-73.81249964237213
FEMY,B_20_from_low,2026-07-01,17,No Significant Move,9.885064703515244,39.03671734452755,25.05011080891407,13.986606535613483,0.8089598190443279,-72.81250059604645
FEMY,C_20_in_1_3,2026-07-21,30,No Significant Move,2.199487564703051,45.91164543872403,34.463179398514185,11.448466040209844,5.253863134657837,-75.5624994635582
FEMY,D_rapid_expansion,2026-07-21,30,No Significant Move,2.199487564703051,45.91164543872403,34.463179398514185,11.448466040209844,5.253863134657837,-75.5624994635582
HUBC,A_10_from_low,2026-06-09,2,Temporary Spike,69.53642112237046,31.05547627041622,32.42431326580366,-1.36883699538744,0.3785526828528932,-99.98121890559125
HUBC,B_20_from_low,2026-06-09,2,Temporary Spike,69.53642112237046,31.05547627041622,32.42431326580366,-1.36883699538744,0.3785526828528932,-99.98121890559125
HUBC,C_20_in_1_3,2026-06-16,7,No Significant Move,6.403946614438505,31.731578179622986,31.05547627041622,0.6761019092067642,1.4146834536435116,-99.97475124413694
KIDZ,A_10_from_low,2026-06-08,1,No Significant Move,2.016462537632857,24.97618470401237,27.967460445657693,-2.9912757416453246,0.2584558487234135,-98.14503812911249
KIDZ,B_20_from_low,2026-07-06,19,No Significant Move,-0.9523785303509391,28.36240642085268,20.404710862051175,7.957695558801504,16.834658183441846,-99.19847328244275
KIDZ,C_20_in_1_3,2026-07-06,19,No Significant Move,-0.9523785303509391,28.36240642085268,20.404710862051175,7.957695558801504,16.834658183441846,-99.19847328244275
KIDZ,D_rapid_expansion,2026-07-06,19,No Significant Move,-0.9523785303509391,28.36240642085268,20.404710862051175,7.957695558801504,16.834658183441846,-99.19847328244275
ZCMD,A_10_from_low,2026-06-08,1,No Significant Move,19.845852054244784,14.65941955560129,14.982604499899054,-0.3231849442977648,1.4535649532782693,-99.43101087547402
ZCMD,B_20_from_low,2026-06-08,1,No Significant Move,19.845852054244784,14.65941955560129,14.982604499899054,-0.3231849442977648,1.4535649532782693,-99.43101087547402
ZCMD,C_20_in_1_3,2026-07-06,19,Gradual Rise,433.928570858374,17.465596421848957,14.490984166346507,2.97461225550245,8.01159551123316,-99.50884946808763
ZCMD,D_rapid_expansion,2026-07-06,19,Gradual Rise,433.928570858374,17.465596421848957,14.490984166346507,2.97461225550245,8.01159551123316,-99.50884946808763
OPAD,A_10_from_low,2026-06-09,1,No Significant Move,19.646364833438625,80.40415720591263,63.50935112039999,16.894806085512634,0.5478050739162199,-17.5040504108837
OPAD,B_20_from_low,2026-06-09,1,No Significant Move,19.646364833438625,80.40415720591263,63.50935112039999,16.894806085512634,0.5478050739162199,-17.5040504108837
OPAD,C_20_in_1_3,2026-08-06,41,No Significant Move,12.58277413740636,51.34688427478056,45.019298529352035,6.327585745428522,0.23201438848920863,-26.580224411774612
GMM,A_10_from_low,2026-06-11,1,Gradual Rise,101.04165735344131,21.813479683997585,21.340411266883805,0.47306841711377956,0.39180649982995064,-96.57142843518939
GMM,B_20_from_low,2026-06-12,2,Gradual Rise,72.32143281623226,22.677416487370266,20.93248546175269,1.744931025617575,9.758409736583493,-96.00000012488591
GMM,C_20_in_1_3,2026-06-16,4,Temporary Spike,61.73184595655401,23.117262349403063,22.978163539720455,0.1390988096826078,0.15278671277536704,-95.73809532892137
GMM,D_rapid_expansion,2026-07-10,20,No Significant Move,-3.2822776746833426,35.67215561198847,22.577492723009343,13.09466288897913,14.068997514700627,-94.55952360516503
SHPH,A_10_from_low,2026-06-16,4,Temporary Spike,50.73529927375831,33.97263637420157,31.86208456691425,2.1105518072873224,0.5243101252107547,-83.68000030517578
SHPH,B_20_from_low,2026-06-16,4,Temporary Spike,50.73529927375831,33.97263637420157,31.86208456691425,2.1105518072873224,0.5243101252107547,-83.68000030517578
SHPH,C_20_in_1_3,2026-07-14,22,No Significant Move,10.57692484037418,51.600300441529875,35.80972385174624,15.790576589783633,8.898015948452679,-83.36000061035156
SHPH,D_rapid_expansion,2026-07-14,22,No Significant Move,10.57692484037418,51.600300441529875,35.80972385174624,15.790576589783633,8.898015948452679,-83.36000061035156
SHPH,E_base_breakout,2026-07-14,22,No Significant Move,10.57692484037418,51.600300441529875,35.80972385174624,15.790576589783633,8.898015948452679,-83.36000061035156
AERT,A_10_from_low,2026-06-16,3,No Significant Move,16.043609357178944,56.593867951985345,63.27229130714941,-6.678423355164064,1.6280377281291443,-4.2362756571145415
AERT,B_20_from_low,2026-06-16,3,No Significant Move,16.043609357178944,56.593867951985345,63.27229130714941,-6.678423355164064,1.6280377281291443,-4.2362756571145415
AERT,C_20_in_1_3,2026-06-17,4,No Significant Move,6.580830518015723,60.45705282535978,30.860604188926615,29.596448636433166,0.9343878896704592,0.0
AIFA,A_10_from_low,2026-06-12,1,No Significant Move,12.2881446255247,43.812861292613036,36.47938235001726,7.333478942595775,0.6385852148815864,-42.995169777645295
AIFA,B_20_from_low,2026-06-18,5,No Significant Move,4.9377574190962115,46.73465485266613,40.988039848753054,5.746615003913078,1.3180054471550928,-41.787435662974715
AIFA,C_20_in_1_3,2026-08-07,39,True Explosion,71.64179423148025,53.61517228681438,31.535052495301358,22.08011979151302,8.782155063860406,-51.44927402692103
AIFA,D_rapid_expansion,2026-08-07,39,True Explosion,71.64179423148025,53.61517228681438,31.535052495301358,22.08011979151302,8.782155063860406,-51.44927402692103
AIFA,E_base_breakout,2026-08-10,40,Temporary Spike,63.50711939381566,56.914533070196796,30.094209444505495,26.8203236256913,13.62966512909603,-49.03381731538599
XXII,A_10_from_low,2026-06-24,8,No Significant Move,3.76568662003971,21.3242835898465,21.22536619534243,0.09891739450407044,0.8378291027521567,-98.34887730231145
XXII,B_20_from_low,2026-07-21,26,No Significant Move,3.7693922578565964,32.29656379514617,26.905507922344754,5.391055872801417,0.4141656662665066,-98.44214154442768
AMOD,A_10_from_low,2026-06-24,7,Temporary Spike,23.98081490897099,25.736758890703598,25.988319802134356,-0.251560911430758,1.4987848328260305,-90.6919639569004
AMOD,B_20_from_low,2026-07-01,12,No Significant Move,8.15899266458886,36.45136806659205,25.736758890703598,10.714609175888455,0.812484445680657,-89.33035649283198
AMOD,C_20_in_1_3,2026-08-04,35,No Significant Move,3.761063650692731,53.933462126377364,30.116686079836896,23.81677604654047,1.613563285589009,-89.91071415646952
AMOD,D_rapid_expansion,2026-08-04,35,No Significant Move,3.761063650692731,53.933462126377364,30.116686079836896,23.81677604654047,1.613563285589009,-89.91071415646952
AMOD,E_base_breakout,2026-08-04,35,No Significant Move,3.761063650692731,53.933462126377364,30.116686079836896,23.81677604654047,1.613563285589009,-89.91071415646952
AVX,A_10_from_low,2026-06-15,1,Temporary Spike,20.20676268003627,43.17295224396436,29.695635759651566,13.477316484312794,1.7422944381341086,-78.98894061697456
AVX,B_20_from_low,2026-06-16,2,No Significant Move,9.879721517276119,49.86409381195863,33.153127093746775,16.710966718211857,1.588325194192763,-77.01421705446911
AVX,C_20_in_1_3,2026-08-24,49,No Significant Move,8.40108232987542,54.97012156173324,35.81200838701598,19.158113174717258,5.273551311103917,-85.42653988272065
AVX,D_rapid_expansion,2026-08-24,49,No Significant Move,8.40108232987542,54.97012156173324,35.81200838701598,19.158113174717258,5.273551311103917,-85.42653988272065
AVX,E_base_breakout,2026-08-24,49,No Significant Move,8.40108232987542,54.97012156173324,35.81200838701598,19.158113174717258,5.273551311103917,-85.42653988272065
TDIC,A_10_from_low,2026-06-16,2,No Significant Move,8.592110038959477,47.134812955602555,47.37824266075604,-0.24342970515348128,7.145298732618491,-98.68112799919608
TDIC,B_20_from_low,2026-06-16,2,No Significant Move,8.592110038959477,47.134812955602555,47.37824266075604,-0.24342970515348128,7.145298732618491,-98.68112799919608
AIFU,A_10_from_low,2026-06-18,3,No Significant Move,6.428712392334979,56.15651332240663,68.9897803515766,-12.833267029169967,4.1450777202072535,-24.602446142483725
AIFU,B_20_from_low,2026-08-04,34,No Significant Move,3.1233168187273064,50.466974695116,35.4521045576258,15.014870137490199,0.5397727272727273,-43.21101143254245
AIFU,C_20_in_1_3,2026-08-21,47,Temporary Spike,68.1621654613598,30.93155762625136,47.74517746570239,-16.81361983945103,2.4259306153456572,-71.71253888628809
AIFU,D_rapid_expansion,2026-08-21,47,Temporary Spike,68.1621654613598,30.93155762625136,47.74517746570239,-16.81361983945103,2.4259306153456572,-71.71253888628809
CREG,A_10_from_low,2026-06-16,1,Temporary Spike,46.37681493269743,40.25802524519588,40.269007322676124,-0.010982077480242936,4.635217105331844,-85.52447618438512
CREG,B_20_from_low,2026-06-17,2,No Significant Move,7.954537552414842,45.02555096658211,40.80789203884401,4.2176589277381,7.384419191663366,-81.5384610511078
CREG,C_20_in_1_3,2026-07-28,29,Temporary Spike,37.399999240040785,25.456688406158506,24.515261069635073,0.9414273365234322,0.18376369312717517,-98.6013985992125
UPLD,A_10_from_low,2026-06-29,8,Temporary Spike,25.12087035458448,34.51890943049695,32.28369019595628,2.235219234540665,1.2096720592340515,-71.20253078602501
UPLD,B_20_from_low,2026-07-02,11,No Significant Move,16.183667938394585,38.86015032965407,29.58133879124682,9.278811538407247,0.9458932914130624,-68.98734154294
UPLD,E_base_breakout,2026-08-07,36,Temporary Spike,22.095235188802075,54.97589759731964,41.31499280833824,13.660904788981398,2.093389296956978,-66.77215229985501
UPLD,C_20_in_1_3,2026-08-13,40,No Significant Move,0.5573757446379002,63.130586315364866,40.95346276944278,22.177123545922086,5.076923076923077,-61.39240613294666
UPLD,D_rapid_expansion,2026-08-13,40,No Significant Move,0.5573757446379002,63.130586315364866,40.95346276944278,22.177123545922086,5.076923076923077,-61.39240613294666
VMAR,A_10_from_low,2026-06-17,1,No Significant Move,-5.999995640345979,29.597953385878625,21.28051881794765,8.317434567930974,3.9432957781354463,-96.98275862068965
VMAR,B_20_from_low,2026-06-17,1,No Significant Move,-5.999995640345979,29.597953385878625,21.28051881794765,8.317434567930974,3.9432957781354463,-96.98275862068965
VMAR,C_20_in_1_3,2026-08-05,34,Gradual Rise,94.88721582388031,26.33455788928846,21.718393804362805,4.616164084925657,4.005044665942186,-99.42672412970971
VMAR,D_rapid_expansion,2026-08-05,34,Gradual Rise,94.88721582388031,26.33455788928846,21.718393804362805,4.616164084925657,4.005044665942186,-99.42672412970971
VMAR,E_base_breakout,2026-08-26,49,No Significant Move,1.0752626424140876,49.76672433253351,31.730844604222725,18.035879728310782,6.777114349687709,-99.1982758456263
WOK,A_10_from_low,2026-06-18,1,No Significant Move,0.0,40.28117060238358,41.27796563937983,-0.9967950369962466,5.672307617289902,-99.5195195123598
WOK,B_20_from_low,2026-06-18,1,No Significant Move,0.0,40.28117060238358,41.27796563937983,-0.9967950369962466,5.672307617289902,-99.5195195123598
WOK,E_base_breakout,2026-08-11,37,Temporary Spike,42.60089863489862,41.31948004823133,40.84625408605804,0.47322596217328794,11.664383343422436,-99.66516516230128
BMGL,A_10_from_low,2026-06-22,1,Temporary Spike,43.01133466086888,51.11287177098911,48.237092407051975,2.8757793639371343,0.13192643376125984,-30.98696147812774
BMGL,B_20_from_low,2026-07-02,9,No Significant Move,0.11975179342158526,61.70544211888364,44.48162072039843,17.223821398485207,4.108288512430297,-22.253253636704773
BMGL,C_20_in_1_3,2026-07-02,9,No Significant Move,0.11975179342158526,61.70544211888364,44.48162072039843,17.223821398485207,4.108288512430297,-22.253253636704773
BMGL,D_rapid_expansion,2026-07-02,9,No Significant Move,0.11975179342158526,61.70544211888364,44.48162072039843,17.223821398485207,4.108288512430297,-22.253253636704773
BMGL,E_base_breakout,2026-08-26,47,No Significant Move,-5.6444825842758455,55.13167562228849,41.69883187869526,13.432843743593232,12.862518089725036,-44.73929172009996
BOXL,A_10_from_low,2026-06-24,3,No Significant Move,6.372948012439195,52.48851637969773,36.75170821883152,15.736808160866211,19.16566217067748,-74.89711944250476
BOXL,B_20_from_low,2026-06-24,3,No Significant Move,6.372948012439195,52.48851637969773,36.75170821883152,15.736808160866211,19.16566217067748,-74.89711944250476
BOXL,C_20_in_1_3,2026-06-25,4,No Significant Move,15.355555216471362,47.73550289658793,35.102148631316695,12.633354265271237,0.35944092184787957,-76.85185248778006
BOXL,D_rapid_expansion,2026-08-12,37,Temporary Spike,20.711564652394188,79.47711723457027,38.31888933985664,41.15822789471363,18.36647403977995,-59.51646260620542
BOXL,E_base_breakout,2026-08-12,37,Temporary Spike,20.711564652394188,79.47711723457027,38.31888933985664,41.15822789471363,18.36647403977995,-59.51646260620542
FXHO,A_10_from_low,2026-06-22,1,Rapid Move,327.35043431714763,31.756679368962494,33.95992248947904,-2.2032431205165466,0.28668502897954157,-89.3636365370317
FXHO,B_20_from_low,2026-06-23,2,Rapid Move,309.1652938413322,33.23223191823185,42.65750035496528,-9.425268436733433,0.3325457250371926,-88.89090884815562
FXHO,C_20_in_1_3,2026-07-01,8,True Explosion,160.41665631863847,53.38407049884659,32.67621128215259,20.707859216693997,0.2031498840374846,-82.54545385187322
FXHO,D_rapid_expansion,2026-07-06,10,No Significant Move,12.531973701027233,71.99069209417455,34.832958430076786,37.15773366409776,10.349979718139359,-64.45454684170811
LABT,A_10_from_low,2026-06-23,2,Gradual Rise,72.54407695887434,11.361017517281596,11.73498731395911,-0.37396979667751395,5.335149712252218,-95.41040459120205
LABT,B_20_from_low,2026-07-09,13,Rapid Move,159.4696830468954,13.24559517864762,12.08117445996892,1.1644207186786986,1.0318834307148526,-96.94797675733622
LABT,C_20_in_1_3,2026-07-22,22,No Significant Move,4.105567828790568,29.181393564873176,13.762387753445566,15.41900581142761,18.49436648362823,-96.05780336898187
LABT,D_rapid_expansion,2026-07-22,22,No Significant Move,4.105567828790568,29.181393564873176,13.762387753445566,15.41900581142761,18.49436648362823,-96.05780336898187
LABT,E_base_breakout,2026-09-01,51,No Significant Move,-4.347821955569664,47.985381361967555,35.0092992193848,12.976082142582754,3.651068923709695,-96.80924856593843
LHSW,A_10_from_low,2026-06-22,1,Rapid Move,270.3349324870424,40.10878112338109,40.88530196052029,-0.776520837139195,2.3101619691610398,-84.44940491501336
LHSW,B_20_from_low,2026-06-30,7,True Explosion,322.9507972463046,40.357149553314905,38.3954732327296,1.9616763205853047,1.0562925106824552,-86.38392782700404
LHSW,C_20_in_1_3,2026-07-01,8,True Explosion,337.2881273742517,39.504882216071096,37.897365929619085,1.607516286452011,0.13254817856416343,-86.8303568735972
LHSW,D_rapid_expansion,2026-07-06,10,No Significant Move,-28.382356632951943,80.18094530060007,32.719557296360264,47.46138800423981,17.11567714047647,-49.40475890594536
LHSW,E_base_breakout,2026-08-25,46,Temporary Spike,44.82758795147595,63.29499927714941,52.30422644322924,10.990772833920168,5.872934764094703,-71.94940402803944
POM,A_10_from_low,2026-06-22,1,Temporary Spike,27.142857264499277,34.70584514012057,38.04907652572838,-3.343231385607808,1.2966899325929122,-85.35258387579923
POM,B_20_from_low,2026-06-26,5,Temporary Spike,20.270266787164704,37.38634301912176,32.63939656468021,4.746946454441549,1.250921622718725,-84.51558820544888
POM,C_20_in_1_3,2026-08-04,31,Temporary Spike,64.81995187048786,35.07057319616743,28.419338271710743,6.651234924456688,0.8455794930327674,-92.44611809737276
POM,D_rapid_expansion,2026-08-10,35,No Significant Move,9.174313832990855,51.590215007208386,33.4414246837307,18.148790323477684,4.770978131886761,-88.59593975986922
WLDS,A_10_from_low,2026-06-22,1,No Significant Move,10.989006742333117,34.950647705571384,36.488511372915326,-1.5378636673439416,0.7692671719484988,-86.60779961723905
WLDS,B_20_from_low,2026-06-22,1,No Significant Move,10.989006742333117,34.950647705571384,36.488511372915326,-1.5378636673439416,0.7692671719484988,-86.60779961723905
WLDS,C_20_in_1_3,2026-07-23,23,True Explosion,191.47981813473706,62.34921345164973,29.280239375906532,33.0689740757432,19.370901698946764,-83.59087568774724
WLDS,D_rapid_expansion,2026-07-23,23,True Explosion,191.47981813473706,62.34921345164973,29.280239375906532,33.0689740757432,19.370901698946764,-83.59087568774724
WLDS,E_base_breakout,2026-07-23,23,True Explosion,191.47981813473706,62.34921345164973,29.280239375906532,33.0689740757432,19.370901698946764,-83.59087568774724
FCUV,A_10_from_low,2026-06-23,1,True Explosion,73.47931588372367,54.37471050949856,37.66774793648871,16.706962573009854,19.46930342608128,-94.14529870059016
FCUV,B_20_from_low,2026-06-23,1,True Explosion,73.47931588372367,54.37471050949856,37.66774793648871,16.706962573009854,19.46930342608128,-94.14529870059016
FCUV,C_20_in_1_3,2026-07-31,28,Temporary Spike,54.31033646450909,85.45226059914596,37.68498337139319,47.76727722775277,19.899700393751676,-83.475782214033
FCUV,D_rapid_expansion,2026-07-31,28,Temporary Spike,54.31033646450909,85.45226059914596,37.68498337139319,47.76727722775277,19.899700393751676,-83.475782214033
ILLR,A_10_from_low,2026-06-24,2,True Explosion,612.6137923598936,33.25610137367413,41.82869654052694,-8.572595166852814,3.033866475194636,-88.0404352359087
ILLR,B_20_from_low,2026-06-25,3,True Explosion,79.67213458189629,59.67908546548767,39.99267559440696,19.686409871080706,19.000074446953832,-52.56609589825851
ILLR,C_20_in_1_3,2026-06-26,4,No Significant Move,-0.6726504383801291,68.08896427723593,41.13837266325592,26.95059161398001,5.28488235454092,-30.637633635841897
ILLR,D_rapid_expansion,2026-06-26,4,No Significant Move,-0.6726504383801291,68.08896427723593,41.13837266325592,26.95059161398001,5.28488235454092,-30.637633635841897
YYGH,A_10_from_low,2026-06-23,1,No Significant Move,-1.877943573824914,22.504728400473226,23.498330200783556,-0.99360180031033,0.23262450458271033,-99.41078830034465
YYGH,B_20_from_low,2026-06-26,4,Temporary Spike,23.943665046063888,22.11830811716183,22.849132083246886,-0.7308239660850546,0.3635207990601819,-99.60719223320606
YYGH,C_20_in_1_3,2026-07-06,9,No Significant Move,12.101906475380053,24.42885360481138,22.11830811716183,2.3105454876495486,0.7561466765149437,-99.56569842738855
YYGH,D_rapid_expansion,2026-08-26,46,No Significant Move,-2.8301861329449007,60.569084966354865,36.06021614270642,24.50886882364844,13.140736925935597,-99.41355461562156
YYGH,E_base_breakout,2026-08-26,46,No Significant Move,-2.8301861329449007,60.569084966354865,36.06021614270642,24.50886882364844,13.140736925935597,-99.41355461562156
AMIX,A_10_from_low,2026-06-24,1,No Significant Move,1.7337031808411174,39.16059615825068,52.708131850463154,-13.547535692212477,6.667651185114081,-46.77002585798652
AMIX,B_20_from_low,2026-07-01,6,No Significant Move,5.072462315870885,44.01746134568478,39.16059615825068,4.856865187434103,1.8394495029305773,-49.0586928275947
AMIX,C_20_in_1_3,2026-07-01,6,No Significant Move,5.072462315870885,44.01746134568478,39.16059615825068,4.856865187434103,1.8394495029305773,-49.0586928275947
AMIX,D_rapid_expansion,2026-07-01,6,No Significant Move,5.072462315870885,44.01746134568478,39.16059615825068,4.856865187434103,1.8394495029305773,-49.0586928275947
DD,E_base_breakout,2026-08-04,29,No Significant Move,4.540688326967057,59.15515835960901,56.24585040640243,2.9093079532065786,1.9609027412333158,-7.54253440605811
DD,A_10_from_low,2026-08-05,30,No Significant Move,1.3910586412978265,65.83715232175436,49.5373314918049,16.29982082994946,0.911983348201011,-4.670419426702244
NAMI,A_10_from_low,2026-06-25,1,No Significant Move,-5.5299594358818815,28.872834770547414,37.082800980537854,-8.20996620999044,1.0850709522916189,-82.63999938964844
NAMI,B_20_from_low,2026-07-10,11,Gradual Rise,153.88740532449407,33.18566624181727,27.96029864336323,5.225367598454042,0.3690561772699838,-85.07999992370605
NAMI,C_20_in_1_3,2026-08-07,31,No Significant Move,-19.95464640523158,62.65948545051342,31.673003592480512,30.98648185803291,16.41157947528961,-82.36000061035156
NAMI,D_rapid_expansion,2026-08-07,31,No Significant Move,-19.95464640523158,62.65948545051342,31.673003592480512,30.98648185803291,16.41157947528961,-82.36000061035156
NUWE,A_10_from_low,2026-07-06,6,Gradual Rise,94.52888053417357,14.295273357976285,12.60684883843895,1.6884245195373353,0.7775136905530907,-97.75656317846469
NUWE,B_20_from_low,2026-07-30,24,No Significant Move,-45.39325458626284,48.21412527412134,17.762029404891138,30.452095869230206,17.858810667409646,-96.96556427243614
NUWE,C_20_in_1_3,2026-07-30,24,No Significant Move,-45.39325458626284,48.21412527412134,17.762029404891138,30.452095869230206,17.858810667409646,-96.96556427243614
NUWE,D_rapid_expansion,2026-07-30,24,No Significant Move,-45.39325458626284,48.21412527412134,17.762029404891138,30.452095869230206,17.858810667409646,-96.96556427243614
RUBI,A_10_from_low,2026-06-26,1,No Significant Move,0.6015031771336776,21.75392845664247,23.092954895400695,-1.339026438758225,0.21511221997590807,-99.75679999651229
RUBI,B_20_from_low,2026-06-26,1,No Significant Move,0.6015031771336776,21.75392845664247,23.092954895400695,-1.339026438758225,0.21511221997590807,-99.75679999651229
VRAX,A_10_from_low,2026-06-26,1,Rapid Move,324.11575644046417,36.54651877075853,45.993565764337724,-9.447046993579193,3.932916398032785,-70.45130633904849
VRAX,B_20_from_low,2026-07-02,5,Rapid Move,321.40572198475155,39.856398433214096,38.59607054779316,1.260327885420935,1.31040139833411,-70.26128049515317
VRAX,C_20_in_1_3,2026-07-09,9,No Significant Move,-22.012579653733756,68.40249059651748,34.391193696076414,34.01129690044107,19.023942775964912,-39.572443097128364
VRAX,D_rapid_expansion,2026-07-09,9,No Significant Move,-22.012579653733756,68.40249059651748,34.391193696076414,34.01129690044107,19.023942775964912,-39.572443097128364
VRAX,E_base_breakout,2026-08-19,38,No Significant Move,14.465409700951891,51.00544558752462,42.27384158680451,8.731604000720111,18.352798238286887,-69.78622154856417
GDC,A_10_from_low,2026-06-29,1,No Significant Move,-0.8032120823258437,29.276256364177286,29.53837563148157,-0.2621192673042856,0.6403215870612955,-99.83372287081558
GDC,B_20_from_low,2026-07-01,3,No Significant Move,9.292037125359753,29.29292864727124,29.675989492401683,-0.38306084513044425,0.9146123524025097,-99.84908180364185
GDC,E_base_breakout,2026-07-22,17,Temporary Spike,57.21648775032413,29.786553403399964,29.22717512241468,0.5593782809852854,1.6873523622746194,-99.87045074743102
GDC,C_20_in_1_3,2026-08-03,25,Gradual Rise,97.25273685198536,30.253180725660286,29.829702267683615,0.42347845797667105,0.8852838530561091,-99.8784641033421
GIBO,A_10_from_low,2026-06-30,2,Temporary Spike,65.15418686537598,43.07050496256153,51.58534825558855,-8.51484329302702,2.617196520668155,-65.99250822031543
GIBO,B_20_from_low,2026-06-30,2,Temporary Spike,65.15418686537598,43.07050496256153,51.58534825558855,-8.51484329302702,2.617196520668155,-65.99250822031543
GIBO,C_20_in_1_3,2026-07-02,4,Temporary Spike,54.216382155784174,45.13680972610774,40.63624572819748,4.5005639979102625,2.89921416037232,-63.58052514465561
GIBO,D_rapid_expansion,2026-07-02,4,Temporary Spike,54.216382155784174,45.13680972610774,40.63624572819748,4.5005639979102625,2.89921416037232,-63.58052514465561
HON,A_10_from_low,2026-07-23,18,No Significant Move,2.326712806322795,65.1220514684797,47.439019349232204,17.683032119247493,1.259412089828836,-5.330415426855561
HON,E_base_breakout,2026-07-23,18,No Significant Move,2.326712806322795,65.1220514684797,47.439019349232204,17.683032119247493,1.259412089828836,-5.330415426855561
MNDR,A_10_from_low,2026-06-29,1,No Significant Move,9.24370219315045,39.654791742576265,26.24902397844761,13.405767764128655,1.8811023785786658,-66.19318379371447
MNDR,B_20_from_low,2026-06-29,1,No Significant Move,9.24370219315045,39.654791742576265,26.24902397844761,13.405767764128655,1.8811023785786658,-66.19318379371447
MNDR,C_20_in_1_3,2026-08-03,25,No Significant Move,14.594586931762343,29.83313892339838,19.74266837833474,10.090470545063638,4.39430680021086,-82.48106107642552
MNDR,D_rapid_expansion,2026-08-03,25,No Significant Move,14.594586931762343,29.83313892339838,19.74266837833474,10.090470545063638,4.39430680021086,-82.48106107642552
PAVS,A_10_from_low,2026-06-30,2,Temporary Spike,27.590844700680073,21.03827267488444,21.576446446837537,-0.5381737719530975,5.673341669106294,-99.7342632393298
PAVS,B_20_from_low,2026-06-30,2,Temporary Spike,27.590844700680073,21.03827267488444,21.576446446837537,-0.5381737719530975,5.673341669106294,-99.7342632393298
PAVS,C_20_in_1_3,2026-07-23,18,Temporary Spike,64.12859661092216,24.7309105874548,20.057296753470155,4.673613833984646,13.527146102206537,-99.78862661489943
PAVS,D_rapid_expansion,2026-07-23,18,Temporary Spike,64.12859661092216,24.7309105874548,20.057296753470155,4.673613833984646,13.527146102206537,-99.78862661489943
ZCMD,A_10_from_low,2026-06-29,1,Rapid Move,905.0419716854911,14.89258007494523,14.69680540213453,0.1957746728106997,7.304636227237877,-99.73907626848607
ZCMD,B_20_from_low,2026-06-29,1,Rapid Move,905.0419716854911,14.89258007494523,14.69680540213453,0.1957746728106997,7.304636227237877,-99.73907626848607
ZCMD,C_20_in_1_3,2026-07-06,5,Gradual Rise,433.928570858374,17.465596421848957,14.490984166346507,2.97461225550245,8.01159551123316,-99.50884946808763
ZCMD,D_rapid_expansion,2026-07-06,5,Gradual Rise,433.928570858374,17.465596421848957,14.490984166346507,2.97461225550245,8.01159551123316,-99.50884946808763
HCWB,A_10_from_low,2026-07-09,7,No Significant Move,2.9063558543849233,37.9272204729647,35.47060454309867,2.4566159298660253,0.20689764396150356,-73.21222641262044
HCWB,B_20_from_low,2026-07-30,22,Temporary Spike,34.60316326192332,36.34979509646656,26.955705019015795,9.394090077450763,1.596005754421596,-81.83390964447418
HCWB,C_20_in_1_3,2026-07-31,23,Temporary Spike,32.4999908730389,37.122593458331515,24.85796217435835,12.264631283973166,1.1305259479294076,-81.54555928763278
HCWB,D_rapid_expansion,2026-08-03,24,No Significant Move,10.479046468424702,39.343283764229376,27.264219922552613,12.079063841676764,4.1922796795338675,-80.73817828847692
JBDI,A_10_from_low,2026-06-30,1,No Significant Move,11.363634105884767,57.234278500725964,47.9192808287965,9.314997671929461,12.720479795497,-36.53845668897103
JBDI,B_20_from_low,2026-07-09,7,No Significant Move,15.328469884383523,58.33290990520414,55.66142696591631,2.671482939287827,1.5878401933669557,-34.134612739438744
JBDI,C_20_in_1_3,2026-08-04,25,No Significant Move,0.6849308357518069,60.558079964317706,43.69042971535652,16.867650248961183,0.14686248331108145,-29.80768789906457
QNCX,A_10_from_low,2026-07-01,2,Temporary Spike,41.25373043231111,33.43877323387812,41.4223483488264,-7.983575114948273,3.418831678748853,-97.71798365122616
QNCX,B_20_from_low,2026-07-14,10,Gradual Rise,71.6433335350436,51.852681882451215,39.038024859925386,12.814657022525829,2.6462308414138254,-97.37193448017338
QNCX,C_20_in_1_3,2026-07-29,21,Temporary Spike,60.95454476096413,67.1619294127153,47.46748059076811,19.694448821947184,2.0455412797354025,-97.00272479564033
QNCX,D_rapid_expansion,2026-07-29,21,Temporary Spike,60.95454476096413,67.1619294127153,47.46748059076811,19.694448821947184,2.0455412797354025,-97.00272479564033
QNCX,E_base_breakout,2026-07-29,21,Temporary Spike,60.95454476096413,67.1619294127153,47.46748059076811,19.694448821947184,2.0455412797354025,-97.00272479564033
TRNR,A_10_from_low,2026-06-30,1,No Significant Move,16.560503750612753,47.647096784130284,35.950026534450544,11.69707024967974,1.4004546268328533,-95.71428573907902
TRNR,B_20_from_low,2026-07-13,9,Temporary Spike,29.900335489001662,36.09922019562535,42.9060571411275,-6.806836945502148,1.451938285916436,-97.26114654351986
TRNR,E_base_breakout,2026-08-12,31,No Significant Move,6.666666666666665,55.898783291998,48.030209874493394,7.8685734175046065,1.2033859528711965,-96.58780714473697
ALIT,A_10_from_low,2026-07-01,1,Rapid Move,72.46905385780376,52.14787145013294,38.583518726305705,13.564352723827234,0.9924686597218185,-65.15228677537456
ALIT,B_20_from_low,2026-07-01,1,Rapid Move,72.46905385780376,52.14787145013294,38.583518726305705,13.564352723827234,0.9924686597218185,-65.15228677537456
ALIT,C_20_in_1_3,2026-07-07,4,Temporary Spike,24.36974352172674,69.09101141248516,37.410538607776815,31.680472804708344,0.7355211239822607,-51.675126451400274
MQ,A_10_from_low,2026-07-15,10,No Significant Move,7.599307029639002,59.919762118429254,44.73578210086764,15.183980017561616,1.046562870184319,-14.517711121532273
MQ,B_20_from_low,2026-07-29,20,No Significant Move,1.7973851456192014,63.75707930403984,55.63824478269587,8.11883452134397,0.9016583609417486,-9.645664930653986
RMTI,A_10_from_low,2026-07-02,2,Temporary Spike,37.0036138059679,32.89375338484615,39.608355246849996,-6.714601862003846,2.148752490276065,-56.03174766565512
RMTI,B_20_from_low,2026-07-07,4,Temporary Spike,25.901638498488232,43.53891972328598,31.796083494122314,11.742836229163665,1.8276220145379023,-51.58730380989851
RMTI,E_base_breakout,2026-07-27,18,No Significant Move,15.714291163853233,63.7364357325825,52.16446595389709,11.571969778685407,1.301176181304045,-44.44444612640967
GMEX,A_10_from_low,2026-07-07,3,No Significant Move,-3.4615352873264893,23.379418705029167,26.792947706517097,-3.4135290014879303,0.4234816334794348,-99.35515877333417
GMEX,B_20_from_low,2026-07-27,17,No Significant Move,-4.444440323629384,28.706816266026408,21.73319686905178,6.973619396974627,8.857647947151635,-99.55357145391353
GMEX,C_20_in_1_3,2026-07-27,17,No Significant Move,-4.444440323629384,28.706816266026408,21.73319686905178,6.973619396974627,8.857647947151635,-99.55357145391353
GMEX,D_rapid_expansion,2026-07-27,17,No Significant Move,-4.444440323629384,28.706816266026408,21.73319686905178,6.973619396974627,8.857647947151635,-99.55357145391353
ABTC,A_10_from_low,2026-07-06,1,No Significant Move,-0.9422841679949556,20.634763728532974,28.75109865238437,-8.116334923851397,1.7475149738574745,-71.98019806966242
ABTC,B_20_from_low,2026-07-21,12,No Significant Move,18.856264398621736,31.94894034483258,16.874364746174194,15.074575598658384,1.001479924205751,-78.64686484124374
ABTC,E_base_breakout,2026-08-10,26,Temporary Spike,33.94625229271326,50.76673858135631,37.06616951866341,13.7005690626929,1.2466708625355138,-76.6666655126053
CRIS,A_10_from_low,2026-07-10,5,No Significant Move,12.903223015391262,37.46969339834432,43.67303831802272,-6.2033449196784005,0.1280569030739383,-78.43478244283925
CRIS,B_20_from_low,2026-08-13,29,No Significant Move,11.229942160545336,24.564007933352258,37.80070326740729,-13.236695334055035,8.624029185550144,-91.86956519665925
HKIT,A_10_from_low,2026-07-06,1,No Significant Move,13.551399422291755,33.19032184741745,33.74831976552407,-0.5579979181066221,0.2210649219768245,-99.94949852259813
HKIT,B_20_from_low,2026-07-22,13,No Significant Move,-1.0810800361494066,33.62521289329601,33.246803216176545,0.37840967711946405,0.8231230155492366,-99.95634218232821
HKIT,C_20_in_1_3,2026-08-06,24,No Significant Move,3.488368708227374,34.82728811032912,33.486521751483906,1.3407663588452152,3.111032437934239,-99.95941002882336
HKIT,D_rapid_expansion,2026-08-06,24,No Significant Move,3.488368708227374,34.82728811032912,33.486521751483906,1.3407663588452152,3.111032437934239,-99.95941002882336
JZ,A_10_from_low,2026-07-06,1,Temporary Spike,37.458198006868535,40.55209401986179,41.86145043980701,-1.3093564199452175,2.718908275853529,-96.78494622630458
JZ,B_20_from_low,2026-07-07,2,Temporary Spike,23.053899375221953,41.144250000602966,42.0780856205509,-0.933835619947935,1.3884407234715643,-96.4086022428287
JZ,C_20_in_1_3,2026-07-09,4,No Significant Move,2.8423807950193947,42.24032498382862,41.60293524731106,0.6373897365175623,2.8389883656543593,-95.8387098004741
JZ,D_rapid_expansion,2026-07-09,4,No Significant Move,2.8423807950193947,42.24032498382862,41.60293524731106,0.6373897365175623,2.8389883656543593,-95.8387098004741
NIPG,A_10_from_low,2026-07-06,1,Gradual Rise,255.1344517515429,33.06551793886672,28.978911267048147,4.086606671818572,2.565234324289238,-76.28985418789628
NIPG,B_20_from_low,2026-07-06,1,Gradual Rise,255.1344517515429,33.06551793886672,28.978911267048147,4.086606671818572,2.565234324289238,-76.28985418789628
NIPG,C_20_in_1_3,2026-07-21,12,True Explosion,287.3333231608073,46.00645257574491,26.134323779945873,19.872128795799036,8.876417837899044,-78.26086956521739
NIPG,D_rapid_expansion,2026-07-21,12,True Explosion,287.3333231608073,46.00645257574491,26.134323779945873,19.872128795799036,8.876417837899044,-78.26086956521739
NTCL,A_10_from_low,2026-07-06,1,Temporary Spike,24.675332717779884,37.04988882322218,37.72114265984528,-0.6712538366230945,1.0271583580852854,-96.82474234669479
NTCL,B_20_from_low,2026-07-06,1,Temporary Spike,24.675332717779884,37.04988882322218,37.72114265984528,-0.6712538366230945,1.0271583580852854,-96.82474234669479
NVVE,A_10_from_low,2026-07-06,1,True Explosion,631.9018791967644,37.12514703348779,42.20424535686551,-5.079098323377721,10.460006783066056,-94.23213029382619
NVVE,B_20_from_low,2026-07-06,1,True Explosion,631.9018791967644,37.12514703348779,42.20424535686551,-5.079098323377721,10.460006783066056,-94.23213029382619
NVVE,C_20_in_1_3,2026-07-09,4,True Explosion,307.6310023236851,63.05377950244468,48.6365816246899,14.417197877754774,0.5622936680700381,-89.64378407715282
NVVE,D_rapid_expansion,2026-07-10,5,True Explosion,161.81419689670054,76.92420603581772,42.934354342186566,33.98985169363115,6.2982042999013474,-83.87591380853837
SNAL,A_10_from_low,2026-07-06,1,Rapid Move,92.83388289981922,41.51245355614712,40.307039701345914,1.2054138548012077,2.076560041950708,-63.882353726555316
SNAL,B_20_from_low,2026-07-07,2,Temporary Spike,62.637360046169356,54.32979796587537,43.10304062868673,11.226757337188644,5.80786583808632,-57.17646935406853
SNAL,C_20_in_1_3,2026-07-09,4,Temporary Spike,51.79487003925838,57.59495968744821,41.29723605619338,16.297723631254833,1.7821278759374604,-54.117645936853755
SNAL,D_rapid_expansion,2026-07-09,4,Temporary Spike,51.79487003925838,57.59495968744821,41.29723605619338,16.297723631254833,1.7821278759374604,-54.117645936853755
SRXH,A_10_from_low,2026-07-06,1,True Explosion,78.57142342503083,25.297513876119112,39.21489157408316,-13.91737769796405,6.642654457006521,-89.82102831164755
SRXH,B_20_from_low,2026-07-06,1,True Explosion,78.57142342503083,25.297513876119112,39.21489157408316,-13.91737769796405,6.642654457006521,-89.82102831164755
SRXH,C_20_in_1_3,2026-07-09,4,No Significant Move,14.22925445001686,32.9454295246327,39.214891574083154,-6.269462049450453,6.7242004765862875,-85.85011135268255
SRXH,D_rapid_expansion,2026-07-09,4,No Significant Move,14.22925445001686,32.9454295246327,39.214891574083154,-6.269462049450453,6.7242004765862875,-85.85011135268255
CGTL,A_10_from_low,2026-07-07,1,Temporary Spike,20.750541652250142,36.86875970740492,44.42449505480492,-7.555735347400002,0.0651330528386427,-94.19230742332263
CGTL,B_20_from_low,2026-07-24,14,Temporary Spike,32.64033659747043,43.0296452678855,38.29016318821913,4.739482079666367,0.12129285637357363,-93.8333334066929
CGTL,C_20_in_1_3,2026-08-17,30,No Significant Move,10.7933236426218,54.77910850774681,35.313927530829346,19.465180976917466,0.29111433305716655,-93.85897440788074
NCRA,A_10_from_low,2026-07-09,3,Gradual Rise,142.68293010911938,27.871754181535792,37.182089986830114,-9.310335805294322,0.4794853050436711,-94.53333338101704
NCRA,B_20_from_low,2026-07-29,17,No Significant Move,-18.269229299688195,62.105831001400084,30.96293376009423,31.142897241305853,17.07444562391862,-89.60000038146973
NCRA,C_20_in_1_3,2026-07-29,17,No Significant Move,-18.269229299688195,62.105831001400084,30.96293376009423,31.142897241305853,17.07444562391862,-89.60000038146973
NCRA,D_rapid_expansion,2026-07-29,17,No Significant Move,-18.269229299688195,62.105831001400084,30.96293376009423,31.142897241305853,17.07444562391862,-89.60000038146973
NCRA,E_base_breakout,2026-07-29,17,No Significant Move,-18.269229299688195,62.105831001400084,30.96293376009423,31.142897241305853,17.07444562391862,-89.60000038146973
PFSA,A_10_from_low,2026-07-08,2,No Significant Move,10.416666252745532,28.232295108952528,25.320737618185618,2.91155749076691,1.6195383290737881,-98.95081963044046
PFSA,B_20_from_low,2026-07-08,2,No Significant Move,10.416666252745532,28.232295108952528,25.320737618185618,2.91155749076691,1.6195383290737881,-98.95081963044046
PFSA,E_base_breakout,2026-08-17,30,True Explosion,525.1655272224006,34.30013993732862,24.96493172893433,9.335208208394292,10.602489852583478,-99.50491800985701
PFSA,C_20_in_1_3,2026-08-18,31,No Significant Move,-36.026200085317065,84.28905569292444,26.535409098851588,57.75364659407285,17.846348194762946,-96.99672136150423
PFSA,D_rapid_expansion,2026-08-18,31,No Significant Move,-36.026200085317065,84.28905569292444,26.535409098851588,57.75364659407285,17.846348194762946,-96.99672136150423
ENLV,A_10_from_low,2026-07-21,9,No Significant Move,2.1141628801125467,15.397513402911684,18.573340823765506,-3.175827420853821,0.9135981114965352,-73.72222211625841
ENLV,B_20_from_low,2026-08-03,18,No Significant Move,4.147461336638236,13.183983853306955,14.860765670486956,-1.6767818171800002,0.8037296821518193,-87.9444440205892
RBNE,A_10_from_low,2026-07-09,1,No Significant Move,-2.452384251089046,27.91199585746162,29.08292557675719,-1.1709297192955717,1.4613220482880829,-89.02595583706031
RBNE,B_20_from_low,2026-07-17,7,Temporary Spike,42.49999647790743,22.07141633632895,23.69848702845239,-1.6270706921234392,1.079724336648883,-93.98907065736826
RBNE,C_20_in_1_3,2026-07-23,11,No Significant Move,-33.97887124414122,34.257853079244796,19.663272498186572,14.594580581058224,4.074578696771948,-92.24043706947856
RBNE,D_rapid_expansion,2026-07-23,11,No Significant Move,-33.97887124414122,34.257853079244796,19.663272498186572,14.594580581058224,4.074578696771948,-92.24043706947856
GIPR,A_10_from_low,2026-07-10,1,No Significant Move,19.72788817747164,38.1377857189278,40.50448555478519,-2.366699835857389,1.5546107031066445,-83.19999967302594
GIPR,B_20_from_low,2026-07-31,16,Rapid Move,72.55434489919892,28.878891948808672,22.495196733155524,6.383695215653148,0.29747324472759074,-91.58857141222273
GIPR,C_20_in_1_3,2026-08-24,32,No Significant Move,-16.733073468698933,50.39166682645739,21.398758822734067,28.992908003723322,17.474459057904216,-91.39428547450474
GIPR,D_rapid_expansion,2026-08-24,32,No Significant Move,-16.733073468698933,50.39166682645739,21.398758822734067,28.992908003723322,17.474459057904216,-91.39428547450474
YMAT,A_10_from_low,2026-07-10,1,No Significant Move,8.60655873861722,45.3609247241342,44.49787379974612,0.8630509243880837,1.964830078021855,-73.90374376822308
YMAT,B_20_from_low,2026-07-10,1,No Significant Move,8.60655873861722,45.3609247241342,44.49787379974612,0.8630509243880837,1.964830078021855,-73.90374376822308
YMAT,C_20_in_1_3,2026-07-17,6,No Significant Move,-1.229506995337748,46.479586331975284,45.3609247241342,1.1186616078410836,0.07719916407125776,-73.90374376822308
BIYA,A_10_from_low,2026-07-13,1,Rapid Move,141.21952617969805,42.24776170540547,42.900077913971735,-0.6523162085662619,0.0518423702754893,-94.18439729839352
BIYA,B_20_from_low,2026-07-17,5,True Explosion,138.88890488584184,44.5044768811465,43.808911175814345,0.6955657053321573,5.772779834350347,-94.12765976385022
BIYA,C_20_in_1_3,2026-07-27,11,Temporary Spike,63.54916179576185,48.44170424266891,42.00129357464761,6.4404106680213005,6.840556222607785,-94.08510627476036
BIYA,D_rapid_expansion,2026-07-27,11,Temporary Spike,63.54916179576185,48.44170424266891,42.00129357464761,6.4404106680213005,6.840556222607785,-94.08510627476036
CCHH,A_10_from_low,2026-07-13,1,No Significant Move,8.988769011370557,28.32957109073483,50.23095367260013,-21.9013825818653,0.3821181965459946,-86.81481502674244
CCHH,B_20_from_low,2026-07-27,11,No Significant Move,16.455695151977135,31.17042919315756,27.495617643454096,3.6748115497034632,0.340811846560256,-88.29629597840486
CPOP,A_10_from_low,2026-07-13,1,No Significant Move,15.550761722901218,40.871613051778944,43.126506481277175,-2.2548934294982317,1.1173626546223705,-96.95394733333521
CPOP,B_20_from_low,2026-07-14,2,No Significant Move,8.739839725295283,41.124196884677275,43.74822744801195,-2.624030563334678,2.383701305849803,-96.76315776471286
EDBL,A_10_from_low,2026-07-15,3,Rapid Move,152.94118059547702,27.481833455542798,32.01289675696965,-4.531063301426855,0.08978175017027398,-99.24444442325168
EDBL,B_20_from_low,2026-07-21,7,Rapid Move,138.888905813665,30.00209467261122,27.68043507232501,2.3216596002862104,0.06342814899869077,-99.20000002119276
FTFT,A_10_from_low,2026-07-22,8,No Significant Move,-7.382551248393277,26.432013127333335,23.299315840634137,3.132697286699198,2.3375115698978712,-90.49744910371646
FTFT,B_20_from_low,2026-07-31,15,No Significant Move,-4.901956201103741,24.347298889844225,22.539117179209683,1.8081817106345426,6.811246620412406,-93.49489820743293
PSQH,A_10_from_low,2026-07-15,3,Temporary Spike,31.194811516175,26.43888971159423,39.50491921211411,-13.066029500519882,1.9832278632852276,-78.24858904699168
PSQH,B_20_from_low,2026-07-28,12,Gradual Rise,87.56756669679118,36.51753776886084,30.623703037005,5.89383473185584,12.304445245061505,-79.09604582938303
PSQH,C_20_in_1_3,2026-07-30,14,Temporary Spike,67.22891319851902,42.55886562503652,29.821911427822528,12.73695419721399,2.1413700536652325,-76.55367278821383
PSQH,D_rapid_expansion,2026-07-30,14,Temporary Spike,67.22891319851902,42.55886562503652,29.821911427822528,12.73695419721399,2.1413700536652325,-76.55367278821383
PWCM,A_10_from_low,2026-07-21,7,No Significant Move,-1.923075159625831,27.35333673225935,25.278961936063553,2.074374796195798,3.1443731503687347,-81.46167575507548
PWCM,B_20_from_low,2026-07-23,9,No Significant Move,11.274510949724071,22.12821861207165,24.985176317573902,-2.8569577055022535,2.014039682247589,-85.45454533091241
PWCM,C_20_in_1_3,2026-08-19,28,No Significant Move,11.515155149447631,38.77055861465045,26.803802161293802,11.966756453356645,4.0201898597865044,-88.2352939676511
PWCM,D_rapid_expansion,2026-08-19,28,No Significant Move,11.515155149447631,38.77055861465045,26.803802161293802,11.966756453356645,4.0201898597865044,-88.2352939676511
PWCM,E_base_breakout,2026-08-19,28,No Significant Move,11.515155149447631,38.77055861465045,26.803802161293802,11.966756453356645,4.0201898597865044,-88.2352939676511
XAIR,A_10_from_low,2026-07-20,6,Temporary Spike,29.347827907077995,32.027544238835034,36.944590833900726,-4.917046595065692,0.42449089020208003,-86.34703168210646
XAIR,B_20_from_low,2026-08-03,16,No Significant Move,14.218011156633704,46.417995647518815,30.170510631827682,16.247485015691133,10.633109921213531,-85.5479451279304
XAIR,C_20_in_1_3,2026-08-13,24,No Significant Move,1.1560682489023755,56.724372583629005,38.899073967797534,17.82529861583147,1.311145856600402,-84.20091279262235
YHC,A_10_from_low,2026-07-13,1,No Significant Move,-5.447465763508619,23.333361694985854,23.491239376164373,-0.15787768117851897,0.620727799135755,-97.68468474482631
YHC,B_20_from_low,2026-07-13,1,No Significant Move,-5.447465763508619,23.333361694985854,23.491239376164373,-0.15787768117851897,0.620727799135755,-97.68468474482631
YHC,C_20_in_1_3,2026-07-31,15,No Significant Move,-0.9523800873701971,24.482297676868583,23.16385147327435,1.3184462035942346,0.381127401621724,-98.10810819402471
JEM,A_10_from_low,2026-07-14,1,No Significant Move,17.68594481142076,37.736885241021795,43.73483742838983,-5.9979521873680355,0.3351262344465108,-90.15299426112809
JEM,B_20_from_low,2026-07-23,8,Temporary Spike,50.21097530305316,37.78958712910747,37.234205023552626,0.5553821055548411,10.616735377633095,-92.28515645008883
JEM,C_20_in_1_3,2026-07-24,9,No Significant Move,4.141732525889075,40.3760892643481,36.88876741506222,3.487321849285884,4.697257490214855,-89.66471346587544
JEM,D_rapid_expansion,2026-07-24,9,No Significant Move,4.141732525889075,40.3760892643481,36.88876741506222,3.487321849285884,4.697257490214855,-89.66471346587544
JEM,E_base_breakout,2026-08-25,31,No Significant Move,-13.76011673703319,51.99211176779286,38.41825243361456,13.573859334178302,15.691100303587975,-88.94042931612299
LGHL,A_10_from_low,2026-07-14,1,No Significant Move,-14.8760381059871,30.82186683886293,29.34963327578646,1.4722335630764718,15.053124822589732,-92.16067375930126
LGHL,B_20_from_low,2026-07-27,10,True Explosion,73.83176851651623,25.148860107694333,25.301213416921613,-0.15235330922727996,10.16960342114758,-96.53385156021052
YXT,A_10_from_low,2026-07-20,5,Gradual Rise,853.709213088487,42.5125073484114,40.37266369088755,2.1398436575238478,0.3174747154065944,-66.30000114440918
YXT,B_20_from_low,2026-08-05,17,No Significant Move,-53.990612067598455,93.04803922751105,36.195249079243204,56.85279014826785,19.962026697563136,0.0
YXT,C_20_in_1_3,2026-08-05,17,No Significant Move,-53.990612067598455,93.04803922751105,36.195249079243204,56.85279014826785,19.962026697563136,0.0
YXT,D_rapid_expansion,2026-08-05,17,No Significant Move,-53.990612067598455,93.04803922751105,36.195249079243204,56.85279014826785,19.962026697563136,0.0
GNPX,A_10_from_low,2026-07-21,4,No Significant Move,6.1836337099622,32.71620300001746,34.52055881182241,-1.8043558118049532,0.4851550383350731,-88.97382881172598
GNPX,B_20_from_low,2026-07-22,5,No Significant Move,-1.6646776716829237,35.26739475792618,38.619173888676436,-3.351779130750252,0.7230338132711788,-88.41597792814014
VIVK,A_10_from_low,2026-07-20,2,True Explosion,456.647399321899,18.74780052646325,27.276060585494037,-8.528260059030785,2.3059724075771397,-99.29674795972623
VIVK,B_20_from_low,2026-07-21,3,Temporary Spike,51.93799194625712,24.30231360163627,27.02300899026345,-2.7206953886271776,18.50617929963344,-98.95121954320892
VIVK,C_20_in_1_3,2026-07-23,5,True Explosion,84.90567395762716,25.59673646246472,23.184196734384145,2.4125397280805743,2.608098383184749,-99.13821142863452
VIVK,D_rapid_expansion,2026-07-23,5,True Explosion,84.90567395762716,25.59673646246472,23.184196734384145,2.4125397280805743,2.608098383184749,-99.13821142863452
BANL,A_10_from_low,2026-07-20,1,Gradual Rise,190.86540445420943,35.71318502355962,56.33317574903079,-20.61999072547117,5.558559374074899,-66.3157917496595
BANL,B_20_from_low,2026-07-21,2,Gradual Rise,164.7286870417835,51.049672101072694,54.936298527299556,-3.8866264262268615,5.43978575613022,-58.21862600786384
BANL,C_20_in_1_3,2026-08-12,18,True Explosion,169.21182343151116,65.64933137135466,36.068891339466575,29.580440031888088,11.34601797843721,-50.688259396934995
BANL,D_rapid_expansion,2026-08-12,18,True Explosion,169.21182343151116,65.64933137135466,36.068891339466575,29.580440031888088,11.34601797843721,-50.688259396934995
BANL,E_base_breakout,2026-08-12,18,True Explosion,169.21182343151116,65.64933137135466,36.068891339466575,29.580440031888088,11.34601797843721,-50.688259396934995
CCG,A_10_from_low,2026-07-21,2,Temporary Spike,53.62937414614184,79.26595399062413,45.67628379189906,33.58967019872507,0.1592250306201982,-22.80817416444111
CCG,B_20_from_low,2026-07-23,4,Temporary Spike,45.02216975710711,80.1570266286499,47.83553354670405,32.32149308194585,0.09410665420810252,-18.226765520216446
CCG,C_20_in_1_3,2026-07-31,10,No Significant Move,17.998696831031413,83.25886037309849,79.58346482927381,3.6753955438246777,0.2925844963847318,0.0
CCG,D_rapid_expansion,2026-08-13,19,No Significant Move,6.76072664936036,74.35740178043125,68.99316818413817,5.364233596293076,1.5453360640476634,0.0
CCG,E_base_breakout,2026-08-13,19,No Significant Move,6.76072664936036,74.35740178043125,68.99316818413817,5.364233596293076,1.5453360640476634,0.0
CDT,A_10_from_low,2026-07-20,1,No Significant Move,9.396915365217806,32.7228173904994,30.828110298881526,1.8947070916178745,0.34150716414561166,-99.14610777072564
CDT,B_20_from_low,2026-07-21,2,No Significant Move,-2.349867257496552,34.58986385059342,30.60219392526669,3.9876699253267276,1.2360316695113636,-99.08263474881292
CDT,C_20_in_1_3,2026-08-05,13,No Significant Move,1.6713142794601898,41.192679614711636,30.026196393154848,11.166483221556788,4.303488968701898,-99.1401197810373
CDT,D_rapid_expansion,2026-08-05,13,No Significant Move,1.6713142794601898,41.192679614711636,30.026196393154848,11.166483221556788,4.303488968701898,-99.1401197810373
CIIT,A_10_from_low,2026-07-20,1,No Significant Move,17.528739372731692,34.56460042378741,34.4063636047626,0.15823681902480757,0.09300849165061702,-92.3984270164567
CIIT,B_20_from_low,2026-07-21,2,No Significant Move,7.631584313437623,36.61670500904733,35.280527029314825,1.3361779797325042,0.15042055037396082,-91.69943194923202
DFNS,A_10_from_low,2026-07-21,2,Rapid Move,1285.0836776612828,22.84470194106116,18.33420609584614,4.510495845215019,16.218485921434862,-98.85240171674037
DFNS,B_20_from_low,2026-07-21,2,Rapid Move,1285.0836776612828,22.84470194106116,18.33420609584614,4.510495845215019,16.218485921434862,-98.85240171674037
DFNS,C_20_in_1_3,2026-07-27,6,True Explosion,594.6564683213425,44.598618960480614,15.116971376683807,29.481647583796807,14.259932438914817,-97.71179032638084
DFNS,D_rapid_expansion,2026-07-27,6,True Explosion,594.6564683213425,44.598618960480614,15.116971376683807,29.481647583796807,14.259932438914817,-97.71179032638084
NIKI,A_10_from_low,2026-07-20,1,No Significant Move,17.667049072430217,56.37030653445142,46.427797446855145,9.942509087596278,17.839315537558665,-27.024796319605414
NIKI,B_20_from_low,2026-07-20,1,No Significant Move,17.667049072430217,56.37030653445142,46.427797446855145,9.942509087596278,17.839315537558665,-27.024796319605414
NIKI,C_20_in_1_3,2026-07-30,9,No Significant Move,2.163227781498489,65.90747043222503,53.02827640422322,12.879194028001805,0.24483939759714615,-15.950415242394843
PRPL,A_10_from_low,2026-07-22,3,Temporary Spike,46.62756229174645,31.04432985498444,32.239026437064624,-1.1946965820801836,2.256516664505252,-65.89999914169312
PRPL,B_20_from_low,2026-07-24,5,Temporary Spike,31.06159698573925,41.89430885871734,26.15615824476062,15.73815061395672,0.6482767744922935,-61.84999942779541
PRPL,C_20_in_1_3,2026-07-27,6,Temporary Spike,21.654497264567453,48.369676535653696,20.19919247112462,28.170484064529077,1.14196034399163,-58.89999866485596
TOMZ,A_10_from_low,2026-07-24,5,Temporary Spike,29.87013308711195,23.37348501988889,36.800220535967505,-13.426735516078615,0.39258735909038045,-52.46913711974904
TOMZ,B_20_from_low,2026-07-27,6,No Significant Move,19.76048211949839,31.112592846312026,30.262285177837725,0.8503076684743007,0.18089473318026855,-48.45679159971875
TOMZ,C_20_in_1_3,2026-08-04,12,No Significant Move,0.5181404116229027,48.55652318846089,30.600543411763283,17.95597977669761,1.4614413574777447,-40.43210055965818
CANG,A_10_from_low,2026-07-22,2,Temporary Spike,21.649475540589535,37.09795545820709,33.906519711061165,3.191435747145924,4.279515329713323,-88.17073108325891
CANG,B_20_from_low,2026-07-22,2,Temporary Spike,21.649475540589535,37.09795545820709,33.906519711061165,3.191435747145924,4.279515329713323,-88.17073108325891
CANG,C_20_in_1_3,2026-08-12,17,Temporary Spike,30.136978546465375,59.382475422399196,36.40786800658637,22.974607415812827,2.570141178530193,-86.64634080389861
CANG,D_rapid_expansion,2026-08-12,17,Temporary Spike,30.136978546465375,59.382475422399196,36.40786800658637,22.974607415812827,2.570141178530193,-86.64634080389861
CANG,E_base_breakout,2026-08-12,17,Temporary Spike,30.136978546465375,59.382475422399196,36.40786800658637,22.974607415812827,2.570141178530193,-86.64634080389861
XPON,A_10_from_low,2026-07-21,1,Temporary Spike,32.075472910637124,30.85331711386661,29.193180750015927,1.6601363638506825,7.485519303310451,-66.75627160508175
XPON,B_20_from_low,2026-07-21,1,Temporary Spike,32.075472910637124,30.85331711386661,29.193180750015927,1.6601363638506825,7.485519303310451,-66.75627160508175
XPON,C_20_in_1_3,2026-08-17,20,Rapid Move,166.13996430502382,59.697049200709344,40.708086120670195,18.98896308003915,10.383708074840326,-60.30466049364781
XPON,D_rapid_expansion,2026-08-17,20,Rapid Move,166.13996430502382,59.697049200709344,40.708086120670195,18.98896308003915,10.383708074840326,-60.30466049364781
XPON,E_base_breakout,2026-08-17,20,Rapid Move,166.13996430502382,59.697049200709344,40.708086120670195,18.98896308003915,10.383708074840326,-60.30466049364781
MSS,A_10_from_low,2026-07-22,1,Temporary Spike,31.541223171073106,39.149937584437936,32.83943143599038,6.310506148447558,1.6752612999238596,-89.33078392905217
MSS,B_20_from_low,2026-07-22,1,Temporary Spike,31.541223171073106,39.149937584437936,32.83943143599038,6.310506148447558,1.6752612999238596,-89.33078392905217
MSS,E_base_breakout,2026-08-18,20,True Explosion,98.72610072121617,37.5330984280298,31.65581916581894,5.8772792622108625,3.3741713653454615,-93.9961756200579
MSS,C_20_in_1_3,2026-08-19,21,Temporary Spike,22.043008788608674,47.34606148882495,31.19171567900038,16.15434580982457,9.63668069040827,-92.88718913407902
MSS,D_rapid_expansion,2026-08-19,21,Temporary Spike,22.043008788608674,47.34606148882495,31.19171567900038,16.15434580982457,9.63668069040827,-92.88718913407902
APUS,A_10_from_low,2026-07-27,2,Temporary Spike,31.558023350010767,32.96752362809143,27.279945442376857,5.687578185714571,0.6057346655721928,-79.03333346048991
APUS,B_20_from_low,2026-07-28,3,No Significant Move,3.437495231628418,48.766200708776346,26.80499822016182,21.961202488614525,7.394298464971339,-73.33333333333334
APUS,C_20_in_1_3,2026-08-21,21,No Significant Move,10.53718462740103,42.715880979152324,35.74273311230776,6.973147866844563,3.32659492240918,-83.86666615804037
APUS,D_rapid_expansion,2026-08-21,21,No Significant Move,10.53718462740103,42.715880979152324,35.74273311230776,6.973147866844563,3.32659492240918,-83.86666615804037
DBGI,A_10_from_low,2026-07-27,2,Rapid Move,146.25795598595758,27.884643778612613,31.03335935749604,-3.148715578883426,5.781767609732272,-98.23397072496668
DBGI,B_20_from_low,2026-07-27,2,Rapid Move,146.25795598595758,27.884643778612613,31.03335935749604,-3.148715578883426,5.781767609732272,-98.23397072496668
DBGI,C_20_in_1_3,2026-08-03,7,Temporary Spike,69.94504949779092,42.48484132473541,27.884643778612613,14.6001975461228,1.5784033160912545,-97.44094481853841
DBGI,D_rapid_expansion,2026-08-03,7,Temporary Spike,69.94504949779092,42.48484132473541,27.884643778612613,14.6001975461228,1.5784033160912545,-97.44094481853841
FFAI,A_10_from_low,2026-07-28,3,True Explosion,100.86393004026645,16.740156416933644,24.36362546835798,-7.623469051424337,3.3896753101408774,-97.5502644897138
FFAI,B_20_from_low,2026-07-28,3,True Explosion,100.86393004026645,16.740156416933644,24.36362546835798,-7.623469051424337,3.3896753101408774,-97.5502644897138
FFAI,C_20_in_1_3,2026-07-31,6,No Significant Move,4.21585172406389,20.63493403466505,17.717116318932725,2.917817715732326,9.045121172103359,-96.86243395325998
FFAI,D_rapid_expansion,2026-07-31,6,No Significant Move,4.21585172406389,20.63493403466505,17.717116318932725,2.917817715732326,9.045121172103359,-96.86243395325998
TRIB,A_10_from_low,2026-07-27,2,Temporary Spike,54.863395268316026,34.747498782463325,33.66584568640896,1.0816530960543673,0.4215361583488181,-76.17187694025529
TRIB,B_20_from_low,2026-07-28,3,No Significant Move,13.815263400637212,52.46659108108726,37.96571285802529,14.500878223061967,5.227865906225895,-67.57812678503487
TRIB,C_20_in_1_3,2026-07-29,4,No Significant Move,7.511378969614979,55.354702238599266,31.39160190732369,23.963100331275577,2.955409644677303,-65.67708390247489
TRIB,D_rapid_expansion,2026-07-29,4,No Significant Move,7.511378969614979,55.354702238599266,31.39160190732369,23.963100331275577,2.955409644677303,-65.67708390247489
AMZE,A_10_from_low,2026-07-27,1,No Significant Move,-7.166128331901945,16.057590457449976,31.784416223973807,-15.726825766523831,13.948854493689248,-94.35661750043192
AMZE,B_20_from_low,2026-07-31,5,Temporary Spike,24.137936603117982,15.608783689005207,31.784416223973807,-16.1756325349686,4.757665129994612,-96.26838249956808
AMZE,E_base_breakout,2026-08-14,15,No Significant Move,-6.938777272773722,26.797307868400694,17.652197880257035,9.145109988143659,2.0648057168873493,-95.49632348912964
EDVA,A_10_from_low,2026-07-27,1,Gradual Rise,93.93938189805205,32.67170554073755,35.111868247383285,-2.4401627066457365,0.17718676767126273,-92.69911472332842
EDVA,B_20_from_low,2026-07-27,1,Gradual Rise,93.93938189805205,32.67170554073755,35.111868247383285,-2.4401627066457365,0.17718676767126273,-92.69911472332842
EDVA,C_20_in_1_3,2026-08-06,9,Temporary Spike,43.49775149501076,47.78379309908789,36.003692717198376,11.780100381889511,0.18246687922030685,-90.13274310492939
SGLY,A_10_from_low,2026-07-27,1,Rapid Move,115.71070136677454,46.95692285654015,32.649464911759665,14.307457944780488,0.6414141660654007,-63.74321811263721
SGLY,B_20_from_low,2026-07-28,2,Rapid Move,93.94617812882686,56.30458946120179,37.19411892408494,19.110470537116854,1.1420230610608348,-59.67450389751847
SGLY,C_20_in_1_3,2026-08-03,6,Temporary Spike,59.00734425635186,70.48359277718288,46.95692285654015,23.526669920642725,8.723528889478,-50.813744567570374
SGLY,D_rapid_expansion,2026-08-03,6,Temporary Spike,59.00734425635186,70.48359277718288,46.95692285654015,23.526669920642725,8.723528889478,-50.813744567570374
STKH,A_10_from_low,2026-07-28,2,Rapid Move,97.22222479773164,71.3087796764749,27.809245498459916,43.49953417801498,16.741688765265877,-58.0419587803728
STKH,B_20_from_low,2026-07-28,2,Rapid Move,97.22222479773164,71.3087796764749,27.809245498459916,43.49953417801498,16.741688765265877,-58.0419587803728
STKH,C_20_in_1_3,2026-07-30,4,Rapid Move,150.88339561983778,58.45897510228923,31.15834472411599,27.30063037817324,6.076709083614635,-67.01631761223068
STKH,D_rapid_expansion,2026-07-30,4,Rapid Move,150.88339561983778,58.45897510228923,31.15834472411599,27.30063037817324,6.076709083614635,-67.01631761223068
YARW,A_10_from_low,2026-07-27,1,Temporary Spike,55.02801752276414,39.71526538240754,75.14664645879012,-35.43138107638258,2.1076267625678256,-38.11484610693419
YARW,B_20_from_low,2026-07-27,1,Temporary Spike,55.02801752276414,39.71526538240754,75.14664645879012,-35.43138107638258,2.1076267625678256,-38.11484610693419
YARW,C_20_in_1_3,2026-07-31,5,Temporary Spike,26.430612215331493,50.94003886599504,33.92197568153617,17.018063184458875,0.3927946596911997,-24.117011267863152
ZNB,A_10_from_low,2026-07-27,1,Temporary Spike,21.561334995113747,27.1444544678413,23.24739909971599,3.897055368125308,0.6313357827730275,-99.66374999284744
ZNB,B_20_from_low,2026-07-27,1,Temporary Spike,21.561334995113747,27.1444544678413,23.24739909971599,3.897055368125308,0.6313357827730275,-99.66374999284744
YAAS,A_10_from_low,2026-07-30,1,Temporary Spike,29.918032866977473,83.73884185233871,42.3977108996196,41.34113095271911,5.731886100930364,0.0
YAAS,B_20_from_low,2026-07-30,1,Temporary Spike,29.918032866977473,83.73884185233871,42.3977108996196,41.34113095271911,5.731886100930364,0.0
YAAS,C_20_in_1_3,2026-08-10,8,No Significant Move,12.811392912638508,82.36439264411594,79.3380648928646,3.026327751251344,0.12603005332040718,0.0
CLDI,A_10_from_low,2026-08-04,3,No Significant Move,-0.5820125543151256,47.09176687522641,35.008185625145,12.083581250081409,0.5965377856344174,-91.56249992017234
CLDI,B_20_from_low,2026-08-04,3,No Significant Move,-0.5820125543151256,47.09176687522641,35.008185625145,12.083581250081409,0.5965377856344174,-91.56249992017234
CSAI,A_10_from_low,2026-07-31,1,Temporary Spike,28.27585883713233,31.532626303166268,33.75132164823086,-2.2186953450645888,2.6612173483323147,-82.73809388651593
CSAI,B_20_from_low,2026-08-05,4,Temporary Spike,51.21951101319367,33.89395089743259,30.585146142222996,3.308804755209593,3.536417399910635,-85.35714196510051
CSAI,C_20_in_1_3,2026-08-06,5,Temporary Spike,30.183724559507596,38.72816002873303,31.991189779368398,6.7369702493646315,1.9642696830954305,-82.9910702020132
CSAI,D_rapid_expansion,2026-08-06,5,Temporary Spike,30.183724559507596,38.72816002873303,31.991189779368398,6.7369702493646315,1.9642696830954305,-82.9910702020132
NEXR,A_10_from_low,2026-07-31,1,Temporary Spike,49.57507797739724,37.74797066422485,31.73587888710304,6.01209177712181,1.028952996154999,-98.22309478187982
NEXR,B_20_from_low,2026-08-07,6,No Significant Move,17.543860236179952,36.369180112212945,37.74797066422485,-1.3787905520119068,1.1507734021121292,-98.56538817472288
OFAL,A_10_from_low,2026-07-31,1,Rapid Move,267.9611715657828,27.801635565957184,26.415811337910867,1.3858242280463173,1.192499230441621,-87.78173269154712
OFAL,B_20_from_low,2026-08-03,2,Rapid Move,254.2055865481125,30.258551552632184,24.75852044346547,5.500031109166713,1.3709896291666324,-87.30723589896981
OFAL,C_20_in_1_3,2026-08-12,9,Temporary Spike,36.76470549564461,53.400631555904326,23.985450157598905,29.41518139830542,18.33628632890855,-83.86714157685007
OFAL,D_rapid_expansion,2026-08-12,9,Temporary Spike,36.76470549564461,53.400631555904326,23.985450157598905,29.41518139830542,18.33628632890855,-83.86714157685007
KWM,A_10_from_low,2026-08-03,1,No Significant Move,7.615894719407379,37.70113507164734,37.304312123675196,0.39682294797214723,0.7610920207138758,-88.57359082082527
KWM,B_20_from_low,2026-08-03,1,No Significant Move,7.615894719407379,37.70113507164734,37.304312123675196,0.39682294797214723,0.7610920207138758,-88.57359082082527
KWM,C_20_in_1_3,2026-08-17,11,No Significant Move,17.328520663488778,43.97190773177616,34.21935474217365,9.752552989602513,0.18590038610216514,-89.51948562639984
LBGJ,A_10_from_low,2026-08-03,1,True Explosion,83.05489192241279,31.555797904790083,31.564339548410203,-0.008541643620119999,0.6149321949331505,-99.97946078403324
LBGJ,B_20_from_low,2026-08-03,1,True Explosion,83.05489192241279,31.555797904790083,31.564339548410203,-0.008541643620119999,0.6149321949331505,-99.97946078403324
LEXX,A_10_from_low,2026-08-03,1,Rapid Move,171.28420378032482,24.889423956214713,40.97193183307771,-16.082507876862998,5.156118143459915,-70.12578544678563
LEXX,B_20_from_low,2026-08-04,2,Rapid Move,129.35944138440934,33.75315067095113,43.96061960816988,-10.20746893721875,4.506146686241473,-64.65408792205638
LEXX,C_20_in_1_3,2026-08-13,9,Gradual Rise,77.40739763955023,57.056875103100076,32.55567928626601,24.501195816834063,3.796344858191794,-49.05660015218003
LEXX,D_rapid_expansion,2026-08-13,9,Gradual Rise,77.40739763955023,57.056875103100076,32.55567928626601,24.501195816834063,3.796344858191794,-49.05660015218003
MVIS,A_10_from_low,2026-08-10,6,Temporary Spike,31.720431658115956,41.09731656652339,37.699015557123985,3.398301009399404,2.04316673068454,-74.69387702804198
MVIS,B_20_from_low,2026-08-12,8,No Significant Move,3.225808436366906,54.30837103836859,31.463227640059515,22.845143398309077,2.6640385927156394,-68.3673458795787
MVIS,C_20_in_1_3,2026-08-12,8,No Significant Move,3.225808436366906,54.30837103836859,31.463227640059515,22.845143398309077,2.6640385927156394,-68.3673458795787
MVIS,D_rapid_expansion,2026-08-12,8,No Significant Move,3.225808436366906,54.30837103836859,31.463227640059515,22.845143398309077,2.6640385927156394,-68.3673458795787
PMI,A_10_from_low,2026-08-03,1,Gradual Rise,131.38400820197074,38.25317789987397,31.062104335141868,7.1910735647321005,0.5169814075987995,-95.43999989827473
PMI,B_20_from_low,2026-08-03,1,Gradual Rise,131.38400820197074,38.25317789987397,31.062104335141868,7.1910735647321005,0.5169814075987995,-95.43999989827473
PMI,C_20_in_1_3,2026-08-24,16,True Explosion,131.38400820197074,54.80062976077117,32.46659759096019,22.334032169810982,13.44285992420262,-95.43999989827473
PMI,D_rapid_expansion,2026-08-24,16,True Explosion,131.38400820197074,54.80062976077117,32.46659759096019,22.334032169810982,13.44285992420262,-95.43999989827473
PMI,E_base_breakout,2026-08-24,16,True Explosion,131.38400820197074,54.80062976077117,32.46659759096019,22.334032169810982,13.44285992420262,-95.43999989827473
SEGG,A_10_from_low,2026-08-04,2,No Significant Move,-0.33112551411966784,29.03545416601328,30.964068116646033,-1.9286139506327515,1.2081281907742067,-82.0238088209883
SEGG,B_20_from_low,2026-08-25,17,No Significant Move,17.314488436277365,38.802163584509955,26.681307975376043,12.120855609133912,0.8990656501168668,-83.15476159389867
TOP,A_10_from_low,2026-08-04,2,Temporary Spike,58.06714974624649,57.24853404191826,59.56233420115481,-2.31380015923655,0.8659035644386454,-21.565834105605887
TOP,B_20_from_low,2026-08-07,5,Temporary Spike,54.2869856905772,58.2320019557077,52.749101454397284,5.482900501310418,0.6569726699369306,-19.644129476253614
TOP,E_base_breakout,2026-08-21,15,Temporary Spike,23.276719635749068,70.89833328740576,54.722739744353916,16.175593543051846,1.3401820698259226,0.0
TOP,C_20_in_1_3,2026-08-24,16,No Significant Move,7.259857580718498,77.72407778304243,56.35654671496453,21.367531068077902,1.5135165567263753,0.0
TOP,D_rapid_expansion,2026-08-24,16,No Significant Move,7.259857580718498,77.72407778304243,56.35654671496453,21.367531068077902,1.5135165567263753,0.0
WETO,A_10_from_low,2026-08-03,1,Rapid Move,702.2455318822399,27.198065966585375,23.138249365232568,4.059816601352807,0.44222742612539623,-94.24137945832878
WETO,B_20_from_low,2026-08-03,1,Rapid Move,702.2455318822399,27.198065966585375,23.138249365232568,4.059816601352807,0.44222742612539623,-94.24137945832878
WETO,C_20_in_1_3,2026-08-14,10,True Explosion,551.9464526971174,33.026881918054244,27.12408755777645,5.902794360277795,15.333039499470152,-92.91379287325103
WETO,D_rapid_expansion,2026-08-14,10,True Explosion,551.9464526971174,33.026881918054244,27.12408755777645,5.902794360277795,15.333039499470152,-92.91379287325103
AEMD,A_10_from_low,2026-08-04,1,No Significant Move,5.113638287856559,40.936903734971395,23.00762867988209,17.929275055089306,4.308390022675737,-78.53658498290888
