ticker,definition,signal_date,classification,success_70_10,recovery_20,recovery_25,recovery_30,recovery_35,recovery_40,rsi_change_3,rsi_change_5,rsi_change_10,volume_s1,volume_first,rsi_first
ELPW,A_10_from_low,2026-03-12,temporary_spike,False,S-20,S-20,S-20,S-20,S-20,0.07442192906390233,-0.14126888366460832,-0.4755778840969498,1.0910667900621895,S-10,S-20
ELPW,B_20_from_low,2026-03-13,no_significant_move,False,S-20,S-20,S-20,S-20,S-20,-0.1719572126999367,0.03888302458567239,-0.35394916692673917,4.308462430182316,S-10,S-20
ELPW,C_20_in_1_3,2026-04-08,gradual_rise,False,S-20,S-20,S-20,S-20,S-20,-0.09915239967673983,-0.16668333944948444,-0.2811323437774149,0.09625810253388332,S-20,S-20
ELPW,D_rapid_expansion,2026-04-08,gradual_rise,False,S-20,S-20,S-20,S-20,S-20,-0.09915239967673983,-0.16668333944948444,-0.2811323437774149,0.09625810253388332,S-20,S-20
ZNB,A_10_from_low,2026-03-12,no_significant_move,False,S-20,S-20,S-15,S-10,,-5.751607637226627,-7.9146497951298045,-8.78746434966476,3.218921923959973,S-1,S-15
ZNB,B_20_from_low,2026-03-30,no_significant_move,False,S-20,S-20,S-20,,,-0.08415462253282158,-0.5340452244467713,-0.8877265661407989,0.9416985223436836,S-10,S-20
ZNB,C_20_in_1_3,2026-07-28,no_significant_move,False,S-20,S-1,,,,8.59158312988967,5.010179606902497,7.67596773835804,0.6313357827730275,S-5,
KXIN,A_10_from_low,2026-03-19,temporary_spike,False,S-20,S-20,S-20,,,0.1843156551821039,-0.4207974523395137,-0.4888785514586971,0.8570968008272163,S-2,S-20
KXIN,B_20_from_low,2026-03-23,temporary_spike,False,S-20,S-20,S-20,,,0.25080182836970266,0.43511748355180657,-0.6462669404447752,0.5233348728339154,S-4,S-20
KXIN,C_20_in_1_3,2026-03-23,temporary_spike,False,S-20,S-20,S-20,,,0.25080182836970266,0.43511748355180657,-0.6462669404447752,0.5233348728339154,S-4,S-20
KXIN,D_rapid_expansion,2026-05-13,no_significant_move,False,S-20,S-20,S-20,S-20,S-20,8.127526767823696,7.924215095679827,5.981477663316731,6.689727663640707,S-7,S-20
KXIN,E_base_breakout,2026-07-16,no_significant_move,False,S-20,S-20,S-20,S-20,S-7,-10.331571196612103,7.617728859445208,15.727696656469547,0.4411764705882353,,S-20
PED,A_10_from_low,2026-03-13,no_significant_move,False,S-20,S-20,S-20,S-20,S-20,7.9323490758749955,-5.361107488883491,2.8540159219089603,2.626616227203433,S-10,S-20
PED,B_20_from_low,2026-03-13,no_significant_move,False,S-20,S-20,S-20,S-20,S-20,7.9323490758749955,-5.361107488883491,2.8540159219089603,2.626616227203433,S-10,S-20
PED,C_20_in_1_3,2026-06-26,no_significant_move,False,S-20,S-20,S-20,S-20,S-15,-0.8301974920580406,2.3648578075471036,-4.043157033194092,1.3151563753007218,S-7,S-20
PED,D_rapid_expansion,2026-06-26,no_significant_move,False,S-20,S-20,S-20,S-20,S-15,-0.8301974920580406,2.3648578075471036,-4.043157033194092,1.3151563753007218,S-7,S-20
PED,E_base_breakout,2026-06-26,no_significant_move,False,S-20,S-20,S-20,S-20,S-15,-0.8301974920580406,2.3648578075471036,-4.043157033194092,1.3151563753007218,S-7,S-20
STFS,A_10_from_low,2026-03-13,no_significant_move,False,S-20,S-20,S-20,S-20,S-20,0.0,0.0,7.171346072574337,0.20534438068852195,S-20,S-20
STFS,B_20_from_low,2026-03-13,no_significant_move,False,S-20,S-20,S-20,S-20,S-20,0.0,0.0,7.171346072574337,0.20534438068852195,S-20,S-20
STFS,C_20_in_1_3,2026-05-06,true_explosion,True,S-20,S-20,S-20,S-20,S-20,-1.282391576399469,0.8664093189980449,-0.6337363066398041,0.809102402022756,S-15,S-20
STFS,D_rapid_expansion,2026-05-06,true_explosion,True,S-20,S-20,S-20,S-20,S-20,-1.282391576399469,0.8664093189980449,-0.6337363066398041,0.809102402022756,S-15,S-20
STFS,E_base_breakout,2026-05-06,true_explosion,True,S-20,S-20,S-20,S-20,S-20,-1.282391576399469,0.8664093189980449,-0.6337363066398041,0.809102402022756,S-15,S-20
CLIR,A_10_from_low,2026-03-26,rapid_move,True,S-20,S-20,S-20,S-20,S-20,0.4601234663289233,2.9349293431293972,-3.441334879770565,0.3361264971831653,S-10,S-20
CLIR,B_20_from_low,2026-03-31,true_explosion,True,S-20,S-20,S-20,S-20,S-20,3.7260405966965777,9.052674500500103,7.213030811684732,1.834517342248224,S-15,S-20
CLIR,C_20_in_1_3,2026-04-01,temporary_spike,False,S-20,S-20,S-20,S-20,S-1,15.389178367107313,20.158376150791092,22.12269455403098,0.4396326807321733,S-20,S-20
CLIR,D_rapid_expansion,2026-04-06,no_significant_move,False,S-20,S-20,S-20,S-20,S-20,8.444498460851968,23.83367682795928,32.73130735786222,0.3495921425004162,S-20,S-20
CLIR,E_base_breakout,2026-04-06,no_significant_move,False,S-20,S-20,S-20,S-20,S-20,8.444498460851968,23.83367682795928,32.73130735786222,0.3495921425004162,S-20,S-20
DXST,A_10_from_low,2026-03-16,no_significant_move,False,S-20,S-20,S-7,S-5,S-5,-8.90968189562566,0.3786807188603589,13.517814637654126,0.16076427875438032,S-4,S-7
DXST,B_20_from_low,2026-03-24,no_significant_move,False,S-20,S-20,S-10,S-10,S-10,-1.027276708333872,-1.4327540178129254,-10.124693482580852,0.01864078581617234,S-10,S-10
DXST,C_20_in_1_3,2026-03-25,no_significant_move,False,S-20,S-20,S-15,S-15,S-10,2.854207918657316,1.5208907678724017,-9.542421767921681,0.13475958274160318,S-15,S-15
DXST,D_rapid_expansion,2026-06-02,temporary_spike,False,S-20,S-20,S-20,S-7,,-1.5884724567753352,-2.665268828084834,-0.9309731808566681,18.66470379760639,S-1,S-20
DXST,E_base_breakout,2026-06-02,temporary_spike,False,S-20,S-20,S-20,S-7,,-1.5884724567753352,-2.665268828084834,-0.9309731808566681,18.66470379760639,S-1,S-20
HBIO,A_10_from_low,2026-03-16,no_significant_move,False,S-20,S-20,S-20,S-20,S-20,-5.067320069233148,1.2098650548941805,-15.207305971764455,1.349208541672422,S-2,S-20
HBIO,B_20_from_low,2026-03-19,no_significant_move,False,S-20,S-20,S-20,S-20,S-20,-1.682801978604239,2.628339165539323,-6.486843251897511,1.3827910221164499,S-5,S-20
HBIO,C_20_in_1_3,2026-04-15,temporary_spike,False,S-20,S-20,S-20,S-20,S-15,9.949293042146962,-8.73970111135219,3.7014653495274743,1.0962677317173943,S-20,S-20
HBIO,D_rapid_expansion,2026-04-15,temporary_spike,False,S-20,S-20,S-20,S-20,S-15,9.949293042146962,-8.73970111135219,3.7014653495274743,1.0962677317173943,S-20,S-20
HBIO,E_base_breakout,2026-04-20,no_significant_move,False,S-20,S-20,S-20,S-20,S-20,4.046506307138252,18.46774603081385,5.863744741376735,0.6114756386988692,S-5,S-20
MASK,A_10_from_low,2026-03-16,no_significant_move,False,S-20,S-20,S-20,S-20,,2.740118925649007,2.058600472179954,6.064361627621032,6.4453125,S-2,S-20
MASK,B_20_from_low,2026-03-31,temporary_spike,False,S-20,S-20,S-20,S-15,,-4.683367469653859,-5.077188600148148,-10.630659161566143,0.7482934430137148,S-10,S-20
MASK,C_20_in_1_3,2026-03-31,temporary_spike,False,S-20,S-20,S-20,S-15,,-4.683367469653859,-5.077188600148148,-10.630659161566143,0.7482934430137148,S-10,S-20
MASK,D_rapid_expansion,2026-03-31,temporary_spike,False,S-20,S-20,S-20,S-15,,-4.683367469653859,-5.077188600148148,-10.630659161566143,0.7482934430137148,S-10,S-20
MASK,E_base_breakout,2026-05-05,true_explosion,True,S-20,S-20,S-20,S-20,,2.4554996720514595,-1.5139736963488133,3.051307189845758,7.307870386366934,S-1,S-20
SKYQ,A_10_from_low,2026-03-16,gradual_rise,False,S-20,S-20,S-20,S-20,S-20,1.1475685188424976,1.5210097852977924,-19.1303389726205,0.9986016262998916,S-10,S-20
SKYQ,B_20_from_low,2026-03-16,gradual_rise,False,S-20,S-20,S-20,S-20,S-20,1.1475685188424976,1.5210097852977924,-19.1303389726205,0.9986016262998916,S-10,S-20
SKYQ,C_20_in_1_3,2026-03-31,true_explosion,True,S-20,S-20,S-20,S-20,S-20,5.40981052485327,0.051318528696015164,-12.700383551671557,0.2522718481435595,S-20,S-20
SKYQ,D_rapid_expansion,2026-04-02,rapid_move,True,S-20,S-20,S-20,S-20,S-20,1.9109522546988273,7.320762779552098,-7.205989160116651,0.42168112007377007,S-20,S-20
XLO,A_10_from_low,2026-03-16,temporary_spike,False,S-20,S-20,S-20,S-20,S-20,-6.774012691602742,-5.703195593160537,-2.822185899859896,1.0067613174844696,S-2,S-20
XLO,B_20_from_low,2026-03-24,no_significant_move,False,S-20,S-20,S-20,S-20,S-10,9.7112092128677,7.964235898843455,3.032199313199534,0.8802274507732798,S-2,S-20
XLO,E_base_breakout,2026-05-14,no_significant_move,False,S-20,S-20,S-20,S-20,S-20,0.8919418632749512,-0.5199608835766725,0.24402127732834344,0.7059545733578882,S-7,S-20
ZJYL,A_10_from_low,2026-03-16,no_significant_move,False,S-20,S-20,S-20,S-20,S-15,-11.650415133540903,-19.113273876166225,-10.574201864337681,2.4342445964730572,S-7,S-20
ZJYL,B_20_from_low,2026-04-06,temporary_spike,False,S-20,S-20,S-20,S-20,S-20,-4.4719155823932795,5.099140648648131,0.9022041417380109,0.7271353084135289,S-15,S-20
ZJYL,E_base_breakout,2026-05-04,gradual_rise,False,S-20,S-20,S-20,S-20,S-15,4.285747507625366,0.9443149888567177,10.052405251438387,0.3875573686894442,S-7,S-20
ZJYL,C_20_in_1_3,2026-06-02,no_significant_move,False,S-20,S-20,S-20,S-20,S-20,11.411362121079662,7.636955438322225,3.3393295573523645,16.153527543835427,S-20,S-20
ZJYL,D_rapid_expansion,2026-06-02,no_significant_move,False,S-20,S-20,S-20,S-20,S-20,11.411362121079662,7.636955438322225,3.3393295573523645,16.153527543835427,S-20,S-20
COOK,A_10_from_low,2026-03-18,temporary_spike,False,S-20,S-20,S-20,S-20,S-20,-3.489016162127456,2.7876595295173416,-7.153251121665605,1.1224785782042537,S-7,S-20
COOK,B_20_from_low,2026-03-18,temporary_spike,False,S-20,S-20,S-20,S-20,S-20,-3.489016162127456,2.7876595295173416,-7.153251121665605,1.1224785782042537,S-7,S-20
COOK,C_20_in_1_3,2026-04-15,no_significant_move,False,S-20,S-20,S-20,S-10,S-10,3.8210330032191777,4.328212092902113,11.283446448203684,1.0869033579879244,,S-20
COOK,E_base_breakout,2026-04-16,no_significant_move,False,S-20,S-20,S-20,S-20,S-20,13.106238514791173,9.346521165735993,19.895349660790572,0.8655666756829862,S-20,S-20
COOK,D_rapid_expansion,2026-05-19,temporary_spike,False,S-20,S-20,S-20,S-20,S-20,5.219264074858195,10.361838847356324,11.132304481826317,5.556396669190008,S-2,S-20
CIIT,A_10_from_low,2026-03-23,no_significant_move,False,S-20,S-20,S-20,S-20,S-20,0.47077713397833065,-3.061883488913523,-7.563451857031822,0.2711335611350468,S-15,S-20
CIIT,B_20_from_low,2026-03-26,no_significant_move,False,S-20,S-20,S-20,S-20,S-20,0.7178640742525317,-2.0426484960535873,-0.08325443442774372,0.034307457193650005,S-15,S-20
CIIT,C_20_in_1_3,2026-04-17,no_significant_move,False,S-20,S-20,S-20,S-7,,8.731809764994182,6.16861994654019,4.881305015167072,0.3388407034782999,S-3,S-20
CIIT,D_rapid_expansion,2026-06-10,true_explosion,True,S-20,S-20,S-20,S-20,S-7,0.6854652490865902,9.714498018689369,5.709239036296864,5.1572327044025155,S-5,S-20
CIIT,E_base_breakout,2026-06-10,true_explosion,True,S-20,S-20,S-20,S-20,S-7,0.6854652490865902,9.714498018689369,5.709239036296864,5.1572327044025155,S-5,S-20
AREB,A_10_from_low,2026-04-27,no_significant_move,False,,,,,,0.0,0.0,0.0,,,
AREB,B_20_from_low,2026-04-27,no_significant_move,False,,,,,,0.0,0.0,0.0,,,
AREB,C_20_in_1_3,2026-04-27,no_significant_move,False,,,,,,0.0,0.0,0.0,,,
AREB,D_rapid_expansion,2026-04-27,no_significant_move,False,,,,,,0.0,0.0,0.0,,,
AREB,E_base_breakout,2026-04-27,no_significant_move,False,,,,,,0.0,0.0,0.0,,,
AZI,A_10_from_low,2026-04-01,no_significant_move,False,S-20,S-15,S-15,S-15,,-0.4399611105422423,-1.6875210250178867,-5.509146394520556,0.014741160278109636,,S-15
AZI,E_base_breakout,2026-05-14,gradual_rise,False,S-20,S-20,S-5,,,-1.2892870962788834,-0.04225412570978904,2.7177308841954755,0.43804262036306235,,S-5
AZI,B_20_from_low,2026-06-09,true_explosion,True,S-20,S-20,S-20,S-15,,3.3692488014996655,5.377283809535427,0.4255669449649062,4.6309355900329106,S-1,S-20
AZI,C_20_in_1_3,2026-06-09,true_explosion,True,S-20,S-20,S-20,S-15,,3.3692488014996655,5.377283809535427,0.4255669449649062,4.6309355900329106,S-1,S-20
AZI,D_rapid_expansion,2026-06-09,true_explosion,True,S-20,S-20,S-20,S-15,,3.3692488014996655,5.377283809535427,0.4255669449649062,4.6309355900329106,S-1,S-20
EUDA,A_10_from_low,2026-03-23,true_explosion,True,S-20,S-20,S-20,S-20,S-20,-4.439865686488048,-6.48424564023113,-4.268245606612183,1.1392057920140413,S-10,S-20
EUDA,B_20_from_low,2026-03-24,temporary_spike,False,S-20,S-20,S-20,S-20,S-20,-1.8072771026971424,-6.666765250202921,-5.9616637465443105,2.296155161463677,S-10,S-20
EUDA,C_20_in_1_3,2026-03-26,gradual_rise,False,S-20,S-20,S-20,S-20,S-20,17.499694064435324,15.692416961738182,11.887439034459938,1.197350379482822,S-5,S-20
EUDA,D_rapid_expansion,2026-03-26,gradual_rise,False,S-20,S-20,S-20,S-20,S-20,17.499694064435324,15.692416961738182,11.887439034459938,1.197350379482822,S-5,S-20
EUDA,E_base_breakout,2026-04-23,rapid_move,True,S-20,S-20,S-20,S-20,S-20,1.8465138081296146,4.517068663866922,0.9614913069292044,0.1245048104131296,S-3,S-20
FCHL,A_10_from_low,2026-03-23,true_explosion,True,S-20,S-20,S-20,S-20,S-10,-3.6768750564891803,-17.60431190878527,-16.01114607779602,6.710035192492268,S-3,S-20
FCHL,B_20_from_low,2026-03-23,true_explosion,True,S-20,S-20,S-20,S-20,S-10,-3.6768750564891803,-17.60431190878527,-16.01114607779602,6.710035192492268,S-3,S-20
FCHL,C_20_in_1_3,2026-03-26,no_significant_move,False,S-20,S-20,S-20,S-20,S-20,-0.07522286953359014,0.24994028773225807,-14.75791464258377,19.10958775769648,S-5,S-20
FCHL,D_rapid_expansion,2026-03-26,no_significant_move,False,S-20,S-20,S-20,S-20,S-20,-0.07522286953359014,0.24994028773225807,-14.75791464258377,19.10958775769648,S-5,S-20
FCHL,E_base_breakout,2026-07-06,temporary_spike,False,S-20,S-20,S-15,,,0.27966299179702503,0.7811295632155009,-0.28090841247717435,0.08707562860776832,,S-15
JDZG,A_10_from_low,2026-03-26,no_significant_move,False,S-20,S-20,S-20,S-20,S-20,-0.4499176139648142,0.005299846705263178,-0.6336978756181111,0.29014640066752634,S-4,S-20
JDZG,B_20_from_low,2026-04-13,no_significant_move,False,S-20,S-20,S-20,S-20,,-0.20441518669196057,-0.3236922869764669,-0.47773276745029136,6.848865888256847,S-15,S-20
JDZG,C_20_in_1_3,2026-04-13,no_significant_move,False,S-20,S-20,S-20,S-20,,-0.20441518669196057,-0.3236922869764669,-0.47773276745029136,6.848865888256847,S-15,S-20
JDZG,D_rapid_expansion,2026-04-13,no_significant_move,False,S-20,S-20,S-20,S-20,,-0.20441518669196057,-0.3236922869764669,-0.47773276745029136,6.848865888256847,S-15,S-20
JDZG,E_base_breakout,2026-04-13,no_significant_move,False,S-20,S-20,S-20,S-20,,-0.20441518669196057,-0.3236922869764669,-0.47773276745029136,6.848865888256847,S-15,S-20
YYGH,A_10_from_low,2026-03-23,temporary_spike,False,S-20,S-20,S-20,S-20,,-2.0869632968028924,0.5899750636680636,-5.525548625890153,1.8920798293612244,S-15,S-20
YYGH,B_20_from_low,2026-04-08,temporary_spike,False,S-20,,,,,0.8544474572642855,1.1361474403556286,1.7248370569198244,0.4892501626278473,S-15,
YYGH,C_20_in_1_3,2026-04-10,no_significant_move,False,S-20,,,,,3.842630417894128,4.6970778751584135,5.625211420608707,0.23071034541418362,S-20,
YYGH,D_rapid_expansion,2026-05-06,no_significant_move,False,S-20,S-15,S-15,,,8.614297987110632,6.018219179419461,-1.566460638831046,2.5209802721952235,S-1,S-15
YYGH,E_base_breakout,2026-08-26,no_significant_move,False,S-20,S-20,S-10,S-7,,0.6138328622412672,-3.2032492354164503,-0.06500924283825782,13.167642603108938,S-10,S-10
FUBO,A_10_from_low,2026-03-31,temporary_spike,False,S-20,S-10,,,,-1.800158780043759,-7.924099440944971,-16.368624526970947,2.2069459594408856,S-5,
FUBO,B_20_from_low,2026-04-06,temporary_spike,False,S-20,S-15,,,,5.492518639847788,13.842448152991906,0.05086039422273814,1.0000854999651727,S-7,
FUBO,C_20_in_1_3,2026-04-06,temporary_spike,False,S-20,S-15,,,,5.492518639847788,13.842448152991906,0.05086039422273814,1.0000854999651727,S-7,
FUBO,D_rapid_expansion,2026-04-06,temporary_spike,False,S-20,S-15,,,,5.492518639847788,13.842448152991906,0.05086039422273814,1.0000854999651727,S-7,
FUBO,E_base_breakout,2026-06-01,no_significant_move,False,S-20,S-20,S-20,S-20,S-20,3.0958033352803014,5.222476915638374,9.990907338972775,1.3397914618946771,,S-20
VIVK,A_10_from_low,2026-03-24,rapid_move,True,S-20,S-20,S-20,S-15,S-5,6.638949883994485,6.309605405807261,16.60133576184615,0.6402185137070717,,S-20
VIVK,B_20_from_low,2026-03-24,rapid_move,True,S-20,S-20,S-20,S-15,S-5,6.638949883994485,6.309605405807261,16.60133576184615,0.6402185137070717,,S-20
VIVK,C_20_in_1_3,2026-03-27,temporary_spike,False,S-20,S-20,S-20,S-20,S-7,7.608528375597793,-7.19725097494495,4.76013530705405,1.3874917617676645,S-2,S-20
VIVK,D_rapid_expansion,2026-03-27,temporary_spike,False,S-20,S-20,S-20,S-20,S-7,7.608528375597793,-7.19725097494495,4.76013530705405,1.3874917617676645,S-2,S-20
ONCO,A_10_from_low,2026-03-25,true_explosion,True,S-20,S-20,S-20,S-15,S-3,-2.3241513552215807,6.16904154729496,2.6602054832090403,1.0508328780499145,S-15,S-20
ONCO,B_20_from_low,2026-03-26,true_explosion,True,S-20,S-20,S-20,S-10,S-4,0.9188407686933431,10.009992950250755,6.848912084854135,2.513158030260895,S-1,S-20
ONCO,C_20_in_1_3,2026-04-29,no_significant_move,False,S-20,S-20,S-20,,,5.461499107532646,3.721438143970431,4.233717098162046,0.34886426951733074,S-2,S-20
ONCO,E_base_breakout,2026-09-03,temporary_spike,False,S-20,S-20,S-20,S-20,S-20,5.749735584656399,6.461652764900542,4.946873114459983,0.49610599777485587,,S-20
ONCO,D_rapid_expansion,2026-09-04,no_significant_move,False,S-20,S-20,S-20,S-20,S-20,9.722771157050794,14.781261327340246,12.838721382342811,1.498752339363693,,S-20
XTLB,A_10_from_low,2026-04-29,no_significant_move,False,S-20,S-20,S-20,S-20,S-10,-5.690413786205852,-9.306668806728844,-2.8283042477610536,1.562714187799863,S-1,S-20
XTLB,B_20_from_low,2026-04-29,no_significant_move,False,S-20,S-20,S-20,S-20,S-10,-5.690413786205852,-9.306668806728844,-2.8283042477610536,1.562714187799863,S-1,S-20
XTLB,C_20_in_1_3,2026-04-29,no_significant_move,False,S-20,S-20,S-20,S-20,S-10,-5.690413786205852,-9.306668806728844,-2.8283042477610536,1.562714187799863,S-1,S-20
XTLB,D_rapid_expansion,2026-04-29,no_significant_move,False,S-20,S-20,S-20,S-20,S-10,-5.690413786205852,-9.306668806728844,-2.8283042477610536,1.562714187799863,S-1,S-20
XTLB,E_base_breakout,2026-04-29,no_significant_move,False,S-20,S-20,S-20,S-20,S-10,-5.690413786205852,-9.306668806728844,-2.8283042477610536,1.562714187799863,S-1,S-20
RENX,A_10_from_low,2026-03-30,true_explosion,True,S-20,S-20,S-20,S-20,S-15,-3.013176196957474,-13.392697237999101,-12.097662091257611,1.1928193626082737,,S-20
RENX,B_20_from_low,2026-03-31,true_explosion,True,S-20,S-20,S-20,S-20,S-15,-2.1962595018333246,-2.9988709477377995,-11.890341858737294,0.30773985591818487,,S-20
RENX,C_20_in_1_3,2026-04-01,temporary_spike,False,S-20,S-20,S-20,S-20,S-15,4.186070727701058,1.1728945307435836,-6.01208424358768,1.0555533587006298,,S-20
RENX,D_rapid_expansion,2026-04-01,temporary_spike,False,S-20,S-20,S-20,S-20,S-15,4.186070727701058,1.1728945307435836,-6.01208424358768,1.0555533587006298,,S-20
RENX,E_base_breakout,2026-06-11,no_significant_move,False,S-20,S-20,S-20,S-20,S-20,2.7220624423265676,0.2384729868151183,1.402364176348641,1.6676876999523518,S-1,S-20
ADV,A_10_from_low,2026-03-27,temporary_spike,False,S-20,S-20,S-20,S-15,S-15,10.724779574783845,12.554530751594498,12.679328737821471,2.0310424130253524,S-5,S-20
ADV,B_20_from_low,2026-03-27,temporary_spike,False,S-20,S-20,S-20,S-15,S-15,10.724779574783845,12.554530751594498,12.679328737821471,2.0310424130253524,S-5,S-20
ADV,C_20_in_1_3,2026-04-07,temporary_spike,False,S-20,S-20,S-20,S-20,S-20,10.00357493250069,-21.043556361293042,0.23637820481747696,0.692499924728269,S-7,S-20
ADV,E_base_breakout,2026-05-06,no_significant_move,False,S-20,S-20,S-20,S-20,S-20,0.6884955762782567,7.230363251062492,1.607238458603149,0.901060070671378,,S-20
ADV,D_rapid_expansion,2026-05-22,no_significant_move,False,S-20,S-20,S-20,S-20,S-20,11.711052254276524,12.786387800903228,0.7769865100032547,2.15029028371125,S-3,S-20
CDT,A_10_from_low,2026-03-30,no_significant_move,False,S-20,S-20,S-15,,,-5.383126045410222,-7.565558015508316,-2.7225262936877073,11.384713783178766,S-3,S-15
CDT,B_20_from_low,2026-03-30,no_significant_move,False,S-20,S-20,S-15,,,-5.383126045410222,-7.565558015508316,-2.7225262936877073,11.384713783178766,S-3,S-15
CDT,C_20_in_1_3,2026-04-08,temporary_spike,False,S-20,S-20,S-20,,,1.4117728197045807,-0.11569258540106375,-7.899941574440987,0.6635898513591063,S-7,S-20
CDT,D_rapid_expansion,2026-06-18,true_explosion,True,S-20,S-15,,,,-0.07236934701468556,0.21043887703876862,-0.45700915263488184,0.016534844090667935,S-20,
CDT,E_base_breakout,2026-06-18,true_explosion,True,S-20,S-15,,,,-0.07236934701468556,0.21043887703876862,-0.45700915263488184,0.016534844090667935,S-20,
LBGJ,A_10_from_low,2026-03-27,temporary_spike,False,S-20,,,,,-0.49539240911637705,-0.9445051649178566,-3.2921753346898583,0.8007906254411973,S-20,
LBGJ,B_20_from_low,2026-03-30,temporary_spike,False,S-20,,,,,-0.2886271893247141,-0.805208348152405,-2.671014013203205,2.3930257150963348,S-20,
LBGJ,C_20_in_1_3,2026-05-06,no_significant_move,False,S-20,,,,,0.1277618440760051,-0.19830863038777125,-0.385207714639904,0.4808812625781167,,
LBGJ,D_rapid_expansion,2026-05-06,no_significant_move,False,S-20,,,,,0.1277618440760051,-0.19830863038777125,-0.385207714639904,0.4808812625781167,,
LBGJ,E_base_breakout,2026-06-05,temporary_spike,False,S-20,S-20,S-5,,,-1.7879016707616984,-0.18422495051693488,2.8124338956800443,0.10808093502576348,S-15,S-5
TRUG,A_10_from_low,2026-03-27,temporary_spike,False,S-20,S-20,S-20,S-20,S-20,1.3398094633055777,2.1217034442945746,-2.158812097830193,7.877628292918715,S-10,S-20
TRUG,B_20_from_low,2026-03-30,temporary_spike,False,S-20,S-20,S-20,S-20,S-20,11.11347938778934,-4.117465361286001,-2.4116104582131754,4.477965940894644,S-3,S-20
TRUG,C_20_in_1_3,2026-04-22,no_significant_move,False,S-20,S-20,S-20,S-20,,2.0725127458020722,-3.6803616438656945,-8.831207290822022,0.3441799593782665,S-15,S-20
TRUG,E_base_breakout,2026-07-06,temporary_spike,False,S-20,S-20,S-20,S-20,S-20,2.2497443583912187,1.7954473185262927,4.847823502356356,1.5189956403448388,S-20,S-20
TRUG,D_rapid_expansion,2026-08-17,no_significant_move,False,S-20,S-20,S-20,S-20,S-20,7.986301917676613,10.872010176976744,15.730774115492892,11.743000698941039,S-1,S-20
ATXG,A_10_from_low,2026-03-31,temporary_spike,False,S-20,S-20,S-20,S-7,S-7,-0.964569308680872,-6.019108063948558,19.73091023239843,0.39048908636495266,S-10,S-20
ATXG,B_20_from_low,2026-03-31,temporary_spike,False,S-20,S-20,S-20,S-7,S-7,-0.964569308680872,-6.019108063948558,19.73091023239843,0.39048908636495266,S-10,S-20
ATXG,C_20_in_1_3,2026-04-09,no_significant_move,False,S-20,S-20,S-15,S-15,S-15,4.5191666540506645,4.959526902931472,-1.165595351640846,0.29236746878223147,S-15,S-15
EJH,A_10_from_low,2026-03-30,no_significant_move,False,S-20,S-20,S-20,S-20,S-20,0.5026727621288813,0.45684413605187046,0.6384424565439133,0.509902643273652,S-20,S-20
EJH,B_20_from_low,2026-05-20,gradual_rise,False,S-20,S-20,S-2,,,0.042850548839282965,2.660906530678602,4.920119502427568,0.05320563979781857,S-5,S-2
EJH,E_base_breakout,2026-06-05,true_explosion,True,S-20,S-15,S-10,S-7,S-3,-1.4212682482686247,1.2495975920694349,4.7471493131723435,0.2995008319467554,,S-10
EJH,C_20_in_1_3,2026-06-09,no_significant_move,False,S-20,S-15,S-15,S-10,S-5,10.960311009928503,9.539042761659879,10.371418944945596,3.0869094843130185,S-1,S-15
EJH,D_rapid_expansion,2026-06-09,no_significant_move,False,S-20,S-15,S-15,S-10,S-5,10.960311009928503,9.539042761659879,10.371418944945596,3.0869094843130185,S-1,S-15
FBLG,A_10_from_low,2026-04-01,temporary_spike,False,S-20,S-20,S-20,S-20,S-20,-11.15056460388189,-21.29357511327253,-19.189953457755685,17.105201681793464,S-4,S-20
FBLG,B_20_from_low,2026-04-01,temporary_spike,False,S-20,S-20,S-20,S-20,S-20,-11.15056460388189,-21.29357511327253,-19.189953457755685,17.105201681793464,S-4,S-20
FBLG,C_20_in_1_3,2026-06-30,no_significant_move,False,S-20,S-20,S-20,S-2,,8.905098502045249,9.618069960734076,6.744132040774517,1.1476550079491257,S-10,S-20
FBLG,D_rapid_expansion,2026-08-03,gradual_rise,False,S-20,S-20,S-20,S-20,S-20,7.339433389248164,11.5193096489812,0.6513449144106289,1.450312174817898,S-5,S-20
FBLG,E_base_breakout,2026-08-05,gradual_rise,False,S-20,S-20,S-20,S-20,S-15,13.493959711962567,20.83339310121073,17.29997943063387,1.5603068385833196,S-7,S-20
SVRN,A_10_from_low,2026-03-31,rapid_move,True,S-20,S-20,S-20,S-20,S-20,5.845756580623259,17.78359195117425,18.90575558494826,0.36083471955671326,S-20,S-20
SVRN,B_20_from_low,2026-04-02,temporary_spike,False,S-20,S-20,S-20,S-20,S-20,-1.3858459477745768,4.459910632848683,13.282781083180822,0.22075082051400624,S-10,S-20
SVRN,C_20_in_1_3,2026-04-06,temporary_spike,False,S-20,S-20,S-20,S-20,S-5,4.352784668042339,4.9639550291079075,19.242484251431584,0.16541850696816188,,S-20
SVRN,D_rapid_expansion,2026-05-19,true_explosion,True,S-20,S-20,S-20,S-20,S-20,-3.0575319907909204,-10.84369070322272,-16.796492405725736,0.6837606837606838,S-3,S-20
SVRN,E_base_breakout,2026-09-02,no_significant_move,False,S-20,S-20,S-20,S-15,S-10,4.459319548315847,3.798418504062454,19.88295034868196,0.56731583403895,S-15,S-20
AGL,A_10_from_low,2026-04-01,true_explosion,True,S-20,S-20,S-20,S-20,S-20,-5.262510220272972,-6.476027101579433,-18.55530355969158,2.1480663170503558,S-2,S-20
AGL,B_20_from_low,2026-04-01,true_explosion,True,S-20,S-20,S-20,S-20,S-20,-5.262510220272972,-6.476027101579433,-18.55530355969158,2.1480663170503558,S-2,S-20
AGL,C_20_in_1_3,2026-04-06,rapid_move,True,S-20,S-20,S-20,S-20,S-20,14.20521442019161,8.942704199918637,8.378027335498913,2.01460015399206,S-4,S-20
AGL,D_rapid_expansion,2026-04-06,rapid_move,True,S-20,S-20,S-20,S-20,S-20,14.20521442019161,8.942704199918637,8.378027335498913,2.01460015399206,S-4,S-20
AGL,E_base_breakout,2026-05-07,temporary_spike,False,S-20,S-20,S-20,S-20,S-20,1.639371087159816,-3.2465145437832064,-1.5647302353872803,0.8831108591454929,S-20,S-20
AKTX,A_10_from_low,2026-03-31,temporary_spike,False,S-20,S-20,S-20,S-20,S-15,-2.5478374475796244,-2.8805953426773954,-13.454933335575738,0.8853279033221929,S-15,S-20
AKTX,B_20_from_low,2026-04-09,temporary_spike,False,S-20,S-20,S-20,S-20,S-20,4.533145378449703,0.0016481160804886485,-0.9759772584050239,0.8044760415992983,S-15,S-20
AKTX,C_20_in_1_3,2026-04-15,temporary_spike,False,S-20,S-20,S-20,S-20,,11.360105866896866,11.458854403427843,9.089562386237354,0.6457681130936505,S-20,S-20
AKTX,D_rapid_expansion,2026-04-20,no_significant_move,False,S-20,S-7,S-5,S-4,S-2,14.005751838953415,19.016118335377648,29.841522347076868,0.6698763533647263,S-10,S-5
AKTX,E_base_breakout,2026-07-07,no_significant_move,False,S-20,S-20,S-20,S-20,S-20,2.7645892343346503,4.8918340846511725,1.09167823940912,1.6934801016088061,S-5,S-20
MODD,A_10_from_low,2026-03-31,no_significant_move,False,S-20,S-15,S-15,,,-2.9475078931685204,0.5094001801568453,-7.114056184234997,1.3769119819381928,S-20,S-15
MODD,B_20_from_low,2026-03-31,no_significant_move,False,S-20,S-15,S-15,,,-2.9475078931685204,0.5094001801568453,-7.114056184234997,1.3769119819381928,S-20,S-15
MODD,C_20_in_1_3,2026-04-17,no_significant_move,False,S-20,S-20,S-10,S-7,,0.9506324914978421,2.31334195323209,3.823075598030364,0.3566111984209588,,S-10
MODD,D_rapid_expansion,2026-05-26,no_significant_move,False,S-20,S-20,S-20,S-20,S-3,6.812103207428905,20.314141854769538,17.443867366821316,0.8021154693697664,S-4,S-20
MODD,E_base_breakout,2026-05-26,no_significant_move,False,S-20,S-20,S-20,S-20,S-3,6.812103207428905,20.314141854769538,17.443867366821316,0.8021154693697664,S-4,S-20
PAVS,A_10_from_low,2026-03-31,no_significant_move,False,S-20,S-20,S-20,S-15,S-15,-1.373060683303379,-3.044656450326414,-1.0455645504869011,0.0746706954345876,S-15,S-20
PAVS,B_20_from_low,2026-05-04,no_significant_move,False,S-20,S-20,S-20,,,0.8960055144518151,0.03319586088025517,0.008480329828813638,0.07600396339686426,,S-20
PAVS,C_20_in_1_3,2026-07-23,temporary_spike,False,S-20,,,,,-0.14154735312536104,-0.32995207477405586,-0.8242640676799482,0.07901520430744514,,
PAVS,D_rapid_expansion,2026-07-23,temporary_spike,False,S-20,,,,,-0.14154735312536104,-0.32995207477405586,-0.8242640676799482,0.07901520430744514,,
AUUD,A_10_from_low,2026-04-01,gradual_rise,False,S-20,S-20,S-20,S-20,S-15,-10.842593365246543,-14.71430001496772,-13.961766240164344,3.684234791767889,S-2,S-20
AUUD,B_20_from_low,2026-04-01,gradual_rise,False,S-20,S-20,S-20,S-20,S-15,-10.842593365246543,-14.71430001496772,-13.961766240164344,3.684234791767889,S-2,S-20
AUUD,C_20_in_1_3,2026-04-15,rapid_move,True,S-20,S-20,S-20,S-20,S-20,9.107972736014212,10.010232791487702,9.807226866960285,2.2873795482975243,S-10,S-20
AUUD,E_base_breakout,2026-04-23,no_significant_move,False,S-20,S-20,S-20,S-20,S-20,-5.943865846662803,-7.334812721927804,2.843792371699152,0.6453826214431636,S-15,S-20
AUUD,D_rapid_expansion,2026-05-15,temporary_spike,False,S-20,S-20,S-20,S-20,S-20,-0.4410441521749533,-0.6763972719903251,-2.7900518163641124,0.10016462332010274,S-15,S-20
BARK,A_10_from_low,2026-04-14,no_significant_move,False,S-20,S-20,S-20,S-20,S-20,6.090076360741207,5.866373802542142,4.132815726294439,0.9075734093452024,S-15,S-20
BARK,B_20_from_low,2026-04-15,no_significant_move,False,S-20,S-20,S-20,S-20,S-20,12.996968356587288,12.032585865095513,10.111939063263108,0.85938479280002,S-15,S-20
BARK,C_20_in_1_3,2026-04-15,no_significant_move,False,S-20,S-20,S-20,S-20,S-20,12.996968356587288,12.032585865095513,10.111939063263108,0.85938479280002,S-15,S-20
BARK,E_base_breakout,2026-07-01,no_significant_move,False,S-20,S-20,S-20,S-20,S-20,12.020409615734643,3.5918518245544107,10.417323949627637,0.9593094086115075,S-15,S-20
UCAR,A_10_from_low,2026-04-01,rapid_move,True,S-20,S-20,S-20,S-20,S-20,-0.4212318691224084,-1.1065075787489889,-6.62625459276677,1.480517588207199,S-15,S-20
UCAR,B_20_from_low,2026-04-02,true_explosion,True,S-20,S-20,S-20,S-20,S-20,1.275848737727543,0.9764356533588199,-0.28741662214635255,13.137072647338002,S-15,S-20
UCAR,C_20_in_1_3,2026-04-08,no_significant_move,False,S-20,S-20,S-15,S-15,,-0.2262086185551624,1.8280018057940168,0.40696594764060023,1.5500464837524226,S-20,S-15
UCAR,D_rapid_expansion,2026-04-08,no_significant_move,False,S-20,S-20,S-15,S-15,,-0.2262086185551624,1.8280018057940168,0.40696594764060023,1.5500464837524226,S-20,S-15
UCAR,E_base_breakout,2026-07-13,no_significant_move,False,S-20,S-20,S-20,S-20,S-10,6.949740732753796,4.64213199293723,4.5832707236435795,0.28922583358872245,S-20,S-20
CNSY,A_10_from_low,2026-04-09,rapid_move,True,S-20,S-20,S-20,S-20,S-20,2.607876424846353,-0.5443843783199185,-17.245809816292436,2.414129607089676,S-5,S-20
CNSY,B_20_from_low,2026-04-09,rapid_move,True,S-20,S-20,S-20,S-20,S-20,2.607876424846353,-0.5443843783199185,-17.245809816292436,2.414129607089676,S-5,S-20
CNSY,C_20_in_1_3,2026-04-10,temporary_spike,False,S-20,S-20,S-20,S-20,S-20,15.642725970809266,12.886441689471624,-3.411793118692337,1.807158134212462,S-7,S-20
CNSY,D_rapid_expansion,2026-04-10,temporary_spike,False,S-20,S-20,S-20,S-20,S-20,15.642725970809266,12.886441689471624,-3.411793118692337,1.807158134212462,S-7,S-20
CNSY,E_base_breakout,2026-05-21,no_significant_move,False,S-20,S-20,S-20,S-20,S-20,7.119187749273493,9.336279409365304,7.011142387689112,1.4893477976735068,S-3,S-20
NCT,A_10_from_low,2026-04-02,no_significant_move,False,S-20,S-20,S-20,S-20,S-1,16.366783003272218,8.63935207289073,13.99976342914718,6.026794852324576,S-10,S-20
NCT,B_20_from_low,2026-04-08,gradual_rise,False,S-20,S-20,S-20,S-20,S-4,-9.765295611942413,4.756520903136476,3.717970129368638,0.3321813213628925,S-5,S-20
NCT,C_20_in_1_3,2026-04-09,temporary_spike,False,S-20,S-20,S-20,S-20,S-5,0.9780242121347413,-6.150747697206185,7.044963681231366,0.3316362131064513,S-15,S-20
NCT,D_rapid_expansion,2026-05-28,no_significant_move,False,S-20,S-20,S-20,S-20,S-20,-4.079372036873593,-0.4287116708283918,-3.7478705010606532,5.188631790744467,S-7,S-20
NCT,E_base_breakout,2026-05-28,no_significant_move,False,S-20,S-20,S-20,S-20,S-20,-4.079372036873593,-0.4287116708283918,-3.7478705010606532,5.188631790744467,S-7,S-20
AIIO,A_10_from_low,2026-04-15,gradual_rise,False,S-20,S-20,S-20,S-20,S-10,-1.6433696929548347,-2.117412681653647,-19.010337622518534,1.6071210557275886,S-10,S-20
AIIO,B_20_from_low,2026-04-16,gradual_rise,False,S-20,S-20,S-20,S-20,,-0.6662776606487455,-1.7135016250979191,-13.667182315228217,4.853691427062607,S-10,S-20
AIIO,C_20_in_1_3,2026-05-08,true_explosion,True,S-20,S-15,,,,-0.41651438186707423,-0.5773549816590986,0.27951966146517293,14.20442774562182,S-1,
AIIO,D_rapid_expansion,2026-05-08,true_explosion,True,S-20,S-15,,,,-0.41651438186707423,-0.5773549816590986,0.27951966146517293,14.20442774562182,S-1,
AIIO,E_base_breakout,2026-05-08,true_explosion,True,S-20,S-15,,,,-0.41651438186707423,-0.5773549816590986,0.27951966146517293,14.20442774562182,S-1,
BCAB,A_10_from_low,2026-04-07,temporary_spike,False,S-20,S-20,S-20,S-20,S-7,-4.016251105658284,-7.040370030407267,-7.202977526637042,4.255223990262821,S-3,S-20
BCAB,B_20_from_low,2026-04-16,temporary_spike,False,S-20,S-20,S-20,S-15,,2.335058389391307,1.5909434024568299,-5.561681473407532,0.4875254693799026,S-10,S-20
BCAB,C_20_in_1_3,2026-04-20,no_significant_move,False,S-20,S-20,S-20,S-20,,2.5747321261931546,4.9097905155844614,1.029301758443907,0.5998389004096043,S-10,S-20
BCAB,D_rapid_expansion,2026-04-20,no_significant_move,False,S-20,S-20,S-20,S-20,,2.5747321261931546,4.9097905155844614,1.029301758443907,0.5998389004096043,S-10,S-20
BCAB,E_base_breakout,2026-07-06,no_significant_move,False,S-20,S-20,S-20,S-20,S-15,0.7119908920765781,10.27779956050405,12.119011816329298,0.5148487371634749,S-20,S-20
BDRX,A_10_from_low,2026-04-06,no_significant_move,False,S-20,S-1,S-1,S-1,S-1,29.375571541697518,28.700526770606906,30.31875103970257,19.77177890296322,S-5,S-1
BDRX,B_20_from_low,2026-04-06,no_significant_move,False,S-20,S-1,S-1,S-1,S-1,29.375571541697518,28.700526770606906,30.31875103970257,19.77177890296322,S-5,S-1
BDRX,C_20_in_1_3,2026-04-20,no_significant_move,False,S-15,S-10,S-10,S-10,S-10,0.8882853001108373,6.68574315206925,0.06429144605729675,0.011259616320966014,S-15,S-10
BDRX,D_rapid_expansion,2026-05-05,no_significant_move,False,S-20,S-20,S-20,S-20,S-10,0.48704322509246367,-1.7719643604514346,-10.820841243290545,0.12259053149447537,,S-20
BDRX,E_base_breakout,2026-05-05,no_significant_move,False,S-20,S-20,S-20,S-20,S-10,0.48704322509246367,-1.7719643604514346,-10.820841243290545,0.12259053149447537,,S-20
GNLN,A_10_from_low,2026-04-06,rapid_move,True,S-20,S-20,S-20,S-15,,2.590467526813228,5.058605086795353,0.9163079860862524,5.573977749181857,S-1,S-20
GNLN,B_20_from_low,2026-04-07,rapid_move,True,S-20,S-20,S-20,S-20,,5.845071521367146,7.77840787974236,-3.0987583083885113,1.6763391487335406,S-2,S-20
GNLN,C_20_in_1_3,2026-04-13,true_explosion,True,S-20,S-20,S-20,S-20,,6.499175814665179,3.9884175335672722,9.692110537891779,0.7779835201611429,S-5,S-20
GNLN,D_rapid_expansion,2026-08-18,temporary_spike,False,S-20,S-20,S-20,S-20,S-1,5.455606070962375,5.361129753530008,7.1868024859398005,0.6546035125066525,S-10,S-20
GNLN,E_base_breakout,2026-08-18,temporary_spike,False,S-20,S-20,S-20,S-20,S-1,5.455606070962375,5.361129753530008,7.1868024859398005,0.6546035125066525,S-10,S-20
HKIT,A_10_from_low,2026-04-06,no_significant_move,False,S-20,S-15,S-15,S-10,S-10,-0.36100569041582276,0.3760140520952291,-21.010035870293642,0.33002237407714036,S-10,S-15
HKIT,B_20_from_low,2026-05-04,gradual_rise,False,S-20,,,,,-0.1823202281890559,0.003839533476124757,-0.04057418230388521,0.30947093005567555,,
HKIT,C_20_in_1_3,2026-05-14,gradual_rise,False,S-20,,,,,0.33618365759923563,0.19351294823989917,0.6142130025660606,14.113405092346468,S-1,
HKIT,D_rapid_expansion,2026-05-14,gradual_rise,False,S-20,,,,,0.33618365759923563,0.19351294823989917,0.6142130025660606,14.113405092346468,S-1,
HKIT,E_base_breakout,2026-05-14,gradual_rise,False,S-20,,,,,0.33618365759923563,0.19351294823989917,0.6142130025660606,14.113405092346468,S-1,
HTCR,A_10_from_low,2026-04-08,no_significant_move,False,S-20,S-20,S-20,S-20,S-20,2.0094503807206507,-10.011734969091002,-7.097300832502839,3.490691844028378,S-5,S-20
HTCR,B_20_from_low,2026-05-01,no_significant_move,False,S-20,S-20,S-15,S-15,S-10,1.396011970218808,-1.4779814546020518,-1.6199987197490344,0.9199584645618611,S-20,S-15
HTCR,E_base_breakout,2026-06-04,no_significant_move,False,S-20,S-20,S-20,S-20,S-20,0.7700477891218895,-2.0701853546940328,17.85567843236837,0.31537551067160474,S-10,S-20
HTCR,C_20_in_1_3,2026-08-03,no_significant_move,False,S-20,S-20,S-20,S-20,S-20,7.827988647993827,10.958844228731813,4.722684016044987,0.9016250218416915,,S-20
HTCR,D_rapid_expansion,2026-08-03,no_significant_move,False,S-20,S-20,S-20,S-20,S-20,7.827988647993827,10.958844228731813,4.722684016044987,0.9016250218416915,,S-20
LNKS,A_10_from_low,2026-04-06,temporary_spike,False,S-20,S-20,S-20,S-20,S-20,-0.3609607072602614,-0.12976189192488619,-13.184017986590938,2.156825132007545,S-7,S-20
LNKS,B_20_from_low,2026-04-06,temporary_spike,False,S-20,S-20,S-20,S-20,S-20,-0.3609607072602614,-0.12976189192488619,-13.184017986590938,2.156825132007545,S-7,S-20
LNKS,C_20_in_1_3,2026-04-10,no_significant_move,False,S-20,S-20,S-20,S-20,S-20,0.08030210715116937,0.0923446756759887,-0.1266514612623979,0.32519985548783065,S-15,S-20
LNKS,D_rapid_expansion,2026-04-10,no_significant_move,False,S-20,S-20,S-20,S-20,S-20,0.08030210715116937,0.0923446756759887,-0.1266514612623979,0.32519985548783065,S-15,S-20
SKK,A_10_from_low,2026-04-06,gradual_rise,False,S-20,S-20,S-20,S-20,S-20,7.649312038166478,2.9625135536339187,-10.960434363991922,1.3054538238106406,S-10,S-20
SKK,B_20_from_low,2026-04-06,gradual_rise,False,S-20,S-20,S-20,S-20,S-20,7.649312038166478,2.9625135536339187,-10.960434363991922,1.3054538238106406,S-10,S-20
SKK,C_20_in_1_3,2026-05-04,no_significant_move,False,S-20,S-20,S-20,S-20,S-20,-0.5078159669754925,2.0155478172144825,-4.805624266480635,0.10891089108910891,S-20,S-20
SKK,D_rapid_expansion,2026-05-04,no_significant_move,False,S-20,S-20,S-20,S-20,S-20,-0.5078159669754925,2.0155478172144825,-4.805624266480635,0.10891089108910891,S-20,S-20
SKK,E_base_breakout,2026-05-04,no_significant_move,False,S-20,S-20,S-20,S-20,S-20,-0.5078159669754925,2.0155478172144825,-4.805624266480635,0.10891089108910891,S-20,S-20
WNW,A_10_from_low,2026-04-08,rapid_move,True,S-20,S-20,S-20,S-20,S-20,-0.3174236944780091,-0.8289016767431292,-1.310157474802864,0.3613435492000226,S-20,S-20
WNW,B_20_from_low,2026-04-16,no_significant_move,False,S-20,,,,,-0.03518633521989045,-0.1125636786368176,-0.3168739225143611,0.4880413548214523,S-20,
WNW,C_20_in_1_3,2026-04-16,no_significant_move,False,S-20,,,,,-0.03518633521989045,-0.1125636786368176,-0.3168739225143611,0.4880413548214523,S-20,
WNW,D_rapid_expansion,2026-04-16,no_significant_move,False,S-20,,,,,-0.03518633521989045,-0.1125636786368176,-0.3168739225143611,0.4880413548214523,S-20,
WNW,E_base_breakout,2026-08-11,temporary_spike,False,S-20,S-20,S-20,S-20,S-20,-0.2510070479143067,5.960141236247942,8.241881164511774,0.3537473540702472,S-15,S-20
XRTX,A_10_from_low,2026-04-06,temporary_spike,False,S-20,S-20,S-20,S-20,S-20,4.319361353414507,11.228271347280227,11.900819020169052,1.8509254627313656,S-5,S-20
XRTX,B_20_from_low,2026-04-08,temporary_spike,False,S-20,S-20,S-20,S-20,S-20,-1.446384659964501,2.8729766934500063,11.80933892209648,0.401059402194476,S-7,S-20
XRTX,C_20_in_1_3,2026-04-22,no_significant_move,False,S-20,S-20,S-20,S-20,S-20,8.361377069801918,10.399174671844307,-9.056442652914832,19.443738880729146,S-15,S-20
XRTX,D_rapid_expansion,2026-08-27,no_significant_move,False,S-20,S-20,S-20,S-20,S-20,14.800544255314158,13.681522260115123,1.6591291780801996,0.18401380103507764,S-15,S-20
XRTX,E_base_breakout,2026-08-27,no_significant_move,False,S-20,S-20,S-20,S-20,S-20,14.800544255314158,13.681522260115123,1.6591291780801996,0.18401380103507764,S-15,S-20
CHR,A_10_from_low,2026-04-09,no_significant_move,False,S-20,S-20,S-20,,,-0.629523968515997,-5.561784651605677,-0.6269886831048268,1.5265759481196062,S-15,S-20
CHR,B_20_from_low,2026-04-09,no_significant_move,False,S-20,S-20,S-20,,,-0.629523968515997,-5.561784651605677,-0.6269886831048268,1.5265759481196062,S-15,S-20
CHR,C_20_in_1_3,2026-05-18,temporary_spike,False,S-20,S-20,S-15,S-10,S-10,11.144162263424498,8.351763174766212,4.565731244363107,1.7273652085452695,S-2,S-15
CHR,D_rapid_expansion,2026-05-18,temporary_spike,False,S-20,S-20,S-15,S-10,S-10,11.144162263424498,8.351763174766212,4.565731244363107,1.7273652085452695,S-2,S-15
CHR,E_base_breakout,2026-05-27,temporary_spike,False,S-20,S-20,S-20,S-15,S-7,5.932435080096219,7.956750937335514,20.353667055252835,5.500173470567827,S-7,S-20
MOBX,A_10_from_low,2026-04-08,no_significant_move,False,S-20,S-20,S-20,S-20,S-20,-1.3546817496315882,1.344056135068385,-4.249328950957199,0.5301352793464831,,S-20
MOBX,B_20_from_low,2026-04-13,temporary_spike,False,S-20,S-20,S-20,S-20,S-20,-3.4546309707890615,-6.016648127194912,-5.87739838405858,0.3303040559958616,,S-20
MOBX,C_20_in_1_3,2026-05-14,no_significant_move,False,S-20,S-20,S-20,S-20,S-20,-6.220977437261965,-2.9131767949137526,-6.084809760863081,1.4492587934911016,S-3,S-20
MOBX,D_rapid_expansion,2026-05-14,no_significant_move,False,S-20,S-20,S-20,S-20,S-20,-6.220977437261965,-2.9131767949137526,-6.084809760863081,1.4492587934911016,S-3,S-20
MOBX,E_base_breakout,2026-05-14,no_significant_move,False,S-20,S-20,S-20,S-20,S-20,-6.220977437261965,-2.9131767949137526,-6.084809760863081,1.4492587934911016,S-3,S-20
JTAI,A_10_from_low,2026-04-08,temporary_spike,False,S-20,S-10,,,,-6.545640544394544,-7.503495658263887,-7.135287754663949,4.358683605296789,S-15,
JTAI,B_20_from_low,2026-04-09,temporary_spike,False,S-15,S-10,,,,-1.686699822972841,-8.24326793176975,-7.535399789548137,9.185730581505334,S-3,
JTAI,C_20_in_1_3,2026-04-15,temporary_spike,False,S-20,S-15,,,,4.060526194510814,6.147680363771855,-2.661627278939136,0.8084438562177304,S-20,
JTAI,E_base_breakout,2026-05-26,temporary_spike,False,S-20,S-20,S-15,S-3,,1.4964185178124794,5.560442360417298,8.100493010462642,1.4048258197167278,,S-15
JTAI,D_rapid_expansion,2026-05-27,no_significant_move,False,S-20,S-20,S-15,S-4,S-1,8.314099471661528,13.115273001423205,16.31409886226939,3.0227658468287433,S-1,S-15
NXTS,A_10_from_low,2026-04-09,temporary_spike,False,S-20,S-20,S-20,S-20,S-20,-4.6316551209923205,-7.697708239216183,-3.9689694721061386,7.105713639740318,S-3,S-20
NXTS,B_20_from_low,2026-04-09,temporary_spike,False,S-20,S-20,S-20,S-20,S-20,-4.6316551209923205,-7.697708239216183,-3.9689694721061386,7.105713639740318,S-3,S-20
NXTS,C_20_in_1_3,2026-05-07,no_significant_move,False,S-20,S-20,S-20,S-20,S-20,0.35925730249536514,-3.5566201397106525,-7.2120714428801165,0.39420289855072466,S-20,S-20
NXTS,D_rapid_expansion,2026-05-07,no_significant_move,False,S-20,S-20,S-20,S-20,S-20,0.35925730249536514,-3.5566201397106525,-7.2120714428801165,0.39420289855072466,S-20,S-20
NXTS,E_base_breakout,2026-05-07,no_significant_move,False,S-20,S-20,S-20,S-20,S-20,0.35925730249536514,-3.5566201397106525,-7.2120714428801165,0.39420289855072466,S-20,S-20
RDGT,A_10_from_low,2026-04-08,no_significant_move,False,S-20,S-20,S-20,S-20,S-20,0.21611361512653104,0.12605856087348855,-0.530597629744662,11.152333624717775,S-20,S-20
RDGT,B_20_from_low,2026-04-08,no_significant_move,False,S-20,S-20,S-20,S-20,S-20,0.21611361512653104,0.12605856087348855,-0.530597629744662,11.152333624717775,S-20,S-20
RDGT,C_20_in_1_3,2026-05-20,temporary_spike,False,S-20,S-20,S-20,,,0.3075694717687725,0.2697921137655186,0.2260211976555837,1.870039854444637,S-10,S-20
RDGT,D_rapid_expansion,2026-05-29,gradual_rise,False,S-20,S-20,S-20,,,0.4965758198877239,0.37188678312784873,0.565689443711662,0.8184060490881889,S-7,S-20
RDGT,E_base_breakout,2026-05-29,gradual_rise,False,S-20,S-20,S-20,,,0.4965758198877239,0.37188678312784873,0.565689443711662,0.8184060490881889,S-7,S-20
RUBI,A_10_from_low,2026-04-09,no_significant_move,False,S-3,,,,,-3.2678130942562404,4.36762704747666,2.905356720110376,1.264660609445451,S-4,
RUBI,B_20_from_low,2026-04-24,no_significant_move,False,S-7,,,,,0.6364081504862895,1.9417454323404115,3.087588602382283,0.3658284907402379,S-15,
RUBI,C_20_in_1_3,2026-06-11,true_explosion,True,S-20,,,,,-0.3993114072845003,-0.5862423443204392,0.6538392648618725,0.4337827755922219,S-15,
RUBI,D_rapid_expansion,2026-06-11,true_explosion,True,S-20,,,,,-0.3993114072845003,-0.5862423443204392,0.6538392648618725,0.4337827755922219,S-15,
WORX,A_10_from_low,2026-07-23,temporary_spike,False,,,,,,,,,,,
WORX,B_20_from_low,2026-07-28,no_significant_move,False,,,,,,,,,,,
WORX,C_20_in_1_3,2026-08-07,no_significant_move,False,S-1,S-1,,,,,,,,,
AKAN,A_10_from_low,2026-04-13,rapid_move,True,S-20,S-20,S-20,S-7,,-4.074362538250433,-5.898313389432403,6.420599292301901,0.22880184162541298,,S-20
AKAN,B_20_from_low,2026-04-15,rapid_move,True,S-20,S-20,S-20,S-15,S-2,7.899750305887693,3.8253877676372596,4.4252798974871865,0.31200629159078713,,S-20
AKAN,C_20_in_1_3,2026-04-22,rapid_move,True,S-20,S-20,S-20,S-20,S-7,-5.899021799755822,-0.6795473378543804,7.314848211985243,0.2849073545616884,S-3,S-20
AKAN,D_rapid_expansion,2026-04-22,rapid_move,True,S-20,S-20,S-20,S-20,S-7,-5.899021799755822,-0.6795473378543804,7.314848211985243,0.2849073545616884,S-3,S-20
AKAN,E_base_breakout,2026-08-14,no_significant_move,False,S-20,S-20,S-20,,,0.11599577651814741,1.7498352006876559,3.5048255889583118,11.919156944762458,S-15,S-20
CENN,A_10_from_low,2026-04-15,no_significant_move,False,S-20,S-20,S-20,S-20,S-20,-3.750731214199149,-29.99462606187859,-25.96088894006669,2.137157148472632,S-20,S-20
CENN,B_20_from_low,2026-04-27,no_significant_move,False,S-20,S-20,S-20,S-20,S-20,5.103582977453854,6.027817379827283,8.07938619191657,0.5686536536487465,S-10,S-20
CENN,E_base_breakout,2026-08-14,temporary_spike,False,S-20,S-20,S-20,S-20,S-20,-0.9543308792259495,0.15303744153932541,10.570548177033466,0.43388429752066116,,S-20
HCAI,A_10_from_low,2026-04-13,gradual_rise,False,S-20,S-20,S-5,S-4,S-4,-32.006230093557896,17.12284940565666,25.551469458424314,0.1847875069518781,S-5,S-5
HCAI,B_20_from_low,2026-04-13,gradual_rise,False,S-20,S-20,S-5,S-4,S-4,-32.006230093557896,17.12284940565666,25.551469458424314,0.1847875069518781,S-5,S-5
HCAI,C_20_in_1_3,2026-04-21,rapid_move,True,S-20,S-20,S-20,S-10,S-10,4.321158054854102,-2.311970229102215,-33.00407949354017,0.5138825210841617,S-10,S-20
HCAI,D_rapid_expansion,2026-04-22,rapid_move,True,S-20,S-20,S-15,S-10,S-10,8.366350383155897,7.01974609627576,-29.800760947118803,0.2998991336032961,,S-15
JEM,A_10_from_low,2026-04-13,no_significant_move,False,S-20,S-20,S-20,S-20,S-20,-27.217499364419623,0.844927901014664,1.0374889038362909,0.15974590702013297,S-4,S-20
JEM,B_20_from_low,2026-04-16,no_significant_move,False,S-20,S-20,S-20,S-20,S-20,-4.1447542911795665,-12.540304155107684,-8.092240253016932,0.18308974842362682,S-20,S-20
JEM,C_20_in_1_3,2026-05-14,gradual_rise,False,S-20,S-20,S-20,S-20,S-20,2.223644113654352,0.3953489872832918,1.97307555650994,0.4106085942719037,,S-20
JEM,D_rapid_expansion,2026-05-19,temporary_spike,False,S-20,S-20,S-20,S-20,S-20,3.4140427130927335,11.815347789136112,10.261706581714193,0.21669024766420658,,S-20
JEM,E_base_breakout,2026-05-19,temporary_spike,False,S-20,S-20,S-20,S-20,S-20,3.4140427130927335,11.815347789136112,10.261706581714193,0.21669024766420658,,S-20
MSAI,A_10_from_low,2026-04-13,no_significant_move,False,S-20,S-20,S-20,S-20,S-20,-1.6617388001225635,-16.20891160413005,-5.868499473847962,1.196701981646174,S-20,S-20
MSAI,B_20_from_low,2026-04-13,no_significant_move,False,S-20,S-20,S-20,S-20,S-20,-1.6617388001225635,-16.20891160413005,-5.868499473847962,1.196701981646174,S-20,S-20
MSAI,E_base_breakout,2026-05-26,temporary_spike,False,S-20,S-20,S-20,S-15,S-15,10.406439471845218,8.770130277532353,8.861192686637189,1.3134192224375785,,S-20
MSAI,C_20_in_1_3,2026-06-11,no_significant_move,False,S-20,S-20,S-20,S-20,S-10,9.937056854744974,3.9724354407671427,-2.369973869382548,0.16383391589606153,,S-20
NXPL,A_10_from_low,2026-04-13,temporary_spike,False,S-20,S-20,S-20,S-20,S-15,-6.549982070918205,-1.2405836261961838,4.7738678055808705,0.2873053022354935,,S-20
NXPL,B_20_from_low,2026-04-20,temporary_spike,False,S-20,S-20,S-20,S-20,S-20,2.0784606225970634,0.1488144599415051,5.208698047370241,0.5097810398304824,S-4,S-20
NXPL,C_20_in_1_3,2026-05-26,no_significant_move,False,S-20,S-20,S-20,S-20,S-20,6.939460999715685,9.38528494197432,-11.333744569868742,0.7467911318553092,,S-20
NXPL,D_rapid_expansion,2026-05-26,no_significant_move,False,S-20,S-20,S-20,S-20,S-20,6.939460999715685,9.38528494197432,-11.333744569868742,0.7467911318553092,,S-20
NXPL,E_base_breakout,2026-08-13,temporary_spike,False,S-20,S-20,S-20,S-20,S-20,6.398940807879242,4.745101983166961,10.212555467543751,1.268666578564821,S-10,S-20
PN,A_10_from_low,2026-04-16,gradual_rise,False,S-20,S-20,S-20,S-20,S-20,-0.7786720513335297,-2.844382956175963,-4.229262021224187,2.968922787073991,S-20,S-20
PN,B_20_from_low,2026-04-16,gradual_rise,False,S-20,S-20,S-20,S-20,S-20,-0.7786720513335297,-2.844382956175963,-4.229262021224187,2.968922787073991,S-20,S-20
PN,C_20_in_1_3,2026-05-04,true_explosion,True,S-20,S-20,S-20,S-20,,5.616901097919218,4.4116393540162235,4.321190601158428,17.837393436016576,S-15,S-20
PN,D_rapid_expansion,2026-05-04,true_explosion,True,S-20,S-20,S-20,S-20,,5.616901097919218,4.4116393540162235,4.321190601158428,17.837393436016576,S-15,S-20
PN,E_base_breakout,2026-05-04,true_explosion,True,S-20,S-20,S-20,S-20,,5.616901097919218,4.4116393540162235,4.321190601158428,17.837393436016576,S-15,S-20
QNCX,A_10_from_low,2026-04-13,no_significant_move,False,S-20,S-20,S-7,S-4,S-4,-4.936443766466979,11.876596704293299,12.94352605690532,0.9769770976302847,S-4,S-7
QNCX,B_20_from_low,2026-04-13,no_significant_move,False,S-20,S-20,S-7,S-4,S-4,-4.936443766466979,11.876596704293299,12.94352605690532,0.9769770976302847,S-4,S-7
QNCX,C_20_in_1_3,2026-07-29,temporary_spike,False,S-20,S-20,S-20,S-20,S-10,11.750831508470348,7.0931538264783995,6.594194072902496,0.9541936302499683,S-20,S-20
QNCX,D_rapid_expansion,2026-07-29,temporary_spike,False,S-20,S-20,S-20,S-20,S-10,11.750831508470348,7.0931538264783995,6.594194072902496,0.9541936302499683,S-20,S-20
QNCX,E_base_breakout,2026-07-29,temporary_spike,False,S-20,S-20,S-20,S-20,S-10,11.750831508470348,7.0931538264783995,6.594194072902496,0.9541936302499683,S-20,S-20
BNRG,A_10_from_low,2026-07-17,temporary_spike,False,,,,,,,,,,,
BNRG,B_20_from_low,2026-07-17,temporary_spike,False,,,,,,,,,,,
BNRG,C_20_in_1_3,2026-08-12,temporary_spike,False,S-2,S-1,S-1,,,12.973889784687032,,,,,S-1
BNRG,D_rapid_expansion,2026-08-13,no_significant_move,False,S-3,S-2,S-2,S-1,,13.205634720404646,16.353469690052634,,,,S-2
BRNX,A_10_from_low,2026-04-15,temporary_spike,False,S-20,S-15,,,,-3.0755121291613676,-3.7497432728880256,-2.311237816753433,1.2837136727130876,,
BRNX,B_20_from_low,2026-04-16,temporary_spike,False,S-20,S-15,S-1,S-1,,10.898759430490344,10.997611534035201,9.529953274412009,6.228597871355853,S-1,S-1
BRNX,C_20_in_1_3,2026-05-28,no_significant_move,False,S-20,S-20,S-20,S-20,,-0.5051995831543508,0.030917198071449548,-5.767847773144226,0.04565877071650008,S-20,S-20
BRNX,D_rapid_expansion,2026-07-02,no_significant_move,False,S-20,S-20,S-20,S-20,S-20,0.2131485474958339,-0.32542937144144446,-7.681152640955133,0.05237812883825336,S-20,S-20
NMTC,A_10_from_low,2026-04-16,no_significant_move,False,S-20,S-20,S-20,S-20,S-20,-1.1694557317458205,1.0863117633499044,-8.928270334861459,2.6857483494762695,S-10,S-20
NMTC,B_20_from_low,2026-04-17,no_significant_move,False,S-20,S-20,S-20,S-20,S-20,5.192906775854716,5.360630583063617,-4.176261452719672,2.4148659145700933,S-7,S-20
NMTC,C_20_in_1_3,2026-08-14,rapid_move,True,S-20,S-20,S-1,S-1,S-1,16.088523793076632,17.402872919787242,21.021764033183373,4.477814669483852,S-5,S-1
NMTC,E_base_breakout,2026-08-19,temporary_spike,False,S-20,S-4,S-4,S-4,S-4,-2.188824219825598,20.66166300153798,23.979014301952155,0.6975886734016665,S-7,S-4
PMAX,A_10_from_low,2026-04-17,gradual_rise,False,S-10,S-5,,,,-2.8917321516431542,-4.4227897498023765,-1.3139280202198336,0.3846601540816547,S-7,
PMAX,B_20_from_low,2026-04-17,gradual_rise,False,S-10,S-5,,,,-2.8917321516431542,-4.4227897498023765,-1.3139280202198336,0.3846601540816547,S-7,
PMAX,C_20_in_1_3,2026-05-06,no_significant_move,False,S-20,S-10,S-2,,,2.2047049236072667,3.9324592729570043,2.8350441570634786,0.057527289507960336,S-20,S-2
PMAX,D_rapid_expansion,2026-05-06,no_significant_move,False,S-20,S-10,S-2,,,2.2047049236072667,3.9324592729570043,2.8350441570634786,0.057527289507960336,S-20,S-2
EHGO,A_10_from_low,2026-04-20,no_significant_move,False,S-20,S-20,S-20,S-20,S-20,-16.673777726844918,-14.895194988971888,-26.43530240385904,1.0844755679305935,S-10,S-20
EHGO,B_20_from_low,2026-05-06,no_significant_move,False,S-20,S-20,S-20,S-20,S-20,-1.7968093542706782,0.26700305721043094,-3.45440612648936,0.4361449864498645,,S-20
EHGO,C_20_in_1_3,2026-05-22,gradual_rise,False,S-20,S-20,S-20,S-20,,5.171935299806577,0.6583760871623952,3.3140375052819024,6.018755328218244,S-5,S-20
EHGO,D_rapid_expansion,2026-05-22,gradual_rise,False,S-20,S-20,S-20,S-20,,5.171935299806577,0.6583760871623952,3.3140375052819024,6.018755328218244,S-5,S-20
EHGO,E_base_breakout,2026-05-22,gradual_rise,False,S-20,S-20,S-20,S-20,,5.171935299806577,0.6583760871623952,3.3140375052819024,6.018755328218244,S-5,S-20
HUBC,A_10_from_low,2026-04-22,no_significant_move,False,S-20,S-10,S-5,S-5,,-3.3986499065550078,-7.495297509377295,1.7802401989848846,2.0179458663951197,S-20,S-5
HUBC,B_20_from_low,2026-05-29,true_explosion,True,S-20,S-20,,,,0.023927084422467715,-0.028861942465766788,-0.06553341824343306,3.3172077338249704,S-15,
HUBC,C_20_in_1_3,2026-05-29,true_explosion,True,S-20,S-20,,,,0.023927084422467715,-0.028861942465766788,-0.06553341824343306,3.3172077338249704,S-15,
HUBC,D_rapid_expansion,2026-05-29,true_explosion,True,S-20,S-20,,,,0.023927084422467715,-0.028861942465766788,-0.06553341824343306,3.3172077338249704,S-15,
LRHC,A_10_from_low,2026-04-21,no_significant_move,False,S-20,S-7,,,,1.7933911932868511,-3.18878660889996,0.16292441451697925,0.6978970534727055,S-7,
LRHC,B_20_from_low,2026-04-21,no_significant_move,False,S-20,S-7,,,,1.7933911932868511,-3.18878660889996,0.16292441451697925,0.6978970534727055,S-7,
LRHC,C_20_in_1_3,2026-06-16,no_significant_move,False,S-20,S-15,S-1,,,6.2036076078120885,5.290739439091055,1.7459746364749265,0.17621195700223613,S-10,S-1
LXEH,A_10_from_low,2026-04-20,no_significant_move,False,S-20,S-20,S-20,S-20,S-20,-4.057795086319416,-4.880253670336032,2.3521000655233166,0.18789377792706138,S-15,S-20
LXEH,B_20_from_low,2026-05-04,temporary_spike,False,S-20,S-20,S-20,S-20,S-15,1.0315118569738928,-3.8221656222383587,-13.448714684320336,0.4762339517794617,,S-20
LXEH,C_20_in_1_3,2026-05-05,temporary_spike,False,S-20,S-20,S-20,S-20,S-20,7.6052071877462595,2.228516727320482,-6.119490345942765,1.2820781592488288,S-20,S-20
LXEH,D_rapid_expansion,2026-05-05,temporary_spike,False,S-20,S-20,S-20,S-20,S-20,7.6052071877462595,2.228516727320482,-6.119490345942765,1.2820781592488288,S-20,S-20
LXEH,E_base_breakout,2026-05-19,gradual_rise,False,S-20,S-20,S-20,S-20,S-2,9.391010221475312,10.546335747585594,11.590678490556762,0.13537726458291857,S-10,S-20
RAYA,A_10_from_low,2026-04-21,temporary_spike,False,S-20,S-20,S-7,S-7,S-7,-3.7803839936285257,-7.6448112763033365,14.008128553202887,0.03557573080035236,S-20,S-7
RAYA,B_20_from_low,2026-04-30,temporary_spike,False,S-20,S-15,S-15,S-10,S-10,2.2980042045895033,2.0438181770580144,-5.118443990559861,0.11632225074460749,S-15,S-15
RAYA,C_20_in_1_3,2026-05-06,no_significant_move,False,S-20,S-20,S-15,S-15,S-15,7.1475795482680695,7.406991699607985,8.208285950827019,0.056970740103270225,,S-15
RAYA,D_rapid_expansion,2026-06-01,temporary_spike,False,S-20,S-20,S-20,S-20,S-15,7.688493242074507,6.729581150338603,6.505043407793913,1.147746719908728,,S-20
RAYA,E_base_breakout,2026-06-01,temporary_spike,False,S-20,S-20,S-20,S-20,S-15,7.688493242074507,6.729581150338603,6.505043407793913,1.147746719908728,,S-20
TDIC,A_10_from_low,2026-04-20,true_explosion,True,S-20,S-20,S-20,S-20,S-7,0.752338596838932,6.700088271287221,10.690321445048802,0.0734646781377959,,S-20
TDIC,B_20_from_low,2026-04-21,true_explosion,True,S-20,S-20,S-20,S-20,S-20,-0.9607893572735051,0.1841750339338688,-11.586397176754872,0.05438300855285068,S-10,S-20
TDIC,C_20_in_1_3,2026-04-23,gradual_rise,False,S-20,S-20,S-20,S-15,S-10,18.392876125229733,17.43208676795623,20.5643994847703,0.22307390312336092,S-2,S-20
TDIC,D_rapid_expansion,2026-04-23,gradual_rise,False,S-20,S-20,S-20,S-15,S-10,18.392876125229733,17.43208676795623,20.5643994847703,0.22307390312336092,S-2,S-20
TDIC,E_base_breakout,2026-05-12,true_explosion,True,S-20,S-20,S-20,S-20,S-20,-7.576227074931019,-5.78531704410311,-7.583018606791995,0.34239929772144495,S-15,S-20
KITT,A_10_from_low,2026-04-23,no_significant_move,False,S-20,S-20,S-20,S-20,S-7,-1.9349503584733156,-11.126193207485294,-2.486684379313914,1.6944420040690964,S-7,S-20
KITT,B_20_from_low,2026-06-01,no_significant_move,False,S-20,S-20,S-1,,,5.045067924935779,5.2809598693646365,6.247268083895818,1.152412219687274,,S-1
KITT,E_base_breakout,2026-06-01,no_significant_move,False,S-20,S-20,S-1,,,5.045067924935779,5.2809598693646365,6.247268083895818,1.152412219687274,,S-1
KITT,C_20_in_1_3,2026-08-03,temporary_spike,False,S-20,S-20,S-4,S-4,S-1,9.099865348624995,11.636122358800584,11.868623475444473,0.7234343824419128,S-4,S-4
KITT,D_rapid_expansion,2026-08-03,temporary_spike,False,S-20,S-20,S-4,S-4,S-1,9.099865348624995,11.636122358800584,11.868623475444473,0.7234343824419128,S-4,S-4
ZSPC,A_10_from_low,2026-04-27,temporary_spike,False,S-20,S-20,S-7,,,-4.573431005915737,-7.198569062852698,-2.2214822090775783,0.8761733870569689,S-15,S-7
ZSPC,B_20_from_low,2026-04-28,temporary_spike,False,S-20,S-15,,,,-1.8530033890678084,-6.333192771467026,-4.891977767927486,1.4265115677100455,S-15,
ZSPC,C_20_in_1_3,2026-05-05,temporary_spike,False,S-20,S-20,,,,0.2064477133284015,-0.1493477591251633,-6.708982034998584,0.10858377364196795,S-20,
ZSPC,D_rapid_expansion,2026-06-01,temporary_spike,False,S-20,S-10,,,,1.8288573445651792,1.9858754120673723,1.864026632715877,0.681060606060606,,
ZSPC,E_base_breakout,2026-08-12,no_significant_move,False,S-20,S-20,S-20,S-20,S-20,2.254639517700312,3.2119789279239868,3.6678531498975246,4.331631120456594,S-10,S-20
KUST,A_10_from_low,2026-04-23,no_significant_move,False,S-20,S-15,S-10,S-10,S-7,-3.1954595692528116,-1.7411827672983407,7.087904366242455,6.017879642407152,S-10,S-10
KUST,B_20_from_low,2026-05-06,no_significant_move,False,S-20,S-20,S-20,S-20,S-20,-0.51480170090462,-0.8984764169281405,-5.815771594364328,0.24208086531032708,S-20,S-20
KUST,C_20_in_1_3,2026-07-01,temporary_spike,False,S-20,S-20,S-2,,,9.768205924819213,3.543253029278617,6.943287145922994,0.1624335543549074,S-4,S-2
KUST,D_rapid_expansion,2026-07-01,temporary_spike,False,S-20,S-20,S-2,,,9.768205924819213,3.543253029278617,6.943287145922994,0.1624335543549074,S-4,S-2
TOUR,A_10_from_low,2026-04-23,no_significant_move,False,S-20,S-20,S-20,S-20,S-20,-10.837102209976464,-14.547754560582455,-14.407449172595882,11.172874781373924,S-3,S-20
TOUR,B_20_from_low,2026-04-30,no_significant_move,False,S-20,S-20,S-20,S-20,S-20,0.20088475540665485,3.8204844663718305,0.19266209692236202,0.7143345877523093,S-7,S-20
TOUR,E_base_breakout,2026-09-03,no_significant_move,False,S-20,S-20,S-20,S-20,S-20,5.206254468175608,12.252303793752588,7.854199080384063,0.8146067415730337,S-7,S-20
IPST,A_10_from_low,2026-04-23,gradual_rise,False,S-20,S-20,S-10,S-10,S-10,-4.189245704056816,-9.24061040569196,-2.459449752094777,0.041375941362942585,,S-10
IPST,B_20_from_low,2026-04-30,gradual_rise,False,S-20,S-20,S-15,S-15,S-15,0.1907931452639744,-0.8304803172710891,-10.793181038870024,0.20168197983479433,,S-15
IPST,C_20_in_1_3,2026-05-04,temporary_spike,False,S-20,S-20,S-15,S-15,S-15,2.787167420708542,2.9779605659725163,-2.954648916526338,0.07037967355726625,,S-15
IPST,D_rapid_expansion,2026-05-14,temporary_spike,False,S-20,S-20,S-20,S-20,S-20,4.490333191944593,1.347038974305768,4.4707605169167906,2.161982260829048,S-1,S-20
IPST,E_base_breakout,2026-05-14,temporary_spike,False,S-20,S-20,S-20,S-20,S-20,4.490333191944593,1.347038974305768,4.4707605169167906,2.161982260829048,S-1,S-20
CUE,A_10_from_low,2026-04-24,true_explosion,True,S-20,S-20,S-20,S-20,S-10,-7.011593181906349,-11.947173727504044,-21.890460618583383,0.09580482566941252,S-10,S-20
CUE,B_20_from_low,2026-04-24,true_explosion,True,S-20,S-20,S-20,S-20,S-10,-7.011593181906349,-11.947173727504044,-21.890460618583383,0.09580482566941252,S-10,S-20
CUE,C_20_in_1_3,2026-05-01,temporary_spike,False,S-20,S-20,S-15,S-15,S-15,4.141583854529628,-5.987986013511062,-16.283993260802625,1.8081971955645848,S-15,S-15
CUE,D_rapid_expansion,2026-05-01,temporary_spike,False,S-20,S-20,S-15,S-15,S-15,4.141583854529628,-5.987986013511062,-16.283993260802625,1.8081971955645848,S-15,S-15
CUE,E_base_breakout,2026-07-08,temporary_spike,False,S-20,S-20,S-20,S-20,S-20,8.30035361244439,1.1886873668000675,9.371610316181744,0.8529664660361135,S-5,S-20
MSS,A_10_from_low,2026-04-27,temporary_spike,False,S-20,S-20,S-15,S-10,S-10,0.9948725386303465,-7.63573456259072,-7.1735198678976815,1.049249271801694,S-10,S-15
MSS,B_20_from_low,2026-05-04,temporary_spike,False,S-20,S-20,S-20,S-15,S-15,0.2132255648499637,-1.867135566480215,-3.550294775719216,0.1959724583997926,S-15,S-20
MSS,C_20_in_1_3,2026-05-05,temporary_spike,False,S-20,S-20,S-20,S-20,S-1,12.607251723239074,11.465129339149378,12.52869834184797,6.690929285887308,S-4,S-20
MSS,D_rapid_expansion,2026-05-05,temporary_spike,False,S-20,S-20,S-20,S-20,S-1,12.607251723239074,11.465129339149378,12.52869834184797,6.690929285887308,S-4,S-20
MSS,E_base_breakout,2026-08-18,true_explosion,True,S-20,S-20,S-20,,,1.9528847101947662,1.4887812233761935,4.368350415025645,0.05710832755175828,,S-20
OIO,A_10_from_low,2026-04-28,temporary_spike,False,S-20,S-20,S-20,S-20,S-20,-14.784014855898008,-27.150219436054563,-30.47747776634813,6.1379300650808,S-10,S-20
OIO,B_20_from_low,2026-05-01,no_significant_move,False,S-20,S-20,S-20,S-20,S-20,0.6197545040491406,-1.1838897343134107,-27.620619498748965,0.7301459434908175,S-15,S-20
OIO,C_20_in_1_3,2026-05-01,no_significant_move,False,S-20,S-20,S-20,S-20,S-20,0.6197545040491406,-1.1838897343134107,-27.620619498748965,0.7301459434908175,S-15,S-20
OIO,D_rapid_expansion,2026-05-01,no_significant_move,False,S-20,S-20,S-20,S-20,S-20,0.6197545040491406,-1.1838897343134107,-27.620619498748965,0.7301459434908175,S-15,S-20
SOWG,A_10_from_low,2026-04-24,no_significant_move,False,S-20,S-20,S-20,S-20,S-20,-3.2888966644287905,-13.831972416220353,-21.358200926112573,1.5075254844790154,S-5,S-20
SOWG,B_20_from_low,2026-05-08,temporary_spike,False,S-20,S-20,S-20,S-20,S-20,0.1921897399283239,-0.3148787208882169,0.3072488407920986,0.28228321773524345,S-15,S-20
SOWG,C_20_in_1_3,2026-05-11,no_significant_move,False,S-20,S-20,S-20,S-20,,6.419962559817918,2.7859749322621497,5.63296850645024,0.4143728593259368,S-15,S-20
SOWG,D_rapid_expansion,2026-06-10,rapid_move,True,S-20,S-20,S-20,S-15,,7.2258462234532885,1.583290328412076,1.8950884003042034,1.686141103387073,S-2,S-20
SOWG,E_base_breakout,2026-06-12,rapid_move,True,S-20,S-20,S-20,S-20,S-2,11.70089230238014,18.92673852583343,13.917836912196634,0.9071854678346859,S-4,S-20
TDTH,A_10_from_low,2026-04-24,temporary_spike,False,S-20,S-20,S-20,S-20,S-20,0.5341739403627628,-1.613622523807507,-4.008988411067605,0.6885159540907689,S-15,S-20
TDTH,B_20_from_low,2026-04-28,temporary_spike,False,S-20,S-20,S-20,,,-1.0937241317384547,-0.559550191375692,-3.827692378326617,0.3350530673157411,S-15,S-20
TDTH,C_20_in_1_3,2026-05-26,rapid_move,True,S-15,S-15,S-15,S-1,S-1,10.435114901870193,18.326772400393224,14.651941046865673,2.85335422819601,S-4,S-15
TDTH,E_base_breakout,2026-05-26,rapid_move,True,S-15,S-15,S-15,S-1,S-1,10.435114901870193,18.326772400393224,14.651941046865673,2.85335422819601,S-4,S-15
TDTH,D_rapid_expansion,2026-05-27,temporary_spike,False,S-20,S-15,S-5,S-2,S-2,16.608088335292422,12.073165709221527,20.298788381834413,1.445643346095835,S-5,S-5
AIOS,A_10_from_low,2026-04-27,rapid_move,True,S-20,S-20,S-20,S-15,S-15,-0.736274795175774,-12.23673981854725,-9.636961742145289,0.7668570212464086,S-4,S-20
AIOS,B_20_from_low,2026-04-27,rapid_move,True,S-20,S-20,S-20,S-15,S-15,-0.736274795175774,-12.23673981854725,-9.636961742145289,0.7668570212464086,S-4,S-20
AIOS,C_20_in_1_3,2026-05-01,temporary_spike,False,S-20,S-20,S-20,S-20,S-20,3.0069370610547566,7.947415852528124,-6.018784962946121,11.905699164589073,S-7,S-20
AIOS,D_rapid_expansion,2026-05-01,temporary_spike,False,S-20,S-20,S-20,S-20,S-20,3.0069370610547566,7.947415852528124,-6.018784962946121,11.905699164589073,S-7,S-20
AIOS,E_base_breakout,2026-08-17,temporary_spike,False,S-20,S-20,S-20,S-20,S-20,-2.422492346122361,0.7296381261275542,0.14314917194967336,0.5047720042417816,S-10,S-20
CISS,A_10_from_low,2026-04-27,gradual_rise,False,S-20,S-20,S-15,S-5,,-15.250488466309903,-17.954752825052225,-14.901744037475808,2.4156520685686593,S-2,S-15
CISS,B_20_from_low,2026-04-27,gradual_rise,False,S-20,S-20,S-15,S-5,,-15.250488466309903,-17.954752825052225,-14.901744037475808,2.4156520685686593,S-2,S-15
CISS,C_20_in_1_3,2026-07-30,no_significant_move,False,S-20,S-20,S-15,S-15,S-10,2.3867601972961126,-5.633284592221571,-25.65422450218493,2.0563122506758673,S-5,S-15
CISS,D_rapid_expansion,2026-07-30,no_significant_move,False,S-20,S-20,S-15,S-15,S-10,2.3867601972961126,-5.633284592221571,-25.65422450218493,2.0563122506758673,S-5,S-15
DRCT,A_10_from_low,2026-04-27,rapid_move,True,S-20,S-20,S-15,S-15,S-5,-6.140107286695411,-7.979447665571193,-0.41285402616475153,1.4526557975326273,S-15,S-15
DRCT,B_20_from_low,2026-04-28,rapid_move,True,S-20,S-20,S-15,S-10,,-2.860760382301386,-5.211612064103704,-1.492463614547006,2.2207554088742207,S-20,S-15
DRCT,C_20_in_1_3,2026-04-30,true_explosion,True,S-20,S-20,S-20,S-10,S-2,10.859054046301019,7.9982936639996325,5.642649457980163,0.8998394166505607,S-15,S-20
IMUX,A_10_from_low,2026-04-27,temporary_spike,False,S-20,S-20,S-20,S-20,S-20,-0.4696601675717247,-3.173867406600607,-18.55765521057198,1.3357600126251363,S-7,S-20
IMUX,B_20_from_low,2026-04-28,temporary_spike,False,S-20,S-20,S-20,S-20,S-20,7.8108194983811,9.378963579953272,-5.975428957277259,1.388109903330481,S-3,S-20
IMUX,E_base_breakout,2026-05-27,no_significant_move,False,S-20,S-20,S-20,S-20,S-20,3.865548665351284,8.923072256030899,3.4351319102392424,0.8929632764800173,,S-20
OCG,A_10_from_low,2026-04-27,temporary_spike,False,S-20,S-20,S-15,S-7,S-7,-0.19681773276513326,-11.182963376020275,4.1507607240819695,0.30521880898067877,S-7,S-15
OCG,B_20_from_low,2026-04-27,temporary_spike,False,S-20,S-20,S-15,S-7,S-7,-0.19681773276513326,-11.182963376020275,4.1507607240819695,0.30521880898067877,S-7,S-15
OCG,C_20_in_1_3,2026-05-06,temporary_spike,False,S-20,S-20,S-20,S-10,S-7,-0.13181287343277148,-0.193678898834456,-0.7504606199211565,5.111891999022271,S-7,S-20
OCG,D_rapid_expansion,2026-05-06,temporary_spike,False,S-20,S-20,S-20,S-10,S-7,-0.13181287343277148,-0.193678898834456,-0.7504606199211565,5.111891999022271,S-7,S-20
QH,A_10_from_low,2026-04-27,no_significant_move,False,S-20,S-20,S-7,S-7,S-5,5.78247279876534,7.306679062867644,21.250146567359003,0.04562217893337674,S-20,S-7
QH,B_20_from_low,2026-04-27,no_significant_move,False,S-20,S-20,S-7,S-7,S-5,5.78247279876534,7.306679062867644,21.250146567359003,0.04562217893337674,S-20,S-7
QH,C_20_in_1_3,2026-05-28,true_explosion,True,S-20,S-20,S-20,S-20,S-20,-4.849228332262001,-15.148091327326554,-13.537958295381728,0.4878048780487805,S-2,S-20
QH,D_rapid_expansion,2026-05-28,true_explosion,True,S-20,S-20,S-20,S-20,S-20,-4.849228332262001,-15.148091327326554,-13.537958295381728,0.4878048780487805,S-2,S-20
UP,A_10_from_low,2026-04-30,gradual_rise,False,S-20,S-20,S-20,S-20,S-20,-4.351049262491742,-10.749915472504547,-9.395706852136726,2.258752666583009,S-7,S-20
UP,B_20_from_low,2026-05-05,temporary_spike,False,S-20,S-20,S-20,S-20,S-20,-0.2651491416830396,-1.6919373282237302,-9.750195860614255,1.098838366891159,S-15,S-20
UP,C_20_in_1_3,2026-05-05,temporary_spike,False,S-20,S-20,S-20,S-20,S-20,-0.2651491416830396,-1.6919373282237302,-9.750195860614255,1.098838366891159,S-15,S-20
UP,D_rapid_expansion,2026-05-22,no_significant_move,False,S-20,S-20,S-20,S-20,S-20,12.402941276168676,20.36728944173737,17.45389962653136,1.0165750910515092,S-15,S-20
UP,E_base_breakout,2026-07-01,no_significant_move,False,S-20,S-20,S-20,S-20,S-20,4.065041428564065,15.551662435924364,11.107513852862098,0.9928008227631128,S-3,S-20
DGNX,A_10_from_low,2026-05-20,temporary_spike,False,S-20,S-20,S-20,S-20,S-20,1.3487582884025215,0.24430649783734282,-2.0113437745024356,0.3323593630696632,S-4,S-20
DGNX,B_20_from_low,2026-05-20,temporary_spike,False,S-20,S-20,S-20,S-20,S-20,1.3487582884025215,0.24430649783734282,-2.0113437745024356,0.3323593630696632,S-4,S-20
DGNX,C_20_in_1_3,2026-05-28,temporary_spike,False,S-20,S-2,S-1,,,7.958550145183224,7.730672990409715,13.527064561165375,2.22475558779839,S-5,S-1
DGNX,D_rapid_expansion,2026-05-28,temporary_spike,False,S-20,S-2,S-1,,,7.958550145183224,7.730672990409715,13.527064561165375,2.22475558779839,S-5,S-1
DGNX,E_base_breakout,2026-06-29,no_significant_move,False,S-20,S-20,S-20,S-20,,0.09040864391580783,1.1058048108307759,6.6975166785555444,0.3277072147575809,S-20,S-20
ISPC,A_10_from_low,2026-04-30,temporary_spike,False,S-20,S-20,S-20,S-20,S-7,-3.8472978971806526,-14.887651722576976,2.6045234515548543,0.09533681906450431,S-15,S-20
ISPC,B_20_from_low,2026-04-30,temporary_spike,False,S-20,S-20,S-20,S-20,S-7,-3.8472978971806526,-14.887651722576976,2.6045234515548543,0.09533681906450431,S-15,S-20
ISPC,C_20_in_1_3,2026-05-01,no_significant_move,False,S-20,S-20,S-20,S-10,S-10,7.1672391114656975,3.291555101892861,3.407291742496753,1.1507068605589683,S-15,S-20
ISPC,D_rapid_expansion,2026-05-01,no_significant_move,False,S-20,S-20,S-20,S-10,S-10,7.1672391114656975,3.291555101892861,3.407291742496753,1.1507068605589683,S-15,S-20
VNRX,A_10_from_low,2026-04-28,no_significant_move,False,S-20,S-20,S-20,S-20,S-20,0.0,-7.408849489454518,-2.351329844142441,0.5144644786389335,,S-20
VNRX,B_20_from_low,2026-05-19,temporary_spike,False,S-20,S-20,S-20,S-20,,6.581314476217287,4.898304060205064,17.12629349856836,0.9807455737032181,S-15,S-20
VNRX,C_20_in_1_3,2026-05-20,temporary_spike,False,S-20,S-20,S-20,S-20,S-1,12.34150745926381,5.605802113940399,11.259868155543913,0.8057295509010846,S-15,S-20
VNRX,D_rapid_expansion,2026-05-22,no_significant_move,False,S-20,S-20,S-7,S-7,S-3,10.108010522519457,22.449517981783266,25.821590648433634,1.0166038670353001,,S-7
VNRX,E_base_breakout,2026-05-22,no_significant_move,False,S-20,S-20,S-7,S-7,S-3,10.108010522519457,22.449517981783266,25.821590648433634,1.0166038670353001,,S-7
CTNT,A_10_from_low,2026-04-29,temporary_spike,False,S-20,S-20,S-20,S-20,S-20,-0.2920559473824653,0.15103372963891104,-1.2655606744460925,1.0469859562487167,S-10,S-20
CTNT,B_20_from_low,2026-04-30,no_significant_move,False,S-20,S-20,S-20,S-20,S-20,-0.18743122187591155,0.11931349994442542,-1.285831693616231,0.438434731325644,S-10,S-20
CTNT,C_20_in_1_3,2026-07-28,no_significant_move,False,S-20,S-10,S-2,,,5.528772632683371,5.059980183946976,5.119455163064259,0.23745010819145762,S-20,S-2
AIRE,A_10_from_low,2026-05-01,no_significant_move,False,S-20,S-20,S-20,S-20,S-10,-6.009601399514622,-30.211894849865843,-36.77930748358451,5.143176017112919,S-3,S-20
AIRE,B_20_from_low,2026-05-21,temporary_spike,False,S-20,S-20,S-20,S-20,S-20,3.4009222733596687,2.480195135057201,3.9215072129883026,0.5659269023023912,S-15,S-20
AIRE,C_20_in_1_3,2026-05-22,no_significant_move,False,S-20,S-20,S-20,S-20,S-20,6.289142029541566,5.273757160874538,7.545857157211898,1.1310813301771951,S-15,S-20
AIRE,E_base_breakout,2026-06-01,no_significant_move,False,S-20,S-5,S-5,,,6.782428913040334,4.5242751201678715,14.293202155007876,0.5012849918479012,S-20,S-5
BKYI,A_10_from_low,2026-04-30,no_significant_move,False,S-20,S-20,S-20,S-20,S-15,-18.97344108752756,-16.883011224572556,-29.96012823058161,1.7045574260972167,S-10,S-20
BKYI,B_20_from_low,2026-04-30,no_significant_move,False,S-20,S-20,S-20,S-20,S-15,-18.97344108752756,-16.883011224572556,-29.96012823058161,1.7045574260972167,S-10,S-20
BKYI,C_20_in_1_3,2026-05-15,no_significant_move,False,S-20,S-20,S-20,S-20,S-20,8.234975939117845,-8.369855927285315,-8.978285861181163,0.9063607879701204,S-3,S-20
BKYI,E_base_breakout,2026-06-23,temporary_spike,False,S-20,S-20,S-20,S-20,S-20,1.2209762291713844,-2.790300355634983,-0.3810908437731939,0.4367816091954023,S-4,S-20
BKYI,D_rapid_expansion,2026-07-07,no_significant_move,False,S-20,S-20,S-20,S-20,S-20,-7.485923171997769,-8.497094344918324,4.096636284969115,1.1570247933884297,S-2,S-20
JAGX,A_10_from_low,2026-05-04,temporary_spike,False,S-20,S-20,S-20,S-20,S-20,-2.288340331891064,-6.433603846360555,-22.025313259679407,2.7754795865462047,S-15,S-20
JAGX,B_20_from_low,2026-05-04,temporary_spike,False,S-20,S-20,S-20,S-20,S-20,-2.288340331891064,-6.433603846360555,-22.025313259679407,2.7754795865462047,S-15,S-20
JAGX,C_20_in_1_3,2026-05-15,no_significant_move,False,S-20,S-20,S-20,S-20,S-20,5.786558355684193,7.947642208178792,3.3780038913722024,0.697134734371778,S-10,S-20
JAGX,E_base_breakout,2026-06-26,no_significant_move,False,S-20,S-20,S-10,S-2,,3.5234841203613456,10.462377176463761,7.069215780537078,0.342506327750552,S-5,S-10
JAGX,D_rapid_expansion,2026-08-18,no_significant_move,False,S-20,S-2,S-2,,,7.555955414713651,8.723893665804042,7.196849736957702,0.7359399133832036,S-2,S-2
UK,A_10_from_low,2026-04-30,true_explosion,True,S-20,S-20,S-20,S-20,S-20,12.250120211951057,9.964021187384304,5.095769499939934,0.7525501353133024,S-10,S-20
UK,B_20_from_low,2026-05-01,temporary_spike,False,S-20,S-20,S-20,S-20,S-20,8.965262475354251,14.395435057965713,7.03275068236151,2.0519292341489637,S-15,S-20
GMEX,A_10_from_low,2026-05-01,no_significant_move,False,S-20,S-20,S-20,S-5,,-0.11073759516570192,-5.0945416174732685,1.6828015563163916,0.3379284644443162,S-5,S-20
GMEX,B_20_from_low,2026-05-07,no_significant_move,False,S-20,S-20,S-20,,,0.0733492920023906,-0.5848001722280429,1.4001998106574973,0.18745473234073373,,S-20
GMEX,C_20_in_1_3,2026-05-18,no_significant_move,False,S-20,S-20,S-20,S-7,,3.5258639822747853,2.7243763863581734,3.63717882712767,0.09811926396534988,S-20,S-20
GMEX,D_rapid_expansion,2026-07-27,no_significant_move,False,S-20,S-20,,,,1.3548965160206734,2.1139107473255763,2.227966148583562,0.09156940730226266,S-15,
TLIH,A_10_from_low,2026-05-01,temporary_spike,False,S-20,S-20,S-20,S-20,S-15,-2.5481590821776763,-3.6057094383343937,-3.023737909543499,8.37830717699748,S-2,S-20
TLIH,B_20_from_low,2026-05-01,temporary_spike,False,S-20,S-20,S-20,S-20,S-15,-2.5481590821776763,-3.6057094383343937,-3.023737909543499,8.37830717699748,S-2,S-20
TLIH,C_20_in_1_3,2026-05-28,temporary_spike,False,S-20,S-20,S-20,S-20,S-20,10.25827278117503,5.593851199908066,-0.553258070009548,0.0078086590447584,S-20,S-20
TLIH,E_base_breakout,2026-07-07,no_significant_move,False,S-20,S-20,S-20,S-20,S-20,6.2238617256999476,-3.66645032675477,-7.0042054831586995,0.3110704483074108,,S-20
ERNA,A_10_from_low,2026-05-04,true_explosion,True,S-20,S-20,S-20,S-5,,-9.036601073011639,-11.880323164843162,-6.777415342510523,0.681577830375321,S-2,S-20
ERNA,B_20_from_low,2026-05-05,true_explosion,True,S-20,S-20,S-20,,,-0.07741153590841066,-9.11401260892005,-6.854826878418933,2.7222591872248953,S-15,S-20
ERNA,C_20_in_1_3,2026-05-07,true_explosion,True,S-20,S-20,S-20,S-1,S-1,32.83758721279522,32.76017567688681,25.982760334376287,19.791437783763367,S-5,S-20
ERNA,D_rapid_expansion,2026-05-07,true_explosion,True,S-20,S-20,S-20,S-1,S-1,32.83758721279522,32.76017567688681,25.982760334376287,19.791437783763367,S-5,S-20
ERNA,E_base_breakout,2026-06-25,temporary_spike,False,S-20,S-20,S-20,S-20,S-20,3.4909250065227795,4.360787096550112,3.1606968318780986,0.08382932349735937,S-5,S-20
FCHL,A_10_from_low,2026-05-04,no_significant_move,False,S-20,S-20,S-20,S-20,S-20,-0.580321672104148,-0.8420117918854828,-0.6431782412987559,0.23192044580474544,S-10,S-20
FCHL,B_20_from_low,2026-05-04,no_significant_move,False,S-20,S-20,S-20,S-20,S-20,-0.580321672104148,-0.8420117918854828,-0.6431782412987559,0.23192044580474544,S-10,S-20
FCHL,C_20_in_1_3,2026-05-14,no_significant_move,False,S-20,S-20,S-20,S-20,S-20,0.9271328578384299,0.5579587983875172,0.44767281957408045,12.334255799001188,S-2,S-20
FCHL,D_rapid_expansion,2026-07-06,temporary_spike,False,S-20,S-20,S-15,,,0.27966299179702503,0.7811295632155009,-0.28090841247717435,0.08707562860776832,,S-15
FCHL,E_base_breakout,2026-07-06,temporary_spike,False,S-20,S-20,S-15,,,0.27966299179702503,0.7811295632155009,-0.28090841247717435,0.08707562860776832,,S-15
INHD,A_10_from_low,2026-05-04,no_significant_move,False,S-20,,,,,-1.7029473239064288,2.657690394097088,0.7076135087491338,0.30900852046600685,S-20,
INHD,B_20_from_low,2026-05-05,no_significant_move,False,S-20,,,,,1.4003723233622338,6.017046135818163,2.781163639373972,1.15584874174308,S-20,
INHD,C_20_in_1_3,2026-06-08,no_significant_move,False,S-20,S-7,,,,0.07545664077770198,-1.0757978393724699,1.7332278136561428,1.0050846277077383,,
INHD,D_rapid_expansion,2026-06-08,no_significant_move,False,S-20,S-7,,,,0.07545664077770198,-1.0757978393724699,1.7332278136561428,1.0050846277077383,,
INHD,E_base_breakout,2026-06-08,no_significant_move,False,S-20,S-7,,,,0.07545664077770198,-1.0757978393724699,1.7332278136561428,1.0050846277077383,,
TRI,A_10_from_low,2026-05-18,no_significant_move,False,S-20,S-20,S-20,S-20,S-20,4.733952893404663,-5.461786741593201,-18.72280967635382,1.1919034248346696,S-4,S-20
TRI,B_20_from_low,2026-07-13,temporary_spike,False,S-20,S-20,S-20,S-20,S-20,1.1980021011620465,1.4342508595763306,7.5043408071040005,0.7579152508000574,S-15,S-20
TRI,E_base_breakout,2026-07-13,temporary_spike,False,S-20,S-20,S-20,S-20,S-20,1.1980021011620465,1.4342508595763306,7.5043408071040005,0.7579152508000574,S-15,S-20
TRI,C_20_in_1_3,2026-07-28,no_significant_move,False,S-20,S-20,S-20,S-20,S-20,15.846622519949698,8.373023705651072,1.1227973798489046,1.346946586600876,,S-20
TRI,D_rapid_expansion,2026-07-28,no_significant_move,False,S-20,S-20,S-20,S-20,S-20,15.846622519949698,8.373023705651072,1.1227973798489046,1.346946586600876,,S-20
VEEE,A_10_from_low,2026-05-05,temporary_spike,False,S-20,S-20,S-15,,,4.7103267331712715,0.8064380926450099,-1.8722950849551694,3.3379595839651883,S-1,S-15
VEEE,B_20_from_low,2026-05-05,temporary_spike,False,S-20,S-20,S-15,,,4.7103267331712715,0.8064380926450099,-1.8722950849551694,3.3379595839651883,S-1,S-15
VEEE,C_20_in_1_3,2026-05-11,no_significant_move,False,S-20,S-20,S-20,S-15,,1.1361785695100366,2.149192497782849,2.6310584687979457,0.25553475052318536,S-5,S-20
VEEE,D_rapid_expansion,2026-05-11,no_significant_move,False,S-20,S-20,S-20,S-15,,1.1361785695100366,2.149192497782849,2.6310584687979457,0.25553475052318536,S-5,S-20
VEEE,E_base_breakout,2026-07-13,true_explosion,True,S-20,S-20,S-20,S-20,S-20,2.5421852567119387,0.2496246150246293,8.564995847616842,0.7809456764050217,S-4,S-20
MIMI,A_10_from_low,2026-05-06,temporary_spike,False,S-20,S-20,S-20,S-20,S-15,-5.222123136024955,-7.256591467891006,-9.26314306413812,0.01271912443470558,,S-20
MIMI,B_20_from_low,2026-05-07,temporary_spike,False,S-20,S-20,S-20,S-20,S-15,0.877913053470543,-4.505320258300557,-8.761566484382271,0.05948404853859609,,S-20
MIMI,C_20_in_1_3,2026-05-21,temporary_spike,False,S-20,S-20,S-20,S-20,S-20,7.16070890569334,-1.2872617924320053,11.222993606579237,0.40511851664296983,S-5,S-20
MIMI,D_rapid_expansion,2026-07-13,no_significant_move,False,S-20,S-20,S-20,S-20,S-20,3.7912724573978167,2.873385773832972,-6.979068458222244,2.4378656985230713,S-1,S-20
CHSN,A_10_from_low,2026-05-07,no_significant_move,False,S-20,S-20,S-20,S-20,S-20,-0.11766756253443589,-0.05845320664664655,-30.817868122155907,1.8728990615361527,S-20,S-20
CHSN,B_20_from_low,2026-05-13,temporary_spike,False,S-20,S-20,S-20,S-20,S-20,-0.014797942036452127,0.037435863578295425,-0.05376507311470391,0.20150646382265633,S-15,S-20
CHSN,C_20_in_1_3,2026-06-10,no_significant_move,False,S-7,,,,,0.33448643171713854,0.29046462712344123,0.6220839743996862,3.945449337945317,S-5,
CHSN,D_rapid_expansion,2026-06-10,no_significant_move,False,S-7,,,,,0.33448643171713854,0.29046462712344123,0.6220839743996862,3.945449337945317,S-5,
CHSN,E_base_breakout,2026-07-10,no_significant_move,False,S-20,,,,,-0.019145005773935964,0.2281265612306811,0.3027759606983693,0.0518214957947154,S-20,
OLOX,A_10_from_low,2026-05-08,gradual_rise,False,S-20,S-20,S-20,S-15,S-7,-7.803933517228195,-9.672588467076224,-8.031729075402687,0.9231827319860332,S-2,S-20
OLOX,B_20_from_low,2026-05-14,rapid_move,True,S-20,S-20,S-20,S-20,S-10,1.299869940090403,3.7139753132593114,-6.927042305784056,0.9244816868375212,S-4,S-20
OLOX,C_20_in_1_3,2026-05-15,rapid_move,True,S-20,S-20,S-20,S-20,S-10,6.924257118111335,8.09817384504995,-1.732546683674805,1.0732107457789322,S-7,S-20
OLOX,D_rapid_expansion,2026-05-29,temporary_spike,False,S-20,S-20,S-20,S-20,S-20,0.4133672326582385,-0.22359201097741277,0.7014161856301939,16.717200391384704,S-1,S-20
OLOX,E_base_breakout,2026-05-29,temporary_spike,False,S-20,S-20,S-20,S-20,S-20,0.4133672326582385,-0.22359201097741277,0.7014161856301939,16.717200391384704,S-1,S-20
PARA,A_10_from_low,2026-05-08,temporary_spike,False,S-20,S-15,S-15,S-15,,8.11588549477294,9.754313289344552,4.083860899206499,8.23786172861758,S-10,S-15
PARA,B_20_from_low,2026-05-11,temporary_spike,False,S-20,S-20,S-20,S-20,,9.754222442803808,5.070039894275482,6.228178617608506,2.187798461227113,S-20,S-20
PARA,C_20_in_1_3,2026-05-15,no_significant_move,False,S-20,S-20,S-20,S-20,,8.551533411445902,6.366804406829743,15.399902407339965,1.8326639306740333,S-15,S-20
AIXI,A_10_from_low,2026-05-12,temporary_spike,False,S-20,S-20,S-20,S-20,S-20,-4.097964399257407,-6.715955594254616,-5.3829348677653,0.34281633385085564,,S-20
AIXI,B_20_from_low,2026-05-21,no_significant_move,False,S-20,S-20,S-20,S-20,S-20,0.9406635452331571,-0.4737263552831408,-3.1571345453713775,0.18515378265654345,,S-20
AIXI,C_20_in_1_3,2026-05-21,no_significant_move,False,S-20,S-20,S-20,S-20,S-20,0.9406635452331571,-0.4737263552831408,-3.1571345453713775,0.18515378265654345,,S-20
ASBP,A_10_from_low,2026-05-11,temporary_spike,False,S-20,S-20,S-20,S-20,S-20,1.524783190150501,0.7287471367106946,0.891853388599003,0.7790244172705671,S-15,S-20
ASBP,B_20_from_low,2026-05-14,temporary_spike,False,S-20,S-20,S-10,S-3,S-3,-5.0284751591323555,57.564789968911995,55.291521389745654,0.002835815193531235,S-20,S-10
ASBP,C_20_in_1_3,2026-05-18,no_significant_move,False,S-20,S-20,S-15,S-5,S-5,-2.696596553835434,-7.7250717129677895,52.957010961970965,0.003055029701677655,S-20,S-15
ASBP,D_rapid_expansion,2026-07-21,no_significant_move,False,S-20,S-20,S-20,S-20,S-20,3.2740881080149435,6.116624773494479,9.85569925472322,0.7700877315137168,,S-20
ASBP,E_base_breakout,2026-07-21,no_significant_move,False,S-20,S-20,S-20,S-20,S-20,3.2740881080149435,6.116624773494479,9.85569925472322,0.7700877315137168,,S-20
DKI,A_10_from_low,2026-05-11,temporary_spike,False,S-20,S-20,S-20,S-20,S-20,-6.265411622853861,-5.731597967918923,-12.491620856161482,0.19690798487083616,S-10,S-20
DKI,B_20_from_low,2026-05-11,temporary_spike,False,S-20,S-20,S-20,S-20,S-20,-6.265411622853861,-5.731597967918923,-12.491620856161482,0.19690798487083616,S-10,S-20
KALA,A_10_from_low,2026-05-11,no_significant_move,False,S-20,S-20,S-20,S-20,S-20,-6.6486238779680775,-3.119361811710604,-3.524204128018127,1.878845976219541,S-10,S-20
KALA,B_20_from_low,2026-05-11,no_significant_move,False,S-20,S-20,S-20,S-20,S-20,-6.6486238779680775,-3.119361811710604,-3.524204128018127,1.878845976219541,S-10,S-20
KALA,E_base_breakout,2026-06-12,temporary_spike,False,S-20,S-4,S-2,,,2.9307120272589486,9.678305831778843,11.159151397690508,0.8632240469555937,S-4,S-2
KALA,C_20_in_1_3,2026-06-16,no_significant_move,False,S-10,S-10,S-4,S-2,,4.139148531072564,7.069860558331513,11.47224361243228,0.9530853761622993,S-15,S-4
KALA,D_rapid_expansion,2026-06-16,no_significant_move,False,S-10,S-10,S-4,S-2,,4.139148531072564,7.069860558331513,11.47224361243228,0.9530853761622993,S-15,S-4
SMX,A_10_from_low,2026-05-12,temporary_spike,False,S-20,S-1,S-1,S-1,S-1,41.60704913461489,43.21099225712049,42.861099665359184,0.07366981362396428,S-10,S-1
SMX,B_20_from_low,2026-05-14,no_significant_move,False,S-20,S-3,S-3,S-3,S-3,-13.063201928559842,28.543847206055048,29.277109273587058,0.09189157352727235,S-7,S-3
SMX,C_20_in_1_3,2026-06-02,no_significant_move,False,S-20,S-15,S-15,S-15,S-15,2.4342856410231875,-2.954542967243526,2.182703042557911,0.07035257715169775,,S-15
SMX,D_rapid_expansion,2026-07-15,no_significant_move,False,S-20,S-20,S-20,S-20,S-20,5.3489576683192865,5.316640790460383,11.142881657778943,0.567348514087225,,S-20
SMX,E_base_breakout,2026-07-15,no_significant_move,False,S-20,S-20,S-20,S-20,S-20,5.3489576683192865,5.316640790460383,11.142881657778943,0.567348514087225,,S-20
SLMT,A_10_from_low,2026-05-14,no_significant_move,False,S-20,S-20,S-20,S-20,S-20,-5.920073557557167,-6.559943738326467,-13.682379934450438,1.186486913325006,S-15,S-20
SLMT,B_20_from_low,2026-05-21,temporary_spike,False,S-20,S-20,S-20,S-20,S-15,2.4687867446483978,-5.475152455868631,-5.265621925943634,1.5894064299557673,S-20,S-20
SLMT,C_20_in_1_3,2026-05-22,no_significant_move,False,S-20,S-20,S-20,S-20,S-15,13.382415634352121,7.362587164086243,5.04780530204404,3.0677105280667125,S-5,S-20
SLMT,D_rapid_expansion,2026-07-13,no_significant_move,False,S-20,S-20,S-20,S-20,S-15,-1.4251888827902306,-5.540134467243455,4.527791947614929,2.043962057643196,S-1,S-20
SLMT,E_base_breakout,2026-07-13,no_significant_move,False,S-20,S-20,S-20,S-20,S-15,-1.4251888827902306,-5.540134467243455,4.527791947614929,2.043962057643196,S-1,S-20
ADTX,A_10_from_low,2026-05-18,no_significant_move,False,,,,,,-0.5911021127226235,-1.2409743806072981,-1.5779768710947764,4.2069846780443605,S-20,
ADTX,B_20_from_low,2026-06-01,no_significant_move,False,,,,,,-0.1318575510780846,-0.5377025126983028,-2.079940112135233,12.320971945793065,S-10,
ADTX,C_20_in_1_3,2026-06-22,true_explosion,True,,,,,,0.14646821979272318,0.13927791963782,0.01419712230850223,9.330656133281895,S-15,
ADTX,D_rapid_expansion,2026-06-22,true_explosion,True,,,,,,0.14646821979272318,0.13927791963782,0.01419712230850223,9.330656133281895,S-15,
ADTX,E_base_breakout,2026-08-21,true_explosion,True,,,,,,0.0,0.0,0.28151035866872576,0.7970416240653276,,
EZRA,A_10_from_low,2026-05-22,no_significant_move,False,S-20,S-20,S-20,S-20,S-20,0.16336443018226987,-5.056363725680924,-16.96587391866644,4.115604575163399,S-4,S-20
EZRA,B_20_from_low,2026-08-03,temporary_spike,False,S-20,S-20,,,,7.872782065359587,3.8617973906711143,2.839821949725888,0.9378185524974516,S-4,
EZRA,C_20_in_1_3,2026-08-03,temporary_spike,False,S-20,S-20,,,,7.872782065359587,3.8617973906711143,2.839821949725888,0.9378185524974516,S-4,
EZRA,D_rapid_expansion,2026-08-03,temporary_spike,False,S-20,S-20,,,,7.872782065359587,3.8617973906711143,2.839821949725888,0.9378185524974516,S-4,
EZRA,E_base_breakout,2026-08-03,temporary_spike,False,S-20,S-20,,,,7.872782065359587,3.8617973906711143,2.839821949725888,0.9378185524974516,S-4,
FRGT,A_10_from_low,2026-05-18,rapid_move,True,S-20,S-20,S-20,S-20,S-20,-24.967404645304832,-24.06774783003445,-2.484822640701921,1.771118430208285,S-5,S-20
FRGT,B_20_from_low,2026-05-19,temporary_spike,False,S-20,S-20,S-20,S-20,S-20,2.1722543415169184,-25.05116391176901,0.8258876811995464,3.054020252551741,S-5,S-20
FRGT,C_20_in_1_3,2026-05-21,temporary_spike,False,S-20,S-20,S-20,S-20,S-20,13.490625561629564,15.662879903146482,15.94132564131359,2.2904005750506435,S-7,S-20
FRGT,D_rapid_expansion,2026-05-22,temporary_spike,False,S-20,S-20,S-20,S-20,S-20,6.998948283937878,17.358965274047634,2.775516111848475,1.0969149267684637,S-7,S-20
MI,A_10_from_low,2026-05-18,no_significant_move,False,S-15,,,,,-0.4991100160396229,1.5228374949281402,0.9732883872578668,1.8129520988779404,S-7,
MI,B_20_from_low,2026-05-18,no_significant_move,False,S-15,,,,,-0.4991100160396229,1.5228374949281402,0.9732883872578668,1.8129520988779404,S-7,
PPCB,A_10_from_low,2026-05-18,gradual_rise,False,S-20,S-20,S-20,S-20,S-20,-11.343544057169566,-10.997641436442663,-13.856700126621476,2.6657840310268868,S-2,S-20
PPCB,B_20_from_low,2026-05-18,gradual_rise,False,S-20,S-20,S-20,S-20,S-20,-11.343544057169566,-10.997641436442663,-13.856700126621476,2.6657840310268868,S-2,S-20
PPCB,C_20_in_1_3,2026-06-11,no_significant_move,False,S-20,S-20,S-20,S-20,,-0.17157125404703777,-6.4364487562712185,-5.415332079173268,0.3161942915583688,,S-20
PPCB,D_rapid_expansion,2026-06-11,no_significant_move,False,S-20,S-20,S-20,S-20,,-0.17157125404703777,-6.4364487562712185,-5.415332079173268,0.3161942915583688,,S-20
PPCB,E_base_breakout,2026-06-11,no_significant_move,False,S-20,S-20,S-20,S-20,,-0.17157125404703777,-6.4364487562712185,-5.415332079173268,0.3161942915583688,,S-20
RETO,A_10_from_low,2026-05-18,temporary_spike,False,S-20,S-20,S-20,S-20,S-20,-3.8777084489751843,-3.3711271385645816,-1.7894899377735882,0.3380171426268859,S-20,S-20
RETO,B_20_from_low,2026-05-19,temporary_spike,False,S-20,S-20,S-20,S-20,S-20,-5.2728810381645985,-3.9423953888836607,-2.4557082059713906,0.3447803243737151,,S-20
RETO,C_20_in_1_3,2026-06-10,no_significant_move,False,S-20,S-20,S-20,S-20,S-20,-0.3489477168943367,0.5714299319680975,6.793213520203437,5.550350742268522,S-5,S-20
RETO,D_rapid_expansion,2026-06-10,no_significant_move,False,S-20,S-20,S-20,S-20,S-20,-0.3489477168943367,0.5714299319680975,6.793213520203437,5.550350742268522,S-5,S-20
RETO,E_base_breakout,2026-06-10,no_significant_move,False,S-20,S-20,S-20,S-20,S-20,-0.3489477168943367,0.5714299319680975,6.793213520203437,5.550350742268522,S-5,S-20
YMT,A_10_from_low,2026-05-18,no_significant_move,False,S-20,S-20,S-20,,,-4.333545950509887,-0.6036887553280081,-2.588930642784888,1.5618937044562247,S-2,S-20
YMT,B_20_from_low,2026-05-18,no_significant_move,False,S-20,S-20,S-20,,,-4.333545950509887,-0.6036887553280081,-2.588930642784888,1.5618937044562247,S-2,S-20
YMT,C_20_in_1_3,2026-06-24,no_significant_move,False,S-20,S-15,,,,6.104725784353576,6.633718862692362,1.553148744230711,1.1209367094865732,S-10,
YMT,D_rapid_expansion,2026-08-05,no_significant_move,False,S-20,S-20,S-10,S-2,S-1,13.571747716594587,16.298034087797177,11.99995681174778,0.17718038413719453,,S-10
YYAI,A_10_from_low,2026-05-19,no_significant_move,False,S-20,S-20,S-20,S-20,S-20,-4.103722398758109,-17.466991499371815,-13.490136141118867,2.873317159031445,S-3,S-20
YYAI,B_20_from_low,2026-07-10,temporary_spike,False,S-20,S-20,S-7,,,-1.3963753259995997,-0.6341875918887325,8.598229131990664,0.6533575317604355,,S-7
YYAI,E_base_breakout,2026-07-10,temporary_spike,False,S-20,S-20,S-7,,,-1.3963753259995997,-0.6341875918887325,8.598229131990664,0.6533575317604355,,S-7
YYAI,C_20_in_1_3,2026-07-16,temporary_spike,False,S-20,S-20,S-10,S-4,S-4,14.34671254551845,21.173961152815643,20.98576262884429,0.9582817017761256,S-4,S-10
YYAI,D_rapid_expansion,2026-07-16,temporary_spike,False,S-20,S-20,S-10,S-4,S-4,14.34671254551845,21.173961152815643,20.98576262884429,0.9582817017761256,S-4,S-10
EZGO,A_10_from_low,2026-05-19,temporary_spike,False,S-20,S-20,S-20,S-20,S-20,-0.2103750501351982,-0.27895654801081093,-40.696492393354106,0.7554719986561163,S-20,S-20
EZGO,B_20_from_low,2026-05-19,temporary_spike,False,S-20,S-20,S-20,S-20,S-20,-0.2103750501351982,-0.27895654801081093,-40.696492393354106,0.7554719986561163,S-20,S-20
EZGO,C_20_in_1_3,2026-06-01,rapid_move,True,S-20,S-20,S-20,S-20,S-20,0.08701318485839238,0.04831209549978155,-0.03584424038569978,0.14727363481324857,S-15,S-20
EZGO,D_rapid_expansion,2026-08-20,no_significant_move,False,S-20,S-20,S-7,,,3.2204274832759694,0.6822807491325449,4.302642039977684,0.5904947012818733,S-20,S-7
NCI,A_10_from_low,2026-05-19,temporary_spike,False,S-20,S-20,S-20,S-15,,-0.3085731849182949,-1.5926270027544547,-0.7935451414301298,0.22070592272102815,,S-20
NCI,B_20_from_low,2026-05-22,temporary_spike,False,S-20,S-20,S-20,S-15,S-2,2.75250548485527,3.587421734278614,2.825993317248681,0.8783137655908123,S-2,S-20
NCI,E_base_breakout,2026-07-02,no_significant_move,False,S-20,S-20,S-20,S-20,S-20,1.8321803258586513,2.5631047408022525,4.96315855943201,0.7720330202867551,S-20,S-20
NCI,C_20_in_1_3,2026-08-24,no_significant_move,False,S-20,S-20,S-20,S-20,S-20,8.611354347524681,10.205109680877065,19.87647846006702,1.2072211162122997,S-7,S-20
NCI,D_rapid_expansion,2026-08-24,no_significant_move,False,S-20,S-20,S-20,S-20,S-20,8.611354347524681,10.205109680877065,19.87647846006702,1.2072211162122997,S-7,S-20
CMND,A_10_from_low,2026-05-26,true_explosion,True,S-20,S-20,S-20,S-20,S-20,-0.8708971982982519,-4.230748236759297,-9.292792838165632,0.24205288116794493,S-5,S-20
CMND,B_20_from_low,2026-05-26,true_explosion,True,S-20,S-20,S-20,S-20,S-20,-0.8708971982982519,-4.230748236759297,-9.292792838165632,0.24205288116794493,S-5,S-20
CMND,C_20_in_1_3,2026-05-29,temporary_spike,False,S-20,S-20,S-20,S-20,S-20,-0.5684563449521534,1.7382567860746292,-7.991762894647927,0.1506794568822786,,S-20
CMND,D_rapid_expansion,2026-05-29,temporary_spike,False,S-20,S-20,S-20,S-20,S-20,-0.5684563449521534,1.7382567860746292,-7.991762894647927,0.1506794568822786,,S-20
CMND,E_base_breakout,2026-08-13,temporary_spike,False,S-20,S-20,S-20,S-7,S-5,2.750980046759416,-1.7454440695878262,5.263500863956047,0.3095047407445682,,S-20
HAO,A_10_from_low,2026-05-21,temporary_spike,False,S-20,S-20,S-20,S-20,S-20,-0.06672927287495156,-0.1889852391240936,-14.937300208740822,2.6139197207395033,S-15,S-20
HAO,B_20_from_low,2026-05-27,rapid_move,True,S-20,S-20,S-20,S-20,S-20,-0.075186245602751,-0.11298992078933168,-0.5038712369585312,0.4876549418301348,S-10,S-20
HAO,C_20_in_1_3,2026-06-01,temporary_spike,False,S-20,S-20,S-15,,,0.07918529904291915,0.017505054050872104,-0.19744155908477978,0.20523002639832133,S-20,S-15
HAO,D_rapid_expansion,2026-08-14,temporary_spike,False,,,,,,0.23362737921560495,0.6616148888372066,1.256729248596372,0.49999511933232466,,
HAO,E_base_breakout,2026-08-14,temporary_spike,False,,,,,,0.23362737921560495,0.6616148888372066,1.256729248596372,0.49999511933232466,,
ONCO,A_10_from_low,2026-05-21,no_significant_move,False,S-20,S-20,S-15,,,-4.237236239175573,-6.36984948893479,-5.687582990368924,1.9886187606880272,S-3,S-15
ONCO,B_20_from_low,2026-05-26,no_significant_move,False,S-20,S-20,S-20,,,1.024310142120953,-3.21292609705462,-5.324008344693752,1.4985191565410445,S-20,S-20
ONCO,C_20_in_1_3,2026-07-20,no_significant_move,False,S-20,S-15,S-10,,,0.1791865942958566,-1.5663187500530285,-5.446618222758019,0.1066803852948941,S-10,S-10
ONCO,E_base_breakout,2026-09-03,temporary_spike,False,S-20,S-20,S-20,S-20,S-20,5.749735584656399,6.461652764900542,4.946873114459983,0.49610599777485587,,S-20
ONCO,D_rapid_expansion,2026-09-04,no_significant_move,False,S-20,S-20,S-20,S-20,S-20,9.722771157050794,14.781261327340246,12.838721382342811,1.498752339363693,,S-20
IPW,A_10_from_low,2026-05-28,no_significant_move,False,S-20,S-20,S-10,S-7,,-1.6351147472575178,-1.3476388851682515,-4.852134053442583,0.7451548922469382,S-5,S-10
IPW,B_20_from_low,2026-06-09,no_significant_move,False,S-20,S-15,S-15,S-15,,2.615722476301201,0.7266396634963428,3.8606444593885385,2.3966103365029316,S-10,S-15
LNAI,A_10_from_low,2026-05-27,gradual_rise,False,S-20,S-20,S-20,S-20,S-20,-4.2036796382629475,7.120179844077654,-2.463618137571437,0.0982844589716071,,S-20
LNAI,B_20_from_low,2026-05-27,gradual_rise,False,S-20,S-20,S-20,S-20,S-20,-4.2036796382629475,7.120179844077654,-2.463618137571437,0.0982844589716071,,S-20
LNAI,C_20_in_1_3,2026-05-28,temporary_spike,False,S-20,S-20,S-20,S-20,S-20,8.236819896285908,21.815735301056144,11.564704918916043,0.5554444916434838,,S-20
LNAI,D_rapid_expansion,2026-06-17,no_significant_move,False,S-20,S-20,S-20,S-20,S-15,9.520724042530873,13.491504367102252,0.5052912464320514,17.71084946071116,S-1,S-20
LNAI,E_base_breakout,2026-06-17,no_significant_move,False,S-20,S-20,S-20,S-20,S-15,9.520724042530873,13.491504367102252,0.5052912464320514,17.71084946071116,S-1,S-20
LZMH,A_10_from_low,2026-05-22,temporary_spike,False,S-5,,,,,-0.5141691119698208,-1.3803694016106078,1.1276997254642822,0.2365706182481994,S-20,
LZMH,B_20_from_low,2026-06-08,temporary_spike,False,S-15,,,,,0.36319055837236647,-0.25736587160473334,0.18766735257638345,0.23351612142066785,S-15,
LZMH,C_20_in_1_3,2026-06-09,no_significant_move,False,S-15,,,,,3.290676865344196,2.8454071722646717,3.821793730675722,11.467738658655591,S-1,
LZMH,D_rapid_expansion,2026-06-09,no_significant_move,False,S-15,,,,,3.290676865344196,2.8454071722646717,3.821793730675722,11.467738658655591,S-1,
LZMH,E_base_breakout,2026-07-22,gradual_rise,False,S-20,S-20,S-20,S-7,,1.1178782974173274,4.2757228609470275,5.397088010033585,2.3302961275626424,S-1,S-20
NAKA,A_10_from_low,2026-05-22,no_significant_move,False,S-20,S-20,S-20,S-20,S-20,0.16263642502419628,-5.302067614838961,2.0901352460995213,1.0337760692740647,S-2,S-20
NAKA,B_20_from_low,2026-05-22,no_significant_move,False,S-20,S-20,S-20,S-20,S-20,0.16263642502419628,-5.302067614838961,2.0901352460995213,1.0337760692740647,S-2,S-20
NAKA,E_base_breakout,2026-07-20,no_significant_move,False,S-20,S-20,S-20,S-20,S-4,-4.1540371123310535,14.227094757001176,6.448028616006759,0.8106079559669752,S-4,S-20
NAKA,C_20_in_1_3,2026-07-21,no_significant_move,False,S-20,S-20,S-20,S-15,S-5,9.313289314088223,10.011601769699439,14.997877653785608,1.2373289525267421,S-5,S-20
NAKA,D_rapid_expansion,2026-07-21,no_significant_move,False,S-20,S-20,S-20,S-15,S-5,9.313289314088223,10.011601769699439,14.997877653785608,1.2373289525267421,S-5,S-20
MEDS,A_10_from_low,2026-05-26,no_significant_move,False,S-20,S-20,S-20,S-20,S-20,-10.317189563334445,-24.43954289529612,7.327786479626816,0.24143521772528753,S-5,S-20
MEDS,B_20_from_low,2026-05-28,temporary_spike,False,S-20,S-20,S-20,S-20,S-10,-3.7999037576948993,-14.117093321029344,-3.2584467096993563,0.2520849766410341,S-10,S-20
MEDS,C_20_in_1_3,2026-06-01,no_significant_move,False,S-20,S-20,S-20,S-20,S-7,2.066114160497598,-1.7337895971973012,3.659373131309586,0.18352815028448694,S-7,S-20
MEDS,D_rapid_expansion,2026-07-21,no_significant_move,False,S-20,S-20,S-20,S-20,S-10,1.4752656501184447,-2.632100506719368,-2.004193522288709,0.4813591316658801,,S-20
MEDS,E_base_breakout,2026-07-21,no_significant_move,False,S-20,S-20,S-20,S-20,S-10,1.4752656501184447,-2.632100506719368,-2.004193522288709,0.4813591316658801,,S-20
PRTS,A_10_from_low,2026-06-01,no_significant_move,False,S-20,S-20,S-20,S-20,S-20,-3.0768422322080653,-4.21416627655897,-7.6183526068092675,1.5159446102390841,S-4,S-20
PRTS,B_20_from_low,2026-06-11,no_significant_move,False,S-20,S-15,S-7,S-7,,1.771042844106816,-4.041508621994076,13.86990030314439,0.29963867101436503,S-20,S-7
PRTS,C_20_in_1_3,2026-08-07,temporary_spike,False,S-20,S-20,S-20,S-20,S-10,4.563590744678137,7.445477228475113,11.962784277803038,2.1349397590361447,S-10,S-20
PRTS,D_rapid_expansion,2026-08-07,temporary_spike,False,S-20,S-20,S-20,S-20,S-10,4.563590744678137,7.445477228475113,11.962784277803038,2.1349397590361447,S-10,S-20
PRTS,E_base_breakout,2026-08-07,temporary_spike,False,S-20,S-20,S-20,S-20,S-10,4.563590744678137,7.445477228475113,11.962784277803038,2.1349397590361447,S-10,S-20
TJGC,A_10_from_low,2026-06-03,no_significant_move,False,S-20,S-20,S-20,S-20,S-20,0.0,0.0,-44.70163364063164,0.0,S-15,S-20
TJGC,B_20_from_low,2026-06-03,no_significant_move,False,S-20,S-20,S-20,S-20,S-20,0.0,0.0,-44.70163364063164,0.0,S-15,S-20
TJGC,C_20_in_1_3,2026-06-03,no_significant_move,False,S-20,S-20,S-20,S-20,S-20,0.0,0.0,-44.70163364063164,0.0,S-15,S-20
TJGC,D_rapid_expansion,2026-06-03,no_significant_move,False,S-20,S-20,S-20,S-20,S-20,0.0,0.0,-44.70163364063164,0.0,S-15,S-20
TJGC,E_base_breakout,2026-08-24,rapid_move,True,S-20,S-20,S-20,S-20,S-20,5.224402972266603,13.160166399015324,22.11655924028068,0.9524511314460269,S-5,S-20
VSA,A_10_from_low,2026-05-26,rapid_move,True,S-20,S-20,S-20,S-20,S-20,-0.09401339541321363,0.6284753895907187,-3.8755907119540467,0.5212300646267791,,S-20
VSA,B_20_from_low,2026-06-01,true_explosion,True,S-20,S-20,S-20,S-20,S-20,2.4260244208739365,6.672908743726424,6.571890940599431,0.5604507582569083,S-4,S-20
VSA,C_20_in_1_3,2026-06-02,temporary_spike,False,S-20,S-20,S-20,S-20,S-20,4.971746076634467,4.0637604413567345,10.797545036138281,12.245641814678159,S-5,S-20
VSA,D_rapid_expansion,2026-06-02,temporary_spike,False,S-20,S-20,S-20,S-20,S-20,4.971746076634467,4.0637604413567345,10.797545036138281,12.245641814678159,S-5,S-20
VSA,E_base_breakout,2026-08-07,no_significant_move,False,S-20,S-20,S-20,S-15,S-15,2.669927746426204,2.673699199715152,-2.4037266448387626,0.04669757441376066,,S-20
CUPR,A_10_from_low,2026-05-27,gradual_rise,False,S-20,S-20,S-20,S-20,S-20,-8.178776581131238,-4.544303052776485,1.0660829014803213,0.22461169874667927,,S-20
CUPR,B_20_from_low,2026-05-28,gradual_rise,False,S-20,S-20,S-20,S-20,S-10,3.42430594351584,5.415124181033441,6.569015651255519,1.0740891826704106,S-10,S-20
CUPR,C_20_in_1_3,2026-06-01,rapid_move,True,S-20,S-20,S-20,S-20,S-15,2.6185903458602766,6.042896289376117,5.482500780692689,0.9814215821180023,S-2,S-20
CUPR,D_rapid_expansion,2026-06-12,true_explosion,True,S-20,S-20,S-20,S-20,S-20,0.8359709423834047,-0.12375142523995919,-1.2102608838341453,0.5504280957879465,S-2,S-20
SDOT,A_10_from_low,2026-05-28,rapid_move,True,S-20,S-20,S-20,,,-0.3951178683670662,-0.6258386711615742,-1.278236926533637,0.13144822514062526,,S-20
SDOT,B_20_from_low,2026-05-28,rapid_move,True,S-20,S-20,S-20,,,-0.3951178683670662,-0.6258386711615742,-1.278236926533637,0.13144822514062526,,S-20
SDOT,C_20_in_1_3,2026-06-03,true_explosion,True,S-20,,,,,3.2447180188471236,4.285033534808463,3.5572901086523956,0.12056083792618343,S-20,
SDOT,D_rapid_expansion,2026-06-03,true_explosion,True,S-20,,,,,3.2447180188471236,4.285033534808463,3.5572901086523956,0.12056083792618343,S-20,
RPGL,A_10_from_low,2026-05-28,temporary_spike,False,S-20,S-20,S-20,S-20,S-20,-0.5458660739125918,0.07720202835744772,-1.0480158840744807,0.3801814225461839,S-5,S-20
RPGL,B_20_from_low,2026-05-29,temporary_spike,False,S-20,S-20,S-20,S-20,S-20,-0.11143200957820909,-0.3886690004629543,-0.8552757941032212,0.5090392578153178,,S-20
RPGL,C_20_in_1_3,2026-07-09,no_significant_move,False,S-20,S-20,S-20,S-20,,-0.1896154669611647,-0.42654277880419045,-0.49104399920282304,10.993191010085496,S-20,S-20
RPGL,D_rapid_expansion,2026-07-09,no_significant_move,False,S-20,S-20,S-20,S-20,,-0.1896154669611647,-0.42654277880419045,-0.49104399920282304,10.993191010085496,S-20,S-20
RPGL,E_base_breakout,2026-07-09,no_significant_move,False,S-20,S-20,S-20,S-20,,-0.1896154669611647,-0.42654277880419045,-0.49104399920282304,10.993191010085496,S-20,S-20
HKIT,A_10_from_low,2026-06-01,no_significant_move,False,S-20,,,,,-0.1916656506398624,-0.5402594150713043,-0.330146560885197,1.9245217990694468,S-1,
HKIT,B_20_from_low,2026-06-01,no_significant_move,False,S-20,,,,,-0.1916656506398624,-0.5402594150713043,-0.330146560885197,1.9245217990694468,S-1,
HKIT,C_20_in_1_3,2026-06-10,true_explosion,True,S-20,S-7,S-7,S-7,S-7,0.04693870764307917,-0.24761536004550067,9.438379565799096,1.6558133406533078,S-7,S-7
HKIT,D_rapid_expansion,2026-06-10,true_explosion,True,S-20,S-7,S-7,S-7,S-7,0.04693870764307917,-0.24761536004550067,9.438379565799096,1.6558133406533078,S-7,S-7
SLXN,A_10_from_low,2026-05-29,no_significant_move,False,S-20,S-10,S-5,S-5,S-4,0.3782057335515816,-1.2069831756293823,12.253525933687094,0.0681738690209969,S-10,S-5
SLXN,B_20_from_low,2026-05-29,no_significant_move,False,S-20,S-10,S-5,S-5,S-4,0.3782057335515816,-1.2069831756293823,12.253525933687094,0.0681738690209969,S-10,S-5
SLXN,C_20_in_1_3,2026-08-03,no_significant_move,False,S-20,S-20,S-20,S-20,S-5,7.646544218218892,-6.887387390849867,-3.96722157281409,1.201146430432517,S-5,S-20
CDTG,A_10_from_low,2026-06-01,true_explosion,True,S-20,S-20,S-20,S-20,S-10,-18.631296590858746,-7.185169411157872,-11.725244886699535,2.0782305959451155,S-15,S-20
CDTG,B_20_from_low,2026-06-01,true_explosion,True,S-20,S-20,S-20,S-20,S-10,-18.631296590858746,-7.185169411157872,-11.725244886699535,2.0782305959451155,S-15,S-20
CDTG,C_20_in_1_3,2026-08-05,rapid_move,True,S-20,S-20,S-20,S-20,,8.41507500342697,11.405269095844012,9.684849601838742,5.361702127659575,S-10,S-20
CDTG,D_rapid_expansion,2026-08-05,rapid_move,True,S-20,S-20,S-20,S-20,,8.41507500342697,11.405269095844012,9.684849601838742,5.361702127659575,S-10,S-20
DAIC,A_10_from_low,2026-06-01,no_significant_move,False,S-20,S-20,S-20,S-20,S-20,-14.006728450416375,-15.536227820829012,-10.71497828753273,1.2465486505534595,,S-20
DAIC,B_20_from_low,2026-06-01,no_significant_move,False,S-20,S-20,S-20,S-20,S-20,-14.006728450416375,-15.536227820829012,-10.71497828753273,1.2465486505534595,,S-20
DAIC,C_20_in_1_3,2026-07-06,no_significant_move,False,S-20,S-20,S-20,,,3.274518960892081,6.215904642965327,6.6940530072845945,0.04190893707010632,,S-20
DAIC,D_rapid_expansion,2026-08-24,true_explosion,True,S-20,S-20,S-20,,,0.35093831225836425,-0.42070010942084934,-0.8450232495444112,0.2401019796040792,S-5,S-20
ELOX,A_10_from_low,2026-06-09,temporary_spike,False,,,,,,,,,,,
ELOX,B_20_from_low,2026-06-09,temporary_spike,False,,,,,,,,,,,
ELOX,C_20_in_1_3,2026-06-12,temporary_spike,False,,,,,,,,,,,
ELOX,E_base_breakout,2026-08-21,no_significant_move,False,S-20,S-20,S-20,S-20,S-20,-1.5429712005005243,-5.000038250988254,-7.857435262268808,0.7378925203698617,,S-20
HODO,A_10_from_low,2026-06-01,no_significant_move,False,S-20,S-20,S-20,S-20,S-20,-8.057933415297079,-12.08773504795544,-19.102227805848393,1.3782773959388945,S-5,S-20
HODO,B_20_from_low,2026-06-11,no_significant_move,False,S-20,S-20,S-20,S-20,S-20,-0.8259383026959242,-6.345432072595081,-8.500760781615043,0.4443490349164136,S-10,S-20
HODO,C_20_in_1_3,2026-07-20,no_significant_move,False,S-20,S-20,S-20,S-20,S-20,3.6419443477306856,3.750923958070146,-3.903779309716384,0.37991195173650744,S-4,S-20
JDZG,A_10_from_low,2026-06-01,no_significant_move,False,S-20,S-20,S-20,S-20,S-15,5.36445892304782,5.642401953102123,20.490221570283857,1.075668623613829,S-10,S-20
JDZG,B_20_from_low,2026-06-01,no_significant_move,False,S-20,S-20,S-20,S-20,S-15,5.36445892304782,5.642401953102123,20.490221570283857,1.075668623613829,S-10,S-20
JDZG,C_20_in_1_3,2026-08-13,temporary_spike,False,S-20,S-20,S-20,S-20,S-20,1.2101018315714782,1.0817892791436776,-54.41458625629593,0.5407798148216459,S-7,S-20
JDZG,D_rapid_expansion,2026-08-14,no_significant_move,False,S-20,S-20,S-20,S-20,S-20,1.9156617575223436,1.846565711835467,2.7670121902964127,0.8839136183340679,S-10,S-20
SBFM,A_10_from_low,2026-06-01,temporary_spike,False,S-20,S-20,S-20,S-20,S-20,-5.200344280893404,-6.798849185349837,13.910727307935616,0.16322871650506895,S-20,S-20
SBFM,B_20_from_low,2026-06-02,no_significant_move,False,S-20,S-20,S-20,S-20,S-20,-2.2509941180559423,-5.192180945526886,-3.2861077187145042,0.11290336770932348,S-15,S-20
SCYX,A_10_from_low,2026-06-30,temporary_spike,False,S-20,S-20,S-20,,,1.8202264327218387,2.445072326874282,4.030102751055026,0.4275724275724276,S-20,S-20
SCYX,B_20_from_low,2026-07-02,no_significant_move,False,S-20,S-20,S-4,S-2,S-1,10.531387178256395,12.351613610978234,17.318970662539286,1.5197528429632552,S-10,S-4
SCYX,C_20_in_1_3,2026-07-31,temporary_spike,False,S-20,S-20,S-20,S-20,S-20,3.1122928364529514,2.443734874803411,-4.944653362019956,0.7425617750882502,S-20,S-20
SCYX,D_rapid_expansion,2026-07-31,temporary_spike,False,S-20,S-20,S-20,S-20,S-20,3.1122928364529514,2.443734874803411,-4.944653362019956,0.7425617750882502,S-20,S-20
SCYX,E_base_breakout,2026-07-31,temporary_spike,False,S-20,S-20,S-20,S-20,S-20,3.1122928364529514,2.443734874803411,-4.944653362019956,0.7425617750882502,S-20,S-20
SMX,A_10_from_low,2026-06-01,no_significant_move,False,S-20,S-10,S-10,S-10,S-10,-2.41443528300627,-1.9627706260419089,-2.507025673109041,0.12644083684829174,,S-10
SMX,B_20_from_low,2026-06-02,no_significant_move,False,S-20,S-15,S-15,S-15,S-15,2.4342856410231875,-2.954542967243526,2.182703042557911,0.07035257715169775,,S-15
SMX,C_20_in_1_3,2026-07-06,temporary_spike,False,S-20,S-20,S-20,S-20,S-20,4.755752773053295,2.165226098235486,3.5900948892222857,0.49602326178055245,,S-20
SMX,D_rapid_expansion,2026-07-15,no_significant_move,False,S-20,S-20,S-20,S-20,S-20,5.3489576683192865,5.316640790460383,11.142881657778943,0.567348514087225,,S-20
SMX,E_base_breakout,2026-07-15,no_significant_move,False,S-20,S-20,S-20,S-20,S-20,5.3489576683192865,5.316640790460383,11.142881657778943,0.567348514087225,,S-20
ZOOZ,A_10_from_low,2026-06-01,no_significant_move,False,S-20,S-20,S-20,S-20,S-20,2.6175040829996945,2.267273119500963,9.794896207067794,1.2426134931526032,,S-20
ZOOZ,B_20_from_low,2026-06-17,no_significant_move,False,S-20,S-20,S-20,S-20,S-20,0.46237151999964254,7.767038472222048,-4.062363855514015,4.107571676860414,S-7,S-20
ZOOZ,E_base_breakout,2026-07-28,no_significant_move,False,S-20,S-20,S-20,S-20,S-20,-3.5587199877233786,-5.459472788397861,1.4567443684171764,0.5379310344827586,S-7,S-20
ZOOZ,C_20_in_1_3,2026-09-04,no_significant_move,False,S-20,S-20,S-20,S-20,S-20,13.776264655120634,17.358870149360797,13.986535064692234,7.017857142857143,S-10,S-20
ZOOZ,D_rapid_expansion,2026-09-04,no_significant_move,False,S-20,S-20,S-20,S-20,S-20,13.776264655120634,17.358870149360797,13.986535064692234,7.017857142857143,S-10,S-20
PRHI,A_10_from_low,2026-06-02,no_significant_move,False,S-20,S-20,S-20,S-20,S-20,9.178782650742441,3.68100309973849,12.548120945443351,9.406097689973068,S-15,S-20
PRHI,B_20_from_low,2026-06-02,no_significant_move,False,S-20,S-20,S-20,S-20,S-20,9.178782650742441,3.68100309973849,12.548120945443351,9.406097689973068,S-15,S-20
PRHI,E_base_breakout,2026-07-31,temporary_spike,False,S-20,S-20,S-20,S-20,S-20,-1.088414566267872,-9.583982199466327,-2.6443283957581087,0.4696132596685083,,S-20
PRHI,C_20_in_1_3,2026-08-14,temporary_spike,False,S-20,S-20,S-20,S-20,S-20,15.060008820901217,14.44253722126966,-5.663282204335658,9.518840579710146,S-10,S-20
PRHI,D_rapid_expansion,2026-08-14,temporary_spike,False,S-20,S-20,S-20,S-20,S-20,15.060008820901217,14.44253722126966,-5.663282204335658,9.518840579710146,S-10,S-20
WYHG,A_10_from_low,2026-06-02,gradual_rise,False,S-20,S-20,S-20,S-20,S-20,-3.9462502202666982,-5.820545290416447,-4.217670551267943,0.3814397952859799,,S-20
WYHG,B_20_from_low,2026-06-03,gradual_rise,False,S-20,S-20,S-20,S-20,S-20,10.172753017752711,4.745243328438647,4.790073276569814,0.9155398785028415,,S-20
WYHG,C_20_in_1_3,2026-06-18,true_explosion,True,S-20,S-20,S-20,S-20,S-20,3.8233116005936765,-8.452209637204135,0.5117248510136676,3.7330941021354103,S-3,S-20
WYHG,D_rapid_expansion,2026-06-18,true_explosion,True,S-20,S-20,S-20,S-20,S-20,3.8233116005936765,-8.452209637204135,0.5117248510136676,3.7330941021354103,S-3,S-20
WYHG,E_base_breakout,2026-08-06,temporary_spike,False,S-20,S-20,S-20,S-20,S-20,-1.375094489797,-7.353415609076322,-2.3712362000346516,0.2146341463414634,,S-20
PW,A_10_from_low,2026-06-04,temporary_spike,False,S-20,S-20,S-20,S-20,S-7,10.189338788724505,14.771146731965317,39.01625402200703,3.4538538888646,S-20,S-20
PW,B_20_from_low,2026-06-08,temporary_spike,False,S-20,S-20,S-20,S-7,S-7,-6.205693148853491,3.983645639871014,29.37026655764121,3.1603971472521324,S-20,S-20
PW,C_20_in_1_3,2026-06-10,no_significant_move,False,S-20,S-20,S-15,S-15,S-10,7.869689250896009,1.6639961020425176,26.040070460104644,2.4662217157740516,S-15,S-15
SILO,A_10_from_low,2026-06-03,no_significant_move,False,S-20,S-20,S-20,S-20,S-20,-13.39681419629224,-10.999265361208288,-1.0729497531669168,1.4753718288287656,S-2,S-20
SILO,B_20_from_low,2026-06-03,no_significant_move,False,S-20,S-20,S-20,S-20,S-20,-13.39681419629224,-10.999265361208288,-1.0729497531669168,1.4753718288287656,S-2,S-20
SILO,C_20_in_1_3,2026-07-09,no_significant_move,False,S-20,S-20,S-20,S-20,S-20,6.960697404779992,7.856379271909141,7.491580983253982,0.7253010735109803,S-7,S-20
ICCM,A_10_from_low,2026-06-04,rapid_move,True,S-20,S-20,S-20,,,-2.703621086255069,-9.043525382923221,-9.947088500353829,1.9243838746661965,S-10,S-20
ICCM,B_20_from_low,2026-06-04,rapid_move,True,S-20,S-20,S-20,,,-2.703621086255069,-9.043525382923221,-9.947088500353829,1.9243838746661965,S-10,S-20
ICCM,C_20_in_1_3,2026-06-17,temporary_spike,False,S-20,S-20,S-15,,,-0.9316631508922484,-0.21581431532038664,-2.569250388044509,0.88848908928025,S-20,S-15
ICCM,D_rapid_expansion,2026-06-17,temporary_spike,False,S-20,S-20,S-15,,,-0.9316631508922484,-0.21581431532038664,-2.569250388044509,0.88848908928025,S-20,S-15
WXM,A_10_from_low,2026-06-04,no_significant_move,False,S-20,S-20,S-20,S-20,S-20,-13.123549865594768,-10.574202668476303,-16.315238967618008,1.1989380158771883,S-15,S-20
WXM,B_20_from_low,2026-06-04,no_significant_move,False,S-20,S-20,S-20,S-20,S-20,-13.123549865594768,-10.574202668476303,-16.315238967618008,1.1989380158771883,S-15,S-20
WXM,C_20_in_1_3,2026-08-06,true_explosion,True,S-20,S-20,S-20,S-15,S-10,10.369286306528537,9.27851805426181,4.853376119046253,0.23029777750263108,,S-20
WXM,D_rapid_expansion,2026-08-06,true_explosion,True,S-20,S-20,S-20,S-15,S-10,10.369286306528537,9.27851805426181,4.853376119046253,0.23029777750263108,,S-20
WXM,E_base_breakout,2026-08-06,true_explosion,True,S-20,S-20,S-20,S-15,S-10,10.369286306528537,9.27851805426181,4.853376119046253,0.23029777750263108,,S-20
CETX,A_10_from_low,2026-06-08,no_significant_move,False,S-20,S-20,S-20,S-20,S-10,-1.1047419629000075,-23.083338237092683,-19.897070125216104,7.5782101681477325,S-3,S-20
CETX,B_20_from_low,2026-06-16,no_significant_move,False,S-20,S-20,S-20,S-20,S-15,-0.6902209849712619,-3.1568168675680965,-26.080814522437294,0.5672417868116284,S-15,S-20
SMSI,A_10_from_low,2026-06-11,no_significant_move,False,S-20,S-20,S-20,S-20,S-20,2.506463996625598,-10.893101292021043,-10.882533809851608,0.5753287592910235,S-4,S-20
SMSI,B_20_from_low,2026-06-11,no_significant_move,False,S-20,S-20,S-20,S-20,S-20,2.506463996625598,-10.893101292021043,-10.882533809851608,0.5753287592910235,S-4,S-20
SMSI,C_20_in_1_3,2026-06-11,no_significant_move,False,S-20,S-20,S-20,S-20,S-20,2.506463996625598,-10.893101292021043,-10.882533809851608,0.5753287592910235,S-4,S-20
SMSI,D_rapid_expansion,2026-06-11,no_significant_move,False,S-20,S-20,S-20,S-20,S-20,2.506463996625598,-10.893101292021043,-10.882533809851608,0.5753287592910235,S-4,S-20
CDLX,A_10_from_low,2026-06-08,no_significant_move,False,S-20,S-20,S-10,S-10,S-10,-4.860770125781286,-7.498374250519987,-8.451404679068403,1.6268759308053615,S-20,S-10
CDLX,B_20_from_low,2026-06-12,no_significant_move,False,S-20,S-20,S-20,S-15,S-15,6.364811100509584,-2.249678310006331,-9.464385113737372,0.9016857603345385,S-5,S-20
FEMY,A_10_from_low,2026-06-17,no_significant_move,False,S-20,S-20,S-20,S-20,S-15,-1.5770783704146396,-3.8785480279232303,-22.322077501766515,0.4059174572436715,,S-20
FEMY,B_20_from_low,2026-07-01,no_significant_move,False,S-20,S-20,S-20,S-20,S-20,7.705319782193378,11.10987076100114,13.718741593566186,0.6302655093183559,,S-20
FEMY,C_20_in_1_3,2026-07-21,no_significant_move,False,S-20,S-20,S-10,S-7,,5.425342945127042,-0.16209102119510987,0.31395522265869147,0.4303610906411201,,S-10
FEMY,D_rapid_expansion,2026-07-21,no_significant_move,False,S-20,S-20,S-10,S-7,,5.425342945127042,-0.16209102119510987,0.31395522265869147,0.4303610906411201,,S-10
HUBC,A_10_from_low,2026-06-09,temporary_spike,False,S-20,S-20,S-7,,,-0.6644473190034006,-1.2916747424398949,2.6454358737480277,0.6724046796314619,S-20,S-7
HUBC,B_20_from_low,2026-06-09,temporary_spike,False,S-20,S-20,S-7,,,-0.6644473190034006,-1.2916747424398949,2.6454358737480277,0.6724046796314619,S-20,S-7
HUBC,C_20_in_1_3,2026-06-16,no_significant_move,False,S-20,S-20,S-10,,,0.40982392805746315,0.33654231036535975,-1.0322946850220802,4.3469187807886165,S-10,S-10
KIDZ,A_10_from_low,2026-06-08,no_significant_move,False,S-20,S-20,,,,-3.2157890083548466,-3.3336391973965362,-3.6966744407853156,0.13751619142253846,S-10,
KIDZ,B_20_from_low,2026-07-06,no_significant_move,False,S-20,S-20,,,,0.6254713271820265,-0.043855801526945015,-2.8330306561862955,0.08398673814200716,S-15,
KIDZ,C_20_in_1_3,2026-07-06,no_significant_move,False,S-20,S-20,,,,0.6254713271820265,-0.043855801526945015,-2.8330306561862955,0.08398673814200716,S-15,
KIDZ,D_rapid_expansion,2026-07-06,no_significant_move,False,S-20,S-20,,,,0.6254713271820265,-0.043855801526945015,-2.8330306561862955,0.08398673814200716,S-15,
ZCMD,A_10_from_low,2026-06-08,no_significant_move,False,S-20,S-20,S-10,,,-0.24848490703340076,-0.4331324592248933,-17.42333741210099,2.696565807601239,S-20,S-10
ZCMD,B_20_from_low,2026-06-08,no_significant_move,False,S-20,S-20,S-10,,,-0.24848490703340076,-0.4331324592248933,-17.42333741210099,2.696565807601239,S-20,S-10
ZCMD,C_20_in_1_3,2026-07-06,gradual_rise,False,,,,,,0.13323261405514586,0.49027858084333786,0.2597261107553095,6.201022542210051,S-20,
ZCMD,D_rapid_expansion,2026-07-06,gradual_rise,False,,,,,,0.13323261405514586,0.49027858084333786,0.2597261107553095,6.201022542210051,S-20,
OPAD,A_10_from_low,2026-06-09,no_significant_move,False,S-20,S-20,S-20,S-20,S-10,33.13287302853435,21.251361157609345,34.0697968221433,0.19573923069747973,S-4,S-20
OPAD,B_20_from_low,2026-06-09,no_significant_move,False,S-20,S-20,S-20,S-20,S-10,33.13287302853435,21.251361157609345,34.0697968221433,0.19573923069747973,S-4,S-20
OPAD,C_20_in_1_3,2026-08-06,no_significant_move,False,S-20,S-20,S-20,S-20,S-20,13.838739561920264,7.322751834705947,5.150877994855762,0.8728983360919941,S-3,S-20
GMM,A_10_from_low,2026-06-11,gradual_rise,False,S-20,S-20,S-20,S-20,S-20,0.2537524691623503,0.5061228773933095,-0.258965915704124,0.716884140185659,S-20,S-20
GMM,B_20_from_low,2026-06-12,gradual_rise,False,S-20,S-20,S-20,S-20,S-20,-1.1646838557228705,0.8809942222448939,-0.11147185372483648,0.39180649982995064,S-20,S-20
GMM,C_20_in_1_3,2026-06-16,temporary_spike,False,S-20,S-20,S-20,S-20,S-20,1.0169857983378705,-0.14769805738499997,1.0798485424775066,2.862756449352633,S-15,S-20
GMM,D_rapid_expansion,2026-07-10,no_significant_move,False,S-20,,,,,-0.3013691544818471,-0.6795457045254523,-0.962895584746505,2.136762365478624,S-1,
SHPH,A_10_from_low,2026-06-16,temporary_spike,False,S-20,S-20,S-20,S-20,,-2.6651377747941467,-2.634640842878156,-5.406760606023738,0.27779429170562453,S-7,S-20
SHPH,B_20_from_low,2026-06-16,temporary_spike,False,S-20,S-20,S-20,S-20,,-2.6651377747941467,-2.634640842878156,-5.406760606023738,0.27779429170562453,S-7,S-20
SHPH,C_20_in_1_3,2026-07-14,no_significant_move,False,S-20,S-20,S-20,S-7,S-4,-2.6694352993707184,-0.6369275424342362,1.2740801158641801,5.929050809201364,S-1,S-20
SHPH,D_rapid_expansion,2026-07-14,no_significant_move,False,S-20,S-20,S-20,S-7,S-4,-2.6694352993707184,-0.6369275424342362,1.2740801158641801,5.929050809201364,S-1,S-20
SHPH,E_base_breakout,2026-07-14,no_significant_move,False,S-20,S-20,S-20,S-7,S-4,-2.6694352993707184,-0.6369275424342362,1.2740801158641801,5.929050809201364,S-1,S-20
AERT,A_10_from_low,2026-06-16,no_significant_move,False,S-20,S-20,S-20,S-20,S-20,0.9684038943207511,-15.387473451565022,-23.48297090017057,1.3077952124859866,S-5,S-20
AERT,B_20_from_low,2026-06-16,no_significant_move,False,S-20,S-20,S-20,S-20,S-20,0.9684038943207511,-15.387473451565022,-23.48297090017057,1.3077952124859866,S-5,S-20
AERT,C_20_in_1_3,2026-06-17,no_significant_move,False,S-20,S-20,S-20,S-20,S-20,4.7537406818186625,25.73326376305873,-9.451445777980538,1.6280377281291443,S-5,S-20
AIFA,A_10_from_low,2026-06-12,no_significant_move,False,S-20,S-20,S-20,S-20,S-20,1.2752514252370233,4.5086574987357935,-13.869240114297789,0.21001178547332566,,S-20
AIFA,B_20_from_low,2026-06-18,no_significant_move,False,S-20,S-20,S-20,S-20,S-20,-3.0723682139802193,-1.1540454525784085,-1.0280517741916242,0.5063256832162891,,S-20
AIFA,C_20_in_1_3,2026-08-07,true_explosion,True,S-20,S-20,S-20,S-20,S-15,-0.07222257304957225,2.992167679283696,-2.8851073344256406,0.9276218611521418,,S-20
AIFA,D_rapid_expansion,2026-08-07,true_explosion,True,S-20,S-20,S-20,S-20,S-15,-0.07222257304957225,2.992167679283696,-2.8851073344256406,0.9276218611521418,,S-20
AIFA,E_base_breakout,2026-08-10,temporary_spike,False,S-20,S-20,S-20,S-20,S-15,15.926644732689695,23.520962842308883,19.760793239572187,8.782155063860406,S-1,S-20
XXII,A_10_from_low,2026-06-24,no_significant_move,False,S-20,,,,,0.5278885712961454,-1.2303184050419702,-2.6403192054004876,1.1838507318642433,S-10,
XXII,B_20_from_low,2026-07-21,no_significant_move,False,S-10,S-10,,,,0.5328619425705199,2.268539060291218,3.092529269075939,0.24512534818941503,,
AMOD,A_10_from_low,2026-06-24,temporary_spike,False,S-20,S-20,S-20,S-15,S-15,-0.5981475546069674,-4.557381388866602,-8.606899863255919,0.4827506773032065,S-5,S-20
AMOD,B_20_from_low,2026-07-01,no_significant_move,False,S-20,S-20,S-20,S-20,S-20,2.8071826758068426,3.559250253776412,3.307689342345654,0.36771186553118257,S-10,S-20
AMOD,C_20_in_1_3,2026-08-04,no_significant_move,False,S-20,S-20,S-20,S-4,S-2,7.823774822884616,12.03017760006341,10.404060845856236,0.6723646723646723,,S-20
AMOD,D_rapid_expansion,2026-08-04,no_significant_move,False,S-20,S-20,S-20,S-4,S-2,7.823774822884616,12.03017760006341,10.404060845856236,0.6723646723646723,,S-20
AMOD,E_base_breakout,2026-08-04,no_significant_move,False,S-20,S-20,S-20,S-4,S-2,7.823774822884616,12.03017760006341,10.404060845856236,0.6723646723646723,,S-20
AVX,A_10_from_low,2026-06-15,temporary_spike,False,S-20,S-20,S-20,S-20,S-20,5.538290156170277,8.648289938298575,-6.957969403805734,3.2712710545009505,S-1,S-20
AVX,B_20_from_low,2026-06-16,no_significant_move,False,S-20,S-20,S-20,S-20,S-20,14.935775369102657,10.019825150217585,1.779411872538084,1.7422944381341086,S-7,S-20
AVX,C_20_in_1_3,2026-08-24,no_significant_move,False,S-20,S-20,S-10,S-10,S-10,10.075496033261906,8.16686404835459,1.6672856672645864,2.5143831238014065,S-7,S-10
AVX,D_rapid_expansion,2026-08-24,no_significant_move,False,S-20,S-20,S-10,S-10,S-10,10.075496033261906,8.16686404835459,1.6672856672645864,2.5143831238014065,S-7,S-10
AVX,E_base_breakout,2026-08-24,no_significant_move,False,S-20,S-20,S-10,S-10,S-10,10.075496033261906,8.16686404835459,1.6672856672645864,2.5143831238014065,S-7,S-10
TDIC,A_10_from_low,2026-06-16,no_significant_move,False,S-20,S-20,S-20,S-20,S-20,-0.42022961508191514,-0.7343937043221302,-0.5516732895546781,0.15955982434094448,,S-20
TDIC,B_20_from_low,2026-06-16,no_significant_move,False,S-20,S-20,S-20,S-20,S-20,-0.42022961508191514,-0.7343937043221302,-0.5516732895546781,0.15955982434094448,,S-20
AIFU,A_10_from_low,2026-06-18,no_significant_move,False,S-20,S-20,S-20,S-20,S-20,-5.681420067845458,-10.446940756234078,-3.1514329129658307,1.341381623071764,S-5,S-20
AIFU,B_20_from_low,2026-08-04,no_significant_move,False,S-20,S-20,S-20,S-20,S-3,2.237082045220127,11.739848828162984,11.974688932103241,1.509433962264151,S-3,S-20
AIFU,C_20_in_1_3,2026-08-21,temporary_spike,False,S-20,S-20,S-20,S-20,S-15,5.895172343711764,-24.96830430691218,-28.547804278722552,1.0196525206493876,S-10,S-20
AIFU,D_rapid_expansion,2026-08-21,temporary_spike,False,S-20,S-20,S-20,S-20,S-15,5.895172343711764,-24.96830430691218,-28.547804278722552,1.0196525206493876,S-10,S-20
CREG,A_10_from_low,2026-06-16,temporary_spike,False,S-20,S-20,S-20,S-20,S-20,-1.0654528773780712,-1.304419923585229,-5.524996375308298,0.103615762944864,S-20,S-20
CREG,B_20_from_low,2026-06-17,no_significant_move,False,S-20,S-20,S-20,S-20,S-20,1.3753510751485791,-0.5498667936481283,-3.755642443285822,4.635217105331844,S-1,S-20
CREG,C_20_in_1_3,2026-07-28,temporary_spike,False,S-20,S-20,S-20,S-20,S-20,0.2751593554883556,-0.3807809990854736,-12.518261299382736,0.1958084205916971,,S-20
UPLD,A_10_from_low,2026-06-29,temporary_spike,False,S-20,S-20,S-20,S-20,S-20,-2.3010101388747444,-4.111930058220338,-15.279444485421202,1.478115676237922,S-15,S-20
UPLD,B_20_from_low,2026-07-02,no_significant_move,False,S-20,S-20,S-20,S-20,S-20,2.3644920107179317,7.302062649968057,2.961183467031539,0.3123747391118053,S-10,S-20
UPLD,E_base_breakout,2026-08-07,temporary_spike,False,S-20,S-20,S-20,S-20,S-20,-3.5337656687356542,-0.3615300388954594,6.4666331998601265,1.9611158072696535,S-4,S-20
UPLD,C_20_in_1_3,2026-08-13,no_significant_move,False,S-20,S-20,S-20,S-20,S-20,1.5842177396496169,11.452758337601239,7.859597792823763,0.7415426251691475,S-5,S-20
UPLD,D_rapid_expansion,2026-08-13,no_significant_move,False,S-20,S-20,S-20,S-20,S-20,1.5842177396496169,11.452758337601239,7.859597792823763,0.7415426251691475,S-5,S-20
VMAR,A_10_from_low,2026-06-17,no_significant_move,False,S-20,,,,,-2.0506239135565636,-2.967030485559391,-3.7091454622144084,2.5087043916796787,S-10,
VMAR,B_20_from_low,2026-06-17,no_significant_move,False,S-20,,,,,-2.0506239135565636,-2.967030485559391,-3.7091454622144084,2.5087043916796787,S-10,
VMAR,C_20_in_1_3,2026-08-05,gradual_rise,False,S-20,S-1,,,,5.4770705985083055,4.172297469134165,5.518723326942066,0.04138893594253571,S-20,
VMAR,D_rapid_expansion,2026-08-05,gradual_rise,False,S-20,S-1,,,,5.4770705985083055,4.172297469134165,5.518723326942066,0.04138893594253571,S-20,
VMAR,E_base_breakout,2026-08-26,no_significant_move,False,S-20,S-15,S-7,S-2,,3.442783681900984,4.743868494057075,8.292219499480943,0.4202990214941049,S-15,S-7
WOK,A_10_from_low,2026-06-18,no_significant_move,False,S-20,S-20,S-20,S-20,S-20,-0.7736538114572298,-0.7759553778204946,-0.8468605035095251,0.5858600388813179,S-20,S-20
WOK,B_20_from_low,2026-06-18,no_significant_move,False,S-20,S-20,S-20,S-20,S-20,-0.7736538114572298,-0.7759553778204946,-0.8468605035095251,0.5858600388813179,S-20,S-20
WOK,E_base_breakout,2026-08-11,temporary_spike,False,S-20,S-20,S-20,S-20,S-20,0.09552076831933931,-0.07758726577964126,0.7134754104684262,1.3280275182949448,,S-20
BMGL,A_10_from_low,2026-06-22,temporary_spike,False,S-20,S-20,S-20,S-20,S-20,-1.4187428673819014,2.800330938561288,7.685608419880722,0.06291834367222007,S-10,S-20
BMGL,B_20_from_low,2026-07-02,no_significant_move,False,S-20,S-20,S-20,S-20,S-20,3.638547043187593,4.775260458043334,0.7660188523476137,0.0197802741216322,S-20,S-20
BMGL,C_20_in_1_3,2026-07-02,no_significant_move,False,S-20,S-20,S-20,S-20,S-20,3.638547043187593,4.775260458043334,0.7660188523476137,0.0197802741216322,S-20,S-20
BMGL,D_rapid_expansion,2026-07-02,no_significant_move,False,S-20,S-20,S-20,S-20,S-20,3.638547043187593,4.775260458043334,0.7660188523476137,0.0197802741216322,S-20,S-20
BMGL,E_base_breakout,2026-08-26,no_significant_move,False,S-20,S-20,S-20,S-20,S-20,-5.37041815759423,-0.062452298757563085,6.092693181144696,0.0,S-10,S-20
BOXL,A_10_from_low,2026-06-24,no_significant_move,False,S-20,S-20,S-20,S-20,S-20,-0.22135672629441672,-6.741820361591898,-11.45729806292701,3.787320606174552,S-10,S-20
BOXL,B_20_from_low,2026-06-24,no_significant_move,False,S-20,S-20,S-20,S-20,S-20,-0.22135672629441672,-6.741820361591898,-11.45729806292701,3.787320606174552,S-10,S-20
BOXL,C_20_in_1_3,2026-06-25,no_significant_move,False,S-20,S-20,S-20,S-20,S-20,22.257271796163693,17.386367748381033,9.541990087088415,19.16566217067748,S-4,S-20
BOXL,D_rapid_expansion,2026-08-12,temporary_spike,False,S-20,S-20,S-20,S-20,S-4,-3.8870993485151786,-0.819080598830908,10.095732170875863,18.356633864947405,S-7,S-20
BOXL,E_base_breakout,2026-08-12,temporary_spike,False,S-20,S-20,S-20,S-20,S-4,-3.8870993485151786,-0.819080598830908,10.095732170875863,18.356633864947405,S-7,S-20
FXHO,A_10_from_low,2026-06-22,rapid_move,True,S-20,S-20,S-15,S-15,S-4,-11.968108840353942,-5.477163367942353,-10.9907239537213,0.1692868051846265,,S-15
FXHO,B_20_from_low,2026-06-23,rapid_move,True,S-20,S-20,S-20,S-20,S-15,-1.2955839458972207,-10.900820986002785,-6.3222365352322285,0.28668502897954157,S-15,S-20
FXHO,C_20_in_1_3,2026-07-01,true_explosion,True,S-20,S-20,S-20,S-20,S-10,5.950824967936825,8.107572115861018,0.33291543612298113,0.1212811016055752,S-15,S-20
FXHO,D_rapid_expansion,2026-07-06,no_significant_move,False,S-20,S-20,S-20,S-20,S-20,2.8462177432434004,8.797042711180225,15.147242019720323,0.24244689728517388,S-15,S-20
LABT,A_10_from_low,2026-06-23,gradual_rise,False,,,,,,-0.9768200807155978,-1.5938785844296746,2.7004431798436173,2.77417495316328,S-3,
LABT,B_20_from_low,2026-07-09,rapid_move,True,,,,,,-0.3064745502457953,-0.7441895242273091,0.10426721088398949,0.4060410430675966,S-10,
LABT,C_20_in_1_3,2026-07-22,no_significant_move,False,,,,,,0.30152240773972494,-0.15505575282705308,2.2703470648769013,0.13816019587268275,S-20,
LABT,D_rapid_expansion,2026-07-22,no_significant_move,False,,,,,,0.30152240773972494,-0.15505575282705308,2.2703470648769013,0.13816019587268275,S-20,
LABT,E_base_breakout,2026-09-01,no_significant_move,False,S-20,S-20,S-15,S-5,S-3,1.9958355398015115,7.061570668918776,10.093278793318746,16.916492201726893,S-5,S-15
LHSW,A_10_from_low,2026-06-22,rapid_move,True,S-20,S-20,S-20,S-20,S-20,-5.852961838593245,-6.569764488795762,-1.6557146654139814,0.18739361209626623,S-15,S-20
LHSW,B_20_from_low,2026-06-30,true_explosion,True,S-20,S-20,S-20,S-20,S-20,4.088874433993048,0.3248779709289593,-4.1615964297501336,0.964594894273198,S-20,S-20
LHSW,C_20_in_1_3,2026-07-01,true_explosion,True,S-20,S-20,S-20,S-20,S-20,7.63759225695464,2.45978362369582,0.1886502429971344,1.0562925106824552,S-20,S-20
LHSW,D_rapid_expansion,2026-07-06,no_significant_move,False,S-20,S-20,S-20,S-20,S-20,-0.17209510663365535,7.465497150320985,5.869516974956724,6.983944912078504,S-7,S-20
LHSW,E_base_breakout,2026-08-25,temporary_spike,False,S-20,S-20,S-20,S-20,S-20,3.9625466750935274,-1.7787727281255457,-5.773571247618975,1.4158399192870355,S-4,S-20
POM,A_10_from_low,2026-06-22,temporary_spike,False,S-20,S-20,S-20,S-20,S-7,-3.4336933068680153,-5.40967996104817,-3.278907696931526,2.051784353237207,S-1,S-20
POM,B_20_from_low,2026-06-26,temporary_spike,False,S-20,S-20,S-20,S-20,,1.3800456523856184,3.3365949377105437,-3.284583920043154,1.2119789054004215,S-5,S-20
POM,C_20_in_1_3,2026-08-04,temporary_spike,False,S-20,S-20,S-20,S-20,S-20,6.419836976148829,5.022086412019959,1.6668506912258607,8.450760013863444,S-7,S-20
POM,D_rapid_expansion,2026-08-10,no_significant_move,False,S-20,S-20,S-20,S-20,S-1,8.004548603360682,9.045553326206779,13.309038955080148,0.6742665252739484,S-15,S-20
WLDS,A_10_from_low,2026-06-22,no_significant_move,False,S-20,S-20,S-15,S-15,S-15,-5.377804516786526,1.0478241599098297,-0.5948643262466078,0.49350289377100354,S-15,S-15
WLDS,B_20_from_low,2026-06-22,no_significant_move,False,S-20,S-20,S-15,S-15,S-15,-5.377804516786526,1.0478241599098297,-0.5948643262466078,0.49350289377100354,S-15,S-15
WLDS,C_20_in_1_3,2026-07-23,true_explosion,True,S-20,S-20,S-20,S-20,,8.9224424752406,8.471244038759252,4.981108965347573,0.7418744935626181,,S-20
WLDS,D_rapid_expansion,2026-07-23,true_explosion,True,S-20,S-20,S-20,S-20,,8.9224424752406,8.471244038759252,4.981108965347573,0.7418744935626181,,S-20
WLDS,E_base_breakout,2026-07-23,true_explosion,True,S-20,S-20,S-20,S-20,,8.9224424752406,8.471244038759252,4.981108965347573,0.7418744935626181,,S-20
FCUV,A_10_from_low,2026-06-23,true_explosion,True,S-20,S-20,S-20,S-15,S-7,-4.626465580878403,-7.989803508581517,-5.318430547195291,0.6956440215162133,S-10,S-20
FCUV,B_20_from_low,2026-06-23,true_explosion,True,S-20,S-20,S-20,S-15,S-7,-4.626465580878403,-7.989803508581517,-5.318430547195291,0.6956440215162133,S-10,S-20
FCUV,C_20_in_1_3,2026-07-31,temporary_spike,False,S-20,S-20,S-20,S-20,S-20,-1.5968445142307957,-3.8708333522222347,-7.284316762346577,0.5852090032154341,,S-20
FCUV,D_rapid_expansion,2026-07-31,temporary_spike,False,S-20,S-20,S-20,S-20,S-20,-1.5968445142307957,-3.8708333522222347,-7.284316762346577,0.5852090032154341,,S-20
ILLR,A_10_from_low,2026-06-24,true_explosion,True,S-20,S-20,S-20,S-20,S-20,-8.583984337265065,-9.274308214536084,-15.91122026625586,9.825756070245786,S-1,S-20
ILLR,B_20_from_low,2026-06-25,true_explosion,True,S-20,S-20,S-20,S-20,S-20,-6.822749747282337,-6.736574220732834,-19.31508565346588,3.033866475194636,S-2,S-20
ILLR,C_20_in_1_3,2026-06-26,no_significant_move,False,S-20,S-20,S-20,S-20,S-20,27.12469713949681,18.540712802231745,9.51306900720077,19.000074446953832,S-3,S-20
ILLR,D_rapid_expansion,2026-06-26,no_significant_move,False,S-20,S-20,S-20,S-20,S-20,27.12469713949681,18.540712802231745,9.51306900720077,19.000074446953832,S-3,S-20
YYGH,A_10_from_low,2026-06-23,no_significant_move,False,S-20,S-4,,,,-2.1001887325477213,-0.9391076042230679,2.0691371828981175,0.31734385420189887,S-20,
YYGH,B_20_from_low,2026-06-26,temporary_spike,False,S-20,S-7,,,,-1.1815491542244558,-1.5259528369981155,-1.5360295329972757,0.7510826141087338,S-20,
YYGH,C_20_in_1_3,2026-07-06,no_significant_move,False,S-20,,,,,0.2891824719620928,0.002829804790991375,-0.7279941612940632,0.14032148216878995,S-20,
YYGH,D_rapid_expansion,2026-08-26,no_significant_move,False,S-20,S-20,S-10,S-7,,0.6138328622412672,-3.2032492354164503,-0.06500924283825782,13.167642603108938,S-10,S-10
YYGH,E_base_breakout,2026-08-26,no_significant_move,False,S-20,S-20,S-10,S-7,,0.6138328622412672,-3.2032492354164503,-0.06500924283825782,13.167642603108938,S-10,S-10
AMIX,A_10_from_low,2026-06-24,no_significant_move,False,S-20,S-20,S-20,S-20,S-20,-0.31688417434501304,-9.962191508307349,-12.919588634131301,2.2309452382163015,S-2,S-20
AMIX,B_20_from_low,2026-07-01,no_significant_move,False,S-20,S-20,S-20,S-20,S-20,7.813738494931727,-3.827529162529551,-17.37506485474203,0.4157478037670367,S-7,S-20
AMIX,C_20_in_1_3,2026-07-01,no_significant_move,False,S-20,S-20,S-20,S-20,S-20,7.813738494931727,-3.827529162529551,-17.37506485474203,0.4157478037670367,S-7,S-20
AMIX,D_rapid_expansion,2026-07-01,no_significant_move,False,S-20,S-20,S-20,S-20,S-20,7.813738494931727,-3.827529162529551,-17.37506485474203,0.4157478037670367,S-7,S-20
DD,E_base_breakout,2026-08-04,no_significant_move,False,S-20,S-20,S-20,S-20,S-20,4.926841500224015,-0.04701676787422571,4.131766919266319,1.2778507349334685,S-2,S-20
DD,A_10_from_low,2026-08-05,no_significant_move,False,S-20,S-20,S-20,S-20,S-20,12.204899478740892,9.617826867804112,5.226511026652183,1.9609027412333158,S-3,S-20
NAMI,A_10_from_low,2026-06-25,no_significant_move,False,S-20,S-20,S-20,S-20,S-10,-0.5436092108929955,-5.251770367552965,-10.220195171379643,0.22059469752453492,S-15,S-20
NAMI,B_20_from_low,2026-07-10,gradual_rise,False,S-20,S-20,S-20,S-20,S-20,4.681573751249047,3.2385904452480077,2.326054318063825,2.724095394736842,S-5,S-20
NAMI,C_20_in_1_3,2026-08-07,no_significant_move,False,S-20,S-20,S-20,S-2,,3.7411989792001634,4.867897269421221,7.685848984763069,19.340261922592195,S-1,S-20
NAMI,D_rapid_expansion,2026-08-07,no_significant_move,False,S-20,S-20,S-20,S-2,,3.7411989792001634,4.867897269421221,7.685848984763069,19.340261922592195,S-1,S-20
NUWE,A_10_from_low,2026-07-06,gradual_rise,False,,,,,,0.7494187853810814,0.5075061623889212,0.34468257571342065,0.6878288541554118,S-20,
NUWE,B_20_from_low,2026-07-30,no_significant_move,False,S-7,,,,,-0.36057650937942753,-1.048519368014908,-2.1291289799830935,16.140135133267933,S-5,
NUWE,C_20_in_1_3,2026-07-30,no_significant_move,False,S-7,,,,,-0.36057650937942753,-1.048519368014908,-2.1291289799830935,16.140135133267933,S-5,
NUWE,D_rapid_expansion,2026-07-30,no_significant_move,False,S-7,,,,,-0.36057650937942753,-1.048519368014908,-2.1291289799830935,16.140135133267933,S-5,
RUBI,A_10_from_low,2026-06-26,no_significant_move,False,S-10,,,,,-2.5180956463304085,-3.084383535704305,-2.5132717303993815,0.123314172597014,S-10,
RUBI,B_20_from_low,2026-06-26,no_significant_move,False,S-10,,,,,-2.5180956463304085,-3.084383535704305,-2.5132717303993815,0.123314172597014,S-10,
VRAX,A_10_from_low,2026-06-26,rapid_move,True,S-20,S-20,S-20,S-20,S-20,-3.5720100912794805,-7.397495216544563,-8.175958455985644,0.2253646391626647,,S-20
VRAX,B_20_from_low,2026-07-02,rapid_move,True,S-20,S-20,S-20,S-20,S-20,-4.1449258913614315,-4.204876851716747,-10.606772955878384,5.972005281607981,S-4,S-20
VRAX,C_20_in_1_3,2026-07-09,no_significant_move,False,S-20,S-20,S-20,S-20,S-20,1.477493508906285,6.760181083972007,3.473823345092427,0.20510782582499815,S-7,S-20
VRAX,D_rapid_expansion,2026-07-09,no_significant_move,False,S-20,S-20,S-20,S-20,S-20,1.477493508906285,6.760181083972007,3.473823345092427,0.20510782582499815,S-7,S-20
VRAX,E_base_breakout,2026-08-19,no_significant_move,False,S-20,S-20,S-20,S-20,S-20,-1.6845764875092826,-0.09426641176327877,-1.0335421471888395,0.2759963353183692,,S-20
GDC,A_10_from_low,2026-06-29,no_significant_move,False,S-20,S-20,S-20,,,-0.32502105672864445,-0.18740719580853238,-1.7130023397381535,1.2331239807962893,S-7,S-20
GDC,B_20_from_low,2026-07-01,no_significant_move,False,S-20,S-20,S-20,,,-0.14378776092087264,-0.4688088176495171,-0.4368738110500203,0.7618993830160897,S-15,S-20
GDC,E_base_breakout,2026-07-22,temporary_spike,False,S-20,S-20,,,,-0.0025828133718874824,0.13169474421080452,0.1794064045900825,0.11313525274029257,S-20,
GDC,C_20_in_1_3,2026-08-03,gradual_rise,False,S-20,S-20,,,,0.3748363279516411,0.14746470793433275,0.6603803997426354,0.6757021526718858,,
GIBO,A_10_from_low,2026-06-30,temporary_spike,False,S-20,S-20,S-20,S-20,S-20,-30.917385961802225,-41.866488489193294,-38.64900677758629,0.0,S-4,S-20
GIBO,B_20_from_low,2026-06-30,temporary_spike,False,S-20,S-20,S-20,S-20,S-20,-30.917385961802225,-41.866488489193294,-38.64900677758629,0.0,S-4,S-20
GIBO,C_20_in_1_3,2026-07-02,temporary_spike,False,S-20,S-20,S-20,S-20,S-20,38.446945240129786,7.529559278327561,-3.3910774816331752,8.61992159657876,S-15,S-20
GIBO,D_rapid_expansion,2026-07-02,temporary_spike,False,S-20,S-20,S-20,S-20,S-20,38.446945240129786,7.529559278327561,-3.3910774816331752,8.61992159657876,S-15,S-20
HON,A_10_from_low,2026-07-23,no_significant_move,False,S-20,S-20,S-20,S-20,S-20,7.185688195124875,7.253865165210222,11.180197706374926,0.7772362026507748,,S-20
HON,E_base_breakout,2026-07-23,no_significant_move,False,S-20,S-20,S-20,S-20,S-20,7.185688195124875,7.253865165210222,11.180197706374926,0.7772362026507748,,S-20
MNDR,A_10_from_low,2026-06-29,no_significant_move,False,S-20,S-20,S-20,S-20,,11.300185529819032,4.5565038136175104,-2.0361408670501646,0.2386390485941561,S-10,S-20
MNDR,B_20_from_low,2026-06-29,no_significant_move,False,S-20,S-20,S-20,S-20,,11.300185529819032,4.5565038136175104,-2.0361408670501646,0.2386390485941561,S-10,S-20
MNDR,C_20_in_1_3,2026-08-03,no_significant_move,False,S-20,S-20,S-20,S-20,S-15,13.305169685918429,10.466224509877506,-6.802334653513114,3.066242782067086,S-5,S-20
MNDR,D_rapid_expansion,2026-08-03,no_significant_move,False,S-20,S-20,S-20,S-20,S-15,13.305169685918429,10.466224509877506,-6.802334653513114,3.066242782067086,S-5,S-20
PAVS,A_10_from_low,2026-06-30,temporary_spike,False,S-20,S-20,S-20,S-20,,-0.44547476956195453,-1.6333981096561558,-1.6720663722385751,1.561593681013143,S-15,S-20
PAVS,B_20_from_low,2026-06-30,temporary_spike,False,S-20,S-20,S-20,S-20,,-0.44547476956195453,-1.6333981096561558,-1.6720663722385751,1.561593681013143,S-15,S-20
PAVS,C_20_in_1_3,2026-07-23,temporary_spike,False,S-20,,,,,-0.14154735312536104,-0.32995207477405586,-0.8242640676799482,0.07901520430744514,,
PAVS,D_rapid_expansion,2026-07-23,temporary_spike,False,S-20,,,,,-0.14154735312536104,-0.32995207477405586,-0.8242640676799482,0.07901520430744514,,
ZCMD,A_10_from_low,2026-06-29,rapid_move,True,,,,,,-0.07195965644136493,-0.20582123578802225,-0.08601099075909246,9.703565533979935,S-20,
ZCMD,B_20_from_low,2026-06-29,rapid_move,True,,,,,,-0.07195965644136493,-0.20582123578802225,-0.08601099075909246,9.703565533979935,S-20,
ZCMD,C_20_in_1_3,2026-07-06,gradual_rise,False,,,,,,0.13323261405514586,0.49027858084333786,0.2597261107553095,6.201022542210051,S-20,
ZCMD,D_rapid_expansion,2026-07-06,gradual_rise,False,,,,,,0.13323261405514586,0.49027858084333786,0.2597261107553095,6.201022542210051,S-20,
HCWB,A_10_from_low,2026-07-09,no_significant_move,False,S-20,S-20,S-20,S-20,S-20,-0.9086832214216827,0.48037452730442,-8.748055139307262,0.1309696552385917,,S-20
HCWB,B_20_from_low,2026-07-30,temporary_spike,False,S-20,S-20,S-20,S-20,,-0.4341629651236758,-0.12564806158685826,-7.722848817044678,0.9350783537110384,S-7,S-20
HCWB,C_20_in_1_3,2026-07-31,temporary_spike,False,S-20,S-20,S-20,S-15,,9.487011871357005,11.491832922108209,2.1995673219477183,1.596005754421596,S-1,S-20
HCWB,D_rapid_expansion,2026-08-03,no_significant_move,False,S-20,S-20,S-20,S-20,,10.292536500902578,9.858373535778902,4.145032986264148,1.1305259479294076,S-2,S-20
JBDI,A_10_from_low,2026-06-30,no_significant_move,False,S-20,S-20,S-20,S-20,S-20,8.796661496214774,5.216055895823615,-7.331074102523949,0.7515166522223597,,S-20
JBDI,B_20_from_low,2026-07-09,no_significant_move,False,S-20,S-20,S-20,S-20,S-20,-5.085201205112412,-8.221704434029611,-0.5750220344045047,0.1308551627208181,,S-20
JBDI,C_20_in_1_3,2026-08-04,no_significant_move,False,S-20,S-20,S-20,S-20,S-20,10.41711216382113,14.299028489762165,3.6487647111594583,0.9490802452679286,S-4,S-20
QNCX,A_10_from_low,2026-07-01,temporary_spike,False,S-20,S-20,S-20,S-20,S-5,-2.7337413605527914,-2.771000622462644,3.7896310616765874,3.0894400389929326,S-1,S-20
QNCX,B_20_from_low,2026-07-14,gradual_rise,False,S-20,S-20,S-20,S-20,S-2,-1.0923783395780262,-0.46310009188276524,-0.9911780784579989,1.8870891649630446,S-7,S-20
QNCX,C_20_in_1_3,2026-07-29,temporary_spike,False,S-20,S-20,S-20,S-20,S-10,11.750831508470348,7.0931538264783995,6.594194072902496,0.9541936302499683,S-20,S-20
QNCX,D_rapid_expansion,2026-07-29,temporary_spike,False,S-20,S-20,S-20,S-20,S-10,11.750831508470348,7.0931538264783995,6.594194072902496,0.9541936302499683,S-20,S-20
QNCX,E_base_breakout,2026-07-29,temporary_spike,False,S-20,S-20,S-20,S-20,S-10,11.750831508470348,7.0931538264783995,6.594194072902496,0.9541936302499683,S-20,S-20
TRNR,A_10_from_low,2026-06-30,no_significant_move,False,S-20,S-20,S-20,S-20,,4.320625139838874,3.150682182305097,14.628007415060445,0.46079163183684235,,S-20
TRNR,B_20_from_low,2026-07-13,temporary_spike,False,S-20,S-20,S-15,S-15,S-7,-2.7903772295130835,-13.352709843988414,-9.80435936865429,0.19555625406596544,S-4,S-15
TRNR,E_base_breakout,2026-08-12,no_significant_move,False,S-20,S-20,S-20,S-20,S-15,-3.5286206091400985,0.8696213075371944,9.014275807586465,0.7334220026600798,,S-20
ALIT,A_10_from_low,2026-07-01,rapid_move,True,S-20,S-20,S-20,S-20,S-20,-0.7945013546057424,0.11802528251818245,0.14341719292414012,0.7506716781384214,S-10,S-20
ALIT,B_20_from_low,2026-07-01,rapid_move,True,S-20,S-20,S-20,S-20,S-20,-0.7945013546057424,0.11802528251818245,0.14341719292414012,0.7506716781384214,S-10,S-20
ALIT,C_20_in_1_3,2026-07-07,temporary_spike,False,S-20,S-20,S-20,S-20,S-20,10.924821656102324,25.66215449845845,28.587492388327405,0.78143710267435,,S-20
MQ,A_10_from_low,2026-07-15,no_significant_move,False,S-20,S-20,S-20,S-20,S-20,2.049709159199729,6.062006290930597,-2.6884695227609043,0.7850952412455916,,S-20
MQ,B_20_from_low,2026-07-29,no_significant_move,False,S-20,S-20,S-20,S-20,S-20,7.44539958652534,6.198366077027508,1.9168487412941246,0.6183313667762592,,S-20
RMTI,A_10_from_low,2026-07-02,temporary_spike,False,S-20,S-20,S-15,S-10,S-7,-6.556969733205904,-14.369241485933586,-11.88122352345954,1.8507551080840983,S-20,S-15
RMTI,B_20_from_low,2026-07-07,temporary_spike,False,S-20,S-20,S-10,S-10,S-10,8.899579126103077,2.342609392897174,-8.042001612407901,1.399209938741627,S-5,S-10
RMTI,E_base_breakout,2026-07-27,no_significant_move,False,S-20,S-20,S-20,S-20,S-7,3.4994176881511336,5.812404829717963,18.259412231538526,0.1907067936616776,S-5,S-20
GMEX,A_10_from_low,2026-07-07,no_significant_move,False,S-20,S-20,,,,0.23292925572474132,-2.0531484196928176,-4.56223278015861,11.55522027634665,S-1,
GMEX,B_20_from_low,2026-07-27,no_significant_move,False,S-20,S-20,,,,1.3548965160206734,2.1139107473255763,2.227966148583562,0.09156940730226266,S-15,
GMEX,C_20_in_1_3,2026-07-27,no_significant_move,False,S-20,S-20,,,,1.3548965160206734,2.1139107473255763,2.227966148583562,0.09156940730226266,S-15,
GMEX,D_rapid_expansion,2026-07-27,no_significant_move,False,S-20,S-20,,,,1.3548965160206734,2.1139107473255763,2.227966148583562,0.09156940730226266,S-15,
ABTC,A_10_from_low,2026-07-06,no_significant_move,False,S-20,S-20,S-20,S-20,,-6.316335368249256,-8.832525815578848,-17.07751893028088,4.69509282302644,S-10,S-20
ABTC,B_20_from_low,2026-07-21,no_significant_move,False,S-20,S-20,S-20,,,4.292520090512525,6.695487514031967,7.892657992221203,0.8729179169544687,S-10,S-20
ABTC,E_base_breakout,2026-08-10,temporary_spike,False,S-15,S-10,S-10,S-7,S-4,0.18088563132445756,7.787228620979228,14.803129595592978,0.8396265516441984,,S-10
CRIS,A_10_from_low,2026-07-10,no_significant_move,False,S-20,S-20,S-20,S-15,S-7,-0.9353532510133746,-6.2033449196784005,17.947993069990886,0.07873257308937404,S-15,S-20
CRIS,B_20_from_low,2026-08-13,no_significant_move,False,S-20,S-20,S-20,S-20,S-10,-10.172992188907529,-15.963623722629073,-20.16723467607507,7.412673280124083,S-2,S-20
HKIT,A_10_from_low,2026-07-06,no_significant_move,False,S-20,S-20,S-20,,,-0.7363594255921555,-0.6430345406787268,-0.4737762269310224,0.20330729382135934,S-20,S-20
HKIT,B_20_from_low,2026-07-22,no_significant_move,False,S-20,S-20,S-20,,,-0.08518420506131008,-0.3805667288439878,-0.3553259303103715,0.34625679252446484,,S-20
HKIT,C_20_in_1_3,2026-08-06,no_significant_move,False,S-20,S-20,S-20,,,0.3636401275377068,-0.11389527585438941,0.01586668133012381,0.22525831252142403,S-3,S-20
HKIT,D_rapid_expansion,2026-08-06,no_significant_move,False,S-20,S-20,S-20,,,0.3636401275377068,-0.11389527585438941,0.01586668133012381,0.22525831252142403,S-3,S-20
JZ,A_10_from_low,2026-07-06,temporary_spike,False,S-20,S-20,S-20,S-20,S-20,-1.5970007560097486,-1.4365745890963737,-1.7849747342825424,0.40021058782670055,S-7,S-20
JZ,B_20_from_low,2026-07-07,temporary_spike,False,S-20,S-20,S-20,S-20,S-20,-1.0508412274492684,-1.5259916006891103,-1.5467002022441676,2.718908275853529,S-1,S-20
JZ,C_20_in_1_3,2026-07-09,no_significant_move,False,S-20,S-20,S-20,S-20,S-20,0.41636621835394294,-0.6344750090953255,-1.0301564910338143,0.4358080179189079,S-10,S-20
JZ,D_rapid_expansion,2026-07-09,no_significant_move,False,S-20,S-20,S-20,S-20,S-20,0.41636621835394294,-0.6344750090953255,-1.0301564910338143,0.4358080179189079,S-10,S-20
NIPG,A_10_from_low,2026-07-06,gradual_rise,False,S-20,S-20,S-15,S-15,S-15,-0.796814397892291,-3.160740475242193,-0.36068683237745347,0.4330732541148576,S-20,S-15
NIPG,B_20_from_low,2026-07-06,gradual_rise,False,S-20,S-20,S-15,S-15,S-15,-0.796814397892291,-3.160740475242193,-0.36068683237745347,0.4330732541148576,S-20,S-15
NIPG,C_20_in_1_3,2026-07-21,true_explosion,True,S-20,S-20,S-10,,,-2.6678543860164865,-5.0810420862843415,-10.323062313439863,0.2336940010749924,S-20,S-10
NIPG,D_rapid_expansion,2026-07-21,true_explosion,True,S-20,S-20,S-10,,,-2.6678543860164865,-5.0810420862843415,-10.323062313439863,0.2336940010749924,S-20,S-10
NTCL,A_10_from_low,2026-07-06,temporary_spike,False,S-20,S-20,S-20,S-20,S-20,-0.9887563936303607,-0.7257226984510083,-1.3620646522563504,0.28818610417718354,S-15,S-20
NTCL,B_20_from_low,2026-07-06,temporary_spike,False,S-20,S-20,S-20,S-20,S-20,-0.9887563936303607,-0.7257226984510083,-1.3620646522563504,0.28818610417718354,S-15,S-20
NVVE,A_10_from_low,2026-07-06,true_explosion,True,S-20,S-20,S-20,S-20,S-20,-12.344785817921647,0.7301089853210527,-3.691278613276374,1.4499808910343701,S-3,S-20
NVVE,B_20_from_low,2026-07-06,true_explosion,True,S-20,S-20,S-20,S-20,S-20,-12.344785817921647,0.7301089853210527,-3.691278613276374,1.4499808910343701,S-3,S-20
NVVE,C_20_in_1_3,2026-07-09,true_explosion,True,S-20,S-20,S-20,S-20,S-20,24.66381948378377,13.152384892581658,22.472692163334486,19.6985643248056,S-20,S-20
NVVE,D_rapid_expansion,2026-07-10,true_explosion,True,S-20,S-20,S-20,S-20,S-20,22.92058421630555,20.11942516025811,24.023964341109824,0.5622936680700381,S-7,S-20
SNAL,A_10_from_low,2026-07-06,rapid_move,True,S-20,S-20,S-20,S-20,S-20,-0.08502995409333636,1.4920736707324167,2.4011075297808517,0.42142283571014727,,S-20
SNAL,B_20_from_low,2026-07-07,temporary_spike,False,S-20,S-20,S-20,S-20,S-20,0.21521749995374506,-1.5905870725396056,5.873176731377143,2.076560041950708,S-1,S-20
SNAL,C_20_in_1_3,2026-07-09,temporary_spike,False,S-20,S-20,S-20,S-20,S-20,19.582786894655754,19.7980043946095,20.866996541467806,2.2799348590040283,S-3,S-20
SNAL,D_rapid_expansion,2026-07-09,temporary_spike,False,S-20,S-20,S-20,S-20,S-20,19.582786894655754,19.7980043946095,20.866996541467806,2.2799348590040283,S-3,S-20
SRXH,A_10_from_low,2026-07-06,true_explosion,True,S-20,S-20,S-20,S-20,S-20,0.0,-7.105427357601002e-15,-7.792376499126938,0.0,S-10,S-20
SRXH,B_20_from_low,2026-07-06,true_explosion,True,S-20,S-20,S-20,S-20,S-20,0.0,-7.105427357601002e-15,-7.792376499126938,0.0,S-10,S-20
SRXH,C_20_in_1_3,2026-07-09,no_significant_move,False,S-20,S-20,S-20,S-20,S-20,3.5631447628583715,-10.35423293510567,-10.35423293510567,11.608218885828009,S-15,S-20
SRXH,D_rapid_expansion,2026-07-09,no_significant_move,False,S-20,S-20,S-20,S-20,S-20,3.5631447628583715,-10.35423293510567,-10.35423293510567,11.608218885828009,S-15,S-20
CGTL,A_10_from_low,2026-07-07,temporary_spike,False,S-20,S-20,S-20,S-20,S-15,-4.194993094653327,-7.164205422250447,-1.1476231614687222,0.1873867769985886,,S-20
CGTL,B_20_from_low,2026-07-24,temporary_spike,False,S-20,S-20,S-20,S-20,S-20,4.408081556880184,4.25265193202582,5.467839352799544,0.16988428187117177,,S-20
CGTL,C_20_in_1_3,2026-08-17,no_significant_move,False,S-20,S-20,S-20,S-20,S-1,15.826389623930183,13.682478820098751,10.42989273316428,18.443067267680135,S-1,S-20
NCRA,A_10_from_low,2026-07-09,gradual_rise,False,S-20,S-20,S-20,S-20,,-0.8388507878248106,-8.049605889571119,-2.425740906205334,12.961356900299563,S-20,S-20
NCRA,B_20_from_low,2026-07-29,no_significant_move,False,S-20,S-20,S-20,,,1.976490957634823,0.24148833536290226,2.975309431470265,0.05636520630186568,S-15,S-20
NCRA,C_20_in_1_3,2026-07-29,no_significant_move,False,S-20,S-20,S-20,,,1.976490957634823,0.24148833536290226,2.975309431470265,0.05636520630186568,S-15,S-20
NCRA,D_rapid_expansion,2026-07-29,no_significant_move,False,S-20,S-20,S-20,,,1.976490957634823,0.24148833536290226,2.975309431470265,0.05636520630186568,S-15,S-20
NCRA,E_base_breakout,2026-07-29,no_significant_move,False,S-20,S-20,S-20,,,1.976490957634823,0.24148833536290226,2.975309431470265,0.05636520630186568,S-15,S-20
PFSA,A_10_from_low,2026-07-08,no_significant_move,False,S-20,S-20,S-20,,,4.67411222583074,4.641744659209394,3.2929045330035223,1.3160718893209515,S-20,S-20
PFSA,B_20_from_low,2026-07-08,no_significant_move,False,S-20,S-20,S-20,,,4.67411222583074,4.641744659209394,3.2929045330035223,1.3160718893209515,S-20,S-20
PFSA,E_base_breakout,2026-08-17,true_explosion,True,S-20,S-20,,,,-0.9135487153019994,0.3994059511363446,0.9380892415143194,0.13508258133130155,S-15,
PFSA,C_20_in_1_3,2026-08-18,no_significant_move,False,S-20,S-20,S-20,,,8.213105336750118,7.7647308384770355,9.447113310306221,10.602489852583478,S-1,S-20
PFSA,D_rapid_expansion,2026-08-18,no_significant_move,False,S-20,S-20,S-20,,,8.213105336750118,7.7647308384770355,9.447113310306221,10.602489852583478,S-1,S-20
ENLV,A_10_from_low,2026-07-21,no_significant_move,False,S-20,S-20,S-20,,,-0.3235593276646682,-4.993203930222634,-9.875636050227428,1.4521480684119776,S-20,S-20
ENLV,B_20_from_low,2026-08-03,no_significant_move,False,S-20,S-20,,,,2.0868419798129167,-3.236419357734377,-1.9557905807902927,1.043598709282977,S-15,
RBNE,A_10_from_low,2026-07-09,no_significant_move,False,S-20,S-20,S-20,,,-7.961157950941228,-10.541597513371656,-2.9020090179855913,0.7985746240640988,,S-20
RBNE,B_20_from_low,2026-07-17,temporary_spike,False,S-20,S-10,,,,-3.853643224923772,-4.035214530265819,-7.725780454961338,2.411297208980212,S-4,
RBNE,C_20_in_1_3,2026-07-23,no_significant_move,False,S-20,S-15,,,,0.42331332483867357,4.6336000873335195,-3.6151232719415276,0.6964160944740797,S-5,
RBNE,D_rapid_expansion,2026-07-23,no_significant_move,False,S-20,S-15,,,,0.42331332483867357,4.6336000873335195,-3.6151232719415276,0.6964160944740797,S-5,
GIPR,A_10_from_low,2026-07-10,no_significant_move,False,S-20,S-20,S-20,S-20,S-5,-1.136047309103624,-5.533982287197773,-3.5825631558788444,0.5163981822993065,,S-20
GIPR,B_20_from_low,2026-07-31,rapid_move,True,S-20,S-20,S-20,S-20,S-20,0.17840041507038507,2.8623306531902557,-5.703884316478607,0.07913342506370098,S-15,S-20
GIPR,C_20_in_1_3,2026-08-24,no_significant_move,False,S-20,S-15,S-10,,,0.5015614179463768,-0.5613741217256489,-10.417469821980646,0.08660934550563154,,S-10
GIPR,D_rapid_expansion,2026-08-24,no_significant_move,False,S-20,S-15,S-10,,,0.5015614179463768,-0.5613741217256489,-10.417469821980646,0.08660934550563154,,S-10
YMAT,A_10_from_low,2026-07-10,no_significant_move,False,S-20,S-20,S-20,S-20,S-20,-5.208052835980446,-3.6708664795278025,-7.556959376322183,0.083261409432273,S-15,S-20
YMAT,B_20_from_low,2026-07-10,no_significant_move,False,S-20,S-20,S-20,S-20,S-20,-5.208052835980446,-3.6708664795278025,-7.556959376322183,0.083261409432273,S-15,S-20
YMAT,C_20_in_1_3,2026-07-17,no_significant_move,False,S-20,S-20,S-20,S-20,S-20,4.017517605634602,1.201997135006792,2.0650480593948757,0.050609596911622326,S-20,S-20
BIYA,A_10_from_low,2026-07-13,rapid_move,True,S-20,S-20,S-20,S-20,S-20,-2.0036184604051215,0.9088332618426094,8.287290914599552,0.05529933471784135,S-3,S-20
BIYA,B_20_from_low,2026-07-17,true_explosion,True,S-20,S-20,S-20,S-20,S-10,-1.6226711772420828,-5.240356810779012,-9.975368397197819,2.5316080528135383,S-7,S-20
BIYA,C_20_in_1_3,2026-07-27,temporary_spike,False,S-20,S-20,S-20,S-20,S-15,-4.238583408865232,-6.266654058356572,-6.5131221891144335,0.3975720841372679,S-7,S-20
BIYA,D_rapid_expansion,2026-07-27,temporary_spike,False,S-20,S-20,S-20,S-20,S-15,-4.238583408865232,-6.266654058356572,-6.5131221891144335,0.3975720841372679,S-7,S-20
CCHH,A_10_from_low,2026-07-13,no_significant_move,False,S-20,S-20,S-20,S-20,S-20,-4.14147001211974,-21.210866342951427,-16.861238253675467,0.20079480079767012,S-20,S-20
CCHH,B_20_from_low,2026-07-27,no_significant_move,False,S-20,S-20,S-20,S-20,S-20,-0.9341911935394336,-1.5932909088265887,-2.427244356107323,0.2979912293740315,,S-20
CPOP,A_10_from_low,2026-07-13,no_significant_move,False,S-20,S-20,S-20,S-20,S-20,-0.6207364552917838,-1.5872722577866938,-1.3754230173095081,0.2917407250758735,S-20,S-20
CPOP,B_20_from_low,2026-07-14,no_significant_move,False,S-20,S-20,S-20,S-20,S-20,-0.829806056044248,-2.876614396233009,-2.400208980892529,1.1173626546223705,S-20,S-20
EDBL,A_10_from_low,2026-07-15,rapid_move,True,S-20,S-20,S-20,S-10,,-2.3011126498507224,-4.332461684644642,-8.546261127728584,0.16191859167387504,S-10,S-20
EDBL,B_20_from_low,2026-07-21,rapid_move,True,S-20,S-20,S-20,,,2.6960683565821313,2.0022367486340613,4.4657186255470975,0.28978243572073303,,S-20
FTFT,A_10_from_low,2026-07-22,no_significant_move,False,S-20,S-20,S-15,,,2.570690057991399,0.8232010029089452,-3.6279663008437097,2.4339596521476485,S-7,S-15
FTFT,B_20_from_low,2026-07-31,no_significant_move,False,S-20,S-20,S-20,,,-0.669349276751376,-2.966004673099107,-1.9787142794411068,0.5015851566199652,S-20,S-20
PSQH,A_10_from_low,2026-07-15,temporary_spike,False,S-20,S-20,S-20,S-20,S-7,-15.143147762164823,-15.781287283959408,-8.090912025763416,6.495180604479112,S-3,S-20
PSQH,B_20_from_low,2026-07-28,gradual_rise,False,S-20,S-20,S-20,S-15,S-15,-2.368745466343796,-3.170537075526269,3.729534033324029,1.5699661450890252,S-10,S-20
PSQH,C_20_in_1_3,2026-07-30,temporary_spike,False,S-20,S-20,S-20,S-20,S-20,9.06437180738211,6.695626341038313,12.805695118398582,1.1302229973931113,S-10,S-20
PSQH,D_rapid_expansion,2026-07-30,temporary_spike,False,S-20,S-20,S-20,S-20,S-20,9.06437180738211,6.695626341038313,12.805695118398582,1.1302229973931113,S-10,S-20
PWCM,A_10_from_low,2026-07-21,no_significant_move,False,S-20,S-20,S-20,S-20,S-20,-2.0612493159538445,-2.355034934443495,-10.145095738079206,4.708221046417493,S-1,S-20
PWCM,B_20_from_low,2026-07-23,no_significant_move,False,S-20,S-20,S-20,,,0.5545968185164014,-1.5066524974374431,-4.153322365436807,2.0391054045472257,S-20,S-20
PWCM,C_20_in_1_3,2026-08-19,no_significant_move,False,S-20,S-10,,,,4.465176978650419,0.7099822892005676,2.2483627324881468,0.4437217945314574,S-20,
PWCM,D_rapid_expansion,2026-08-19,no_significant_move,False,S-20,S-10,,,,4.465176978650419,0.7099822892005676,2.2483627324881468,0.4437217945314574,S-20,
PWCM,E_base_breakout,2026-08-19,no_significant_move,False,S-20,S-10,,,,4.465176978650419,0.7099822892005676,2.2483627324881468,0.4437217945314574,S-20,
XAIR,A_10_from_low,2026-07-20,temporary_spike,False,S-20,S-20,S-20,S-15,S-15,0.13282362408814663,-10.277081860589952,-21.91793805969334,0.6887511386611567,S-15,S-20
XAIR,B_20_from_low,2026-08-03,no_significant_move,False,S-20,S-20,S-20,S-20,S-20,-1.9359354477588653,0.3718227120035209,-1.4852108950038314,1.5664522424662635,S-15,S-20
XAIR,C_20_in_1_3,2026-08-13,no_significant_move,False,S-20,S-20,S-10,S-7,S-7,11.812309158901648,8.57040651752407,15.726855999070928,1.0134338911147773,,S-10
YHC,A_10_from_low,2026-07-13,no_significant_move,False,S-20,S-20,S-20,S-20,S-20,-0.30504081070404254,-0.3045205036916627,-39.48498253672888,1.1897588894384135,S-7,S-20
YHC,B_20_from_low,2026-07-13,no_significant_move,False,S-20,S-20,S-20,S-20,S-20,-0.30504081070404254,-0.3045205036916627,-39.48498253672888,1.1897588894384135,S-7,S-20
YHC,C_20_in_1_3,2026-07-31,no_significant_move,False,S-20,,,,,1.144599301699074,0.9267291719547615,0.999333300799961,1.5093634469379216,S-20,
JEM,A_10_from_low,2026-07-14,no_significant_move,False,S-20,S-20,S-20,S-20,S-20,-4.365757815060725,-6.012048899066421,4.246898160810858,1.4216154676051844,S-20,S-20
JEM,B_20_from_low,2026-07-23,temporary_spike,False,S-20,S-20,S-20,S-20,S-20,-0.6533625076918739,-1.386760184138275,-6.241101504969784,0.09588746547428598,S-15,S-20
JEM,C_20_in_1_3,2026-07-24,no_significant_move,False,S-20,S-20,S-20,S-20,S-20,1.7782187454091343,0.9008197140452481,-0.19328581194476158,10.616735377633095,S-1,S-20
JEM,D_rapid_expansion,2026-07-24,no_significant_move,False,S-20,S-20,S-20,S-20,S-20,1.7782187454091343,0.9008197140452481,-0.19328581194476158,10.616735377633095,S-1,S-20
JEM,E_base_breakout,2026-08-25,no_significant_move,False,S-20,S-20,S-20,S-20,,-0.9919056836000166,-1.2232032615353674,-0.2223957616041332,12.552408502535748,S-1,S-20
LGHL,A_10_from_low,2026-07-14,no_significant_move,False,S-20,S-20,S-20,S-15,,-6.409342787147821,-1.8894420113727932,2.1534690469350863,0.3115409328647483,S-3,S-20
LGHL,B_20_from_low,2026-07-27,true_explosion,True,S-20,S-20,,,,-2.689678989873272,-3.4044537718455814,-5.563431619337635,0.20222548897494325,S-2,
YXT,A_10_from_low,2026-07-20,gradual_rise,False,S-20,S-20,S-20,S-20,S-20,-5.3087343428453195,-0.25272422732845,-3.046277843453076,0.5756578947368421,S-4,S-20
YXT,B_20_from_low,2026-08-05,no_significant_move,False,S-20,S-20,S-20,S-20,S-20,-5.316296645375644,-0.6539889331047917,-4.497417137316326,0.0,S-5,S-20
YXT,C_20_in_1_3,2026-08-05,no_significant_move,False,S-20,S-20,S-20,S-20,S-20,-5.316296645375644,-0.6539889331047917,-4.497417137316326,0.0,S-5,S-20
YXT,D_rapid_expansion,2026-08-05,no_significant_move,False,S-20,S-20,S-20,S-20,S-20,-5.316296645375644,-0.6539889331047917,-4.497417137316326,0.0,S-5,S-20
GNPX,A_10_from_low,2026-07-21,no_significant_move,False,S-20,S-20,S-20,S-20,S-10,-2.0478404275298203,-7.0119121210388755,-19.18890003678949,0.8601289567886851,S-3,S-20
GNPX,B_20_from_low,2026-07-22,no_significant_move,False,S-20,S-20,S-20,S-15,S-10,4.013994793496579,-5.902970888658977,-11.27616205533554,0.4851550383350731,S-4,S-20
VIVK,A_10_from_low,2026-07-20,true_explosion,True,S-20,S-20,,,,-4.073595734361021,-7.696418884488736,-3.807032116253694,5.033190707568835,S-4,
VIVK,B_20_from_low,2026-07-21,temporary_spike,False,S-20,S-5,,,,-4.436396207920893,-8.275208463800197,-4.2570720430251185,2.3059724075771397,S-10,
VIVK,C_20_in_1_3,2026-07-23,true_explosion,True,S-20,S-7,,,,3.7069138101655312,-0.7294823977553619,-0.9922844496053784,0.6505691640745657,S-7,
VIVK,D_rapid_expansion,2026-07-23,true_explosion,True,S-20,S-7,,,,3.7069138101655312,-0.7294823977553619,-0.9922844496053784,0.6505691640745657,S-7,
BANL,A_10_from_low,2026-07-20,gradual_rise,False,S-20,S-20,S-20,S-20,S-20,-12.079932711905329,-14.625883435572298,-10.123875629167266,4.907110279883191,S-5,S-20
BANL,B_20_from_low,2026-07-21,gradual_rise,False,S-20,S-20,S-20,S-20,S-20,-2.711037629109569,-19.22311350373994,-12.963130008617227,5.558559374074899,S-3,S-20
BANL,C_20_in_1_3,2026-08-12,true_explosion,True,S-20,S-20,S-20,S-20,S-20,8.105774784653022,6.064151502411107,-5.049181032306365,0.1522031633040875,,S-20
BANL,D_rapid_expansion,2026-08-12,true_explosion,True,S-20,S-20,S-20,S-20,S-20,8.105774784653022,6.064151502411107,-5.049181032306365,0.1522031633040875,,S-20
BANL,E_base_breakout,2026-08-12,true_explosion,True,S-20,S-20,S-20,S-20,S-20,8.105774784653022,6.064151502411107,-5.049181032306365,0.1522031633040875,,S-20
CCG,A_10_from_low,2026-07-21,temporary_spike,False,S-20,S-20,S-15,S-15,S-15,51.08454952086053,53.243799275665516,56.574999007551035,0.08237143011976372,S-15,S-15
CCG,B_20_from_low,2026-07-23,temporary_spike,False,S-20,S-20,S-20,S-15,S-15,-19.288836949484192,31.795712571376335,31.718232675616946,0.061726563195536696,S-20,S-20
CCG,C_20_in_1_3,2026-07-31,no_significant_move,False,S-20,S-20,S-20,S-20,S-20,1.7859156655707409,0.26551664997830926,33.632743272750005,0.20691833833517612,,S-20
CCG,D_rapid_expansion,2026-08-13,no_significant_move,False,S-20,S-20,S-20,S-20,S-20,-1.1501998618074225,-2.9912247854383907,-13.847038080552338,0.6271156244432567,,S-20
CCG,E_base_breakout,2026-08-13,no_significant_move,False,S-20,S-20,S-20,S-20,S-20,-1.1501998618074225,-2.9912247854383907,-13.847038080552338,0.6271156244432567,,S-20
CDT,A_10_from_low,2026-07-20,no_significant_move,False,S-20,S-20,S-20,S-20,,-1.0004163977733924,-1.1655321442077877,-3.2638275159458203,0.013181297854895704,S-20,S-20
CDT,B_20_from_low,2026-07-21,no_significant_move,False,S-20,S-20,S-20,S-20,S-20,1.7991257905088958,2.120623465232711,0.07396364976942493,0.34150716414561166,S-20,S-20
CDT,C_20_in_1_3,2026-08-05,no_significant_move,False,S-20,S-20,S-20,S-1,,2.637747253514455,6.506894788986422,3.613887096350588,1.1699168785215055,S-3,S-20
CDT,D_rapid_expansion,2026-08-05,no_significant_move,False,S-20,S-20,S-20,S-1,,2.637747253514455,6.506894788986422,3.613887096350588,1.1699168785215055,S-3,S-20
CIIT,A_10_from_low,2026-07-20,no_significant_move,False,S-20,S-20,S-20,S-15,S-15,-3.4925748120783027,-3.2707069578597583,-6.43933209545596,0.04873452440434902,,S-20
CIIT,B_20_from_low,2026-07-21,no_significant_move,False,S-20,S-20,S-20,S-15,S-15,2.5470915828907437,-0.7159266055274145,-1.9734066371706334,0.09300849165061702,S-20,S-20
DFNS,A_10_from_low,2026-07-21,rapid_move,True,S-20,S-20,,,,-1.1829027298752095,-3.2172347191623345,-9.323879812191024,0.918791149674347,S-7,
DFNS,B_20_from_low,2026-07-21,rapid_move,True,S-20,S-20,,,,-1.1829027298752095,-3.2172347191623345,-9.323879812191024,0.918791149674347,S-7,
DFNS,C_20_in_1_3,2026-07-27,true_explosion,True,S-20,S-20,,,,0.8543549773895478,6.9022705145970065,1.7538086815918632,2.297038236097274,S-7,
DFNS,D_rapid_expansion,2026-07-27,true_explosion,True,S-20,S-20,,,,0.8543549773895478,6.9022705145970065,1.7538086815918632,2.297038236097274,S-7,
NIKI,A_10_from_low,2026-07-20,no_significant_move,False,S-20,S-20,S-20,S-20,S-20,-13.009148526044378,-11.711583086512427,-8.520650112921487,3.143225390687933,S-2,S-20
NIKI,B_20_from_low,2026-07-20,no_significant_move,False,S-20,S-20,S-20,S-20,S-20,-13.009148526044378,-11.711583086512427,-8.520650112921487,3.143225390687933,S-2,S-20
NIKI,C_20_in_1_3,2026-07-30,no_significant_move,False,S-20,S-20,S-20,S-20,S-20,3.4008535092389067,1.5281015610724822,21.18248362144096,0.14025732014352835,S-10,S-20
PRPL,A_10_from_low,2026-07-22,temporary_spike,False,S-20,S-20,S-20,S-20,S-20,0.12339088467972203,-5.959477307624283,-0.4369907255612304,1.6024950056770004,S-10,S-20
PRPL,B_20_from_low,2026-07-24,temporary_spike,False,S-20,S-20,S-20,S-20,,7.3628583398247684,7.4862492245044905,2.618119524174972,0.6329277429021675,S-20,S-20
PRPL,C_20_in_1_3,2026-07-27,temporary_spike,False,S-20,S-20,S-20,S-20,S-1,10.849979003732898,21.69511638759272,10.8700209136272,0.6482767744922935,S-7,S-20
TOMZ,A_10_from_low,2026-07-24,temporary_spike,False,S-20,S-20,S-20,S-20,S-20,-5.0693305114235585,-11.607265869553338,-24.799478361502906,0.2230932415515194,S-5,S-20
TOMZ,B_20_from_low,2026-07-27,no_significant_move,False,S-20,S-20,S-20,S-20,S-20,-6.3561391321829745,-6.888800157948836,-21.558839390029114,0.39258735909038045,S-7,S-20
TOMZ,C_20_in_1_3,2026-08-04,no_significant_move,False,S-20,S-20,S-20,S-20,S-20,7.815274812270552,9.303455472610601,9.641713706536159,1.1896836765872807,,S-20
CANG,A_10_from_low,2026-07-22,temporary_spike,False,S-20,S-20,S-20,S-10,,-0.7229609530851633,-4.004809202379107,-6.040866294011806,1.486921870363305,,S-20
CANG,B_20_from_low,2026-07-22,temporary_spike,False,S-20,S-20,S-20,S-10,,-0.7229609530851633,-4.004809202379107,-6.040866294011806,1.486921870363305,,S-20
CANG,C_20_in_1_3,2026-08-12,temporary_spike,False,S-20,S-20,S-20,S-15,S-1,2.7958276354558365,6.360334525321399,13.296761548601062,0.6924048298074604,S-15,S-20
CANG,D_rapid_expansion,2026-08-12,temporary_spike,False,S-20,S-20,S-20,S-15,S-1,2.7958276354558365,6.360334525321399,13.296761548601062,0.6924048298074604,S-15,S-20
CANG,E_base_breakout,2026-08-12,temporary_spike,False,S-20,S-20,S-20,S-15,S-1,2.7958276354558365,6.360334525321399,13.296761548601062,0.6924048298074604,S-15,S-20
XPON,A_10_from_low,2026-07-21,temporary_spike,False,S-20,S-20,S-20,S-20,S-20,-7.051730838940244,-6.048404537532562,-9.67443064762945,2.714114294285286,S-1,S-20
XPON,B_20_from_low,2026-07-21,temporary_spike,False,S-20,S-20,S-20,S-20,S-20,-7.051730838940244,-6.048404537532562,-9.67443064762945,2.714114294285286,S-1,S-20
XPON,C_20_in_1_3,2026-08-17,rapid_move,True,S-20,S-15,S-15,S-5,S-5,3.438579894001542,3.720250930261315,12.667882465991191,18.22208259835032,S-20,S-15
XPON,D_rapid_expansion,2026-08-17,rapid_move,True,S-20,S-15,S-15,S-5,S-5,3.438579894001542,3.720250930261315,12.667882465991191,18.22208259835032,S-20,S-15
XPON,E_base_breakout,2026-08-17,rapid_move,True,S-20,S-15,S-15,S-5,S-5,3.438579894001542,3.720250930261315,12.667882465991191,18.22208259835032,S-20,S-15
MSS,A_10_from_low,2026-07-22,temporary_spike,False,S-20,S-20,S-20,,,0.07980241401276089,-1.7147088960563082,-1.7318993291138582,0.26616722589698466,,S-20
MSS,B_20_from_low,2026-07-22,temporary_spike,False,S-20,S-20,S-20,,,0.07980241401276089,-1.7147088960563082,-1.7318993291138582,0.26616722589698466,,S-20
MSS,E_base_breakout,2026-08-18,true_explosion,True,S-20,S-20,S-20,,,1.9528847101947662,1.4887812233761935,4.368350415025645,0.05710832755175828,,S-20
MSS,C_20_in_1_3,2026-08-19,temporary_spike,False,S-20,S-20,S-20,S-20,,5.190982275481332,6.341382749029421,8.873274138194347,3.3741713653454615,S-20,S-20
MSS,D_rapid_expansion,2026-08-19,temporary_spike,False,S-20,S-20,S-20,S-20,,5.190982275481332,6.341382749029421,8.873274138194347,3.3741713653454615,S-20,S-20
APUS,A_10_from_low,2026-07-27,temporary_spike,False,S-20,S-20,S-20,,,-4.909388040581007,-2.3583940506137253,-5.981078823623889,1.5368031178307857,S-20,S-20
APUS,B_20_from_low,2026-07-28,no_significant_move,False,S-20,S-20,S-20,S-20,,3.5353830190752973,6.162525407929607,2.2836047824669805,0.6057346655721928,S-20,S-20
APUS,C_20_in_1_3,2026-08-21,no_significant_move,False,S-20,S-15,S-15,S-15,,4.938019877680155,1.390450343353983,5.195969078684762,0.12146463754810918,S-20,S-15
APUS,D_rapid_expansion,2026-08-21,no_significant_move,False,S-20,S-15,S-15,S-15,,4.938019877680155,1.390450343353983,5.195969078684762,0.12146463754810918,S-20,S-15
DBGI,A_10_from_low,2026-07-27,rapid_move,True,S-20,S-20,S-20,S-20,S-20,-6.672000939600252,-2.8579595055523157,-14.814189766291967,4.914754284071055,S-5,S-20
DBGI,B_20_from_low,2026-07-27,rapid_move,True,S-20,S-20,S-20,S-20,S-20,-6.672000939600252,-2.8579595055523157,-14.814189766291967,4.914754284071055,S-5,S-20
DBGI,C_20_in_1_3,2026-08-03,temporary_spike,False,S-20,S-20,S-20,S-20,S-20,7.315867141506466,9.197864672319902,6.049149093436476,1.961487912963652,S-10,S-20
DBGI,D_rapid_expansion,2026-08-03,temporary_spike,False,S-20,S-20,S-20,S-20,S-20,7.315867141506466,9.197864672319902,6.049149093436476,1.961487912963652,S-10,S-20
FFAI,A_10_from_low,2026-07-28,true_explosion,True,S-20,S-20,S-20,S-20,S-20,-3.2029410782609062,-7.362788365771181,-9.792221994036467,2.9146181802691054,S-10,S-20
FFAI,B_20_from_low,2026-07-28,true_explosion,True,S-20,S-20,S-20,S-20,S-20,-3.2029410782609062,-7.362788365771181,-9.792221994036467,2.9146181802691054,S-10,S-20
FFAI,C_20_in_1_3,2026-07-31,no_significant_move,False,S-20,S-20,S-20,S-20,,2.1426917316177594,1.1657318296186787,-7.567011427435432,5.084782320608173,S-15,S-20
FFAI,D_rapid_expansion,2026-07-31,no_significant_move,False,S-20,S-20,S-20,S-20,,2.1426917316177594,1.1657318296186787,-7.567011427435432,5.084782320608173,S-15,S-20
TRIB,A_10_from_low,2026-07-27,temporary_spike,False,S-20,S-15,S-15,S-15,,-1.8149085438413692,-4.089152322926637,-3.2848058113317506,0.7201549990508417,,S-15
TRIB,B_20_from_low,2026-07-28,no_significant_move,False,S-20,S-20,S-20,S-15,,3.3558968751396208,-3.218214075561967,3.778124304804251,0.4215361583488181,S-20,S-20
TRIB,C_20_in_1_3,2026-07-29,no_significant_move,False,S-20,S-20,S-20,S-15,S-1,22.88989771760494,21.07498917376357,17.466696197493718,5.227865906225895,S-1,S-20
TRIB,D_rapid_expansion,2026-07-29,no_significant_move,False,S-20,S-20,S-20,S-15,S-1,22.88989771760494,21.07498917376357,17.466696197493718,5.227865906225895,S-1,S-20
AMZE,A_10_from_low,2026-07-27,no_significant_move,False,S-20,S-20,S-20,S-20,S-20,1.4210854715202004e-14,0.0,1.4210854715202004e-14,0.0,S-10,S-20
AMZE,B_20_from_low,2026-07-31,temporary_spike,False,S-20,S-20,S-20,S-20,S-20,0.2608999426566925,-16.510210220925018,-16.510210220925018,13.720699924287107,S-4,S-20
AMZE,E_base_breakout,2026-08-14,no_significant_move,False,S-20,S-20,S-20,,,-0.15533955417841128,2.1009847679495977,4.144398959201425,0.309636073232526,S-10,S-20
EDVA,A_10_from_low,2026-07-27,gradual_rise,False,S-20,S-20,S-20,S-20,S-15,0.0,0.0,-4.121521289645678,0.0,S-15,S-20
EDVA,B_20_from_low,2026-07-27,gradual_rise,False,S-20,S-20,S-20,S-20,S-15,0.0,0.0,-4.121521289645678,0.0,S-15,S-20
EDVA,C_20_in_1_3,2026-08-06,temporary_spike,False,S-20,S-20,S-20,S-20,S-20,7.993728868636275,9.681521292679328,10.57334576249442,1.2984297692269138,S-5,S-20
SGLY,A_10_from_low,2026-07-27,rapid_move,True,S-20,S-20,S-15,S-4,S-1,6.288425380459458,8.313353352218968,9.60087940199621,0.11406987075653892,S-10,S-15
SGLY,B_20_from_low,2026-07-28,rapid_move,True,S-20,S-20,S-7,S-5,S-2,14.640244339720532,9.762803932455213,25.686777476901163,0.6414141660654007,S-10,S-7
SGLY,C_20_in_1_3,2026-08-03,temporary_spike,False,S-20,S-20,S-20,S-5,S-5,10.892987274519811,21.143038154617194,35.45049609939768,1.3216923440983424,S-15,S-20
SGLY,D_rapid_expansion,2026-08-03,temporary_spike,False,S-20,S-20,S-20,S-5,S-5,10.892987274519811,21.143038154617194,35.45049609939768,1.3216923440983424,S-15,S-20
STKH,A_10_from_low,2026-07-28,rapid_move,True,S-20,S-15,S-4,S-4,,1.273784079992467,4.622883305648543,8.490245171044933,0.5675417335199536,S-4,S-4
STKH,B_20_from_low,2026-07-28,rapid_move,True,S-20,S-15,S-4,S-4,,1.273784079992467,4.622883305648543,8.490245171044933,0.5675417335199536,S-4,S-4
STKH,C_20_in_1_3,2026-07-30,rapid_move,True,S-20,S-15,S-5,S-2,S-2,24.83946612607742,26.113250206069885,31.598471676701557,2.723136773135891,S-10,S-5
STKH,D_rapid_expansion,2026-07-30,rapid_move,True,S-20,S-15,S-5,S-2,S-2,24.83946612607742,26.113250206069885,31.598471676701557,2.723136773135891,S-10,S-5
YARW,A_10_from_low,2026-07-27,temporary_spike,False,S-20,S-20,S-20,S-20,S-20,-48.14688849571759,-41.22467077725395,-16.339674097581515,1.4868930169095564,S-10,S-20
YARW,B_20_from_low,2026-07-27,temporary_spike,False,S-20,S-20,S-20,S-20,S-20,-48.14688849571759,-41.22467077725395,-16.339674097581515,1.4868930169095564,S-10,S-20
YARW,C_20_in_1_3,2026-07-31,temporary_spike,False,S-20,S-20,S-20,S-20,S-20,8.639191825059783,13.826934697058888,-21.703531964843236,0.47329826785683693,S-20,S-20
ZNB,A_10_from_low,2026-07-27,temporary_spike,False,S-20,,,,,0.4328012533796084,-3.3560023335636373,-0.6119072266073999,0.32680341226633847,S-15,
ZNB,B_20_from_low,2026-07-27,temporary_spike,False,S-20,,,,,0.4328012533796084,-3.3560023335636373,-0.6119072266073999,0.32680341226633847,S-15,
YAAS,A_10_from_low,2026-07-30,temporary_spike,False,S-20,S-20,S-20,S-20,S-15,-7.995681263685881,-7.010798296767533,-6.466967980433509,0.3221186856302109,,S-20
YAAS,B_20_from_low,2026-07-30,temporary_spike,False,S-20,S-20,S-20,S-20,S-15,-7.995681263685881,-7.010798296767533,-6.466967980433509,0.3221186856302109,,S-20
YAAS,C_20_in_1_3,2026-08-10,no_significant_move,False,S-20,S-20,S-20,S-20,S-20,4.2759812052634345,1.6878098836745323,37.64328091000118,0.17201968153113015,S-7,S-20
CLDI,A_10_from_low,2026-08-04,no_significant_move,False,S-20,S-20,S-20,S-20,,8.770665398410543,3.802463756430143,12.596083993680992,0.5823809826297441,S-7,S-20
CLDI,B_20_from_low,2026-08-04,no_significant_move,False,S-20,S-20,S-20,S-20,,8.770665398410543,3.802463756430143,12.596083993680992,0.5823809826297441,S-7,S-20
CSAI,A_10_from_low,2026-07-31,temporary_spike,False,S-20,S-20,S-20,S-20,S-20,-4.14358850642018,-1.7601318688624588,-7.097212381643338,1.0462483310072879,S-10,S-20
CSAI,B_20_from_low,2026-08-05,temporary_spike,False,S-20,S-20,S-20,S-20,S-20,-4.201439777707563,-3.2539596167642912,-8.854822182886679,3.1910259890286783,S-5,S-20
CSAI,C_20_in_1_3,2026-08-06,temporary_spike,False,S-20,S-20,S-20,S-20,S-20,8.312845022254564,1.9027611180641912,-1.077425105490903,3.536417399910635,S-4,S-20
CSAI,D_rapid_expansion,2026-08-06,temporary_spike,False,S-20,S-20,S-20,S-20,S-20,8.312845022254564,1.9027611180641912,-1.077425105490903,3.536417399910635,S-4,S-20
NEXR,A_10_from_low,2026-07-31,temporary_spike,False,S-20,S-20,S-20,S-20,S-1,5.1757233759472285,9.173201280277453,4.021399705835471,1.8873639030523626,S-3,S-20
NEXR,B_20_from_low,2026-08-07,no_significant_move,False,S-20,S-20,S-20,S-20,,-2.05279286881229,-4.207109141636138,1.804982635485672,0.5525609445766709,S-4,S-20
OFAL,A_10_from_low,2026-07-31,rapid_move,True,S-20,S-20,S-20,,,0.2623717256077498,1.8481156906149607,5.329926640880757,0.8871017685413736,,S-20
OFAL,B_20_from_low,2026-08-03,rapid_move,True,S-20,S-20,S-20,,,1.2385607818434892,3.043115122491713,5.4198300782997535,1.192499230441621,,S-20
OFAL,C_20_in_1_3,2026-08-12,temporary_spike,False,S-20,S-20,S-7,,,3.242158874249654,1.719810746714515,-0.8578138798002755,1.2749092200508843,S-2,S-7
OFAL,D_rapid_expansion,2026-08-12,temporary_spike,False,S-20,S-20,S-7,,,3.242158874249654,1.719810746714515,-0.8578138798002755,1.2749092200508843,S-2,S-7
KWM,A_10_from_low,2026-08-03,no_significant_move,False,S-20,S-20,S-7,S-5,,-1.5247610024813838,-8.36065282839892,5.281680597860273,12.42954866479406,S-10,S-7
KWM,B_20_from_low,2026-08-03,no_significant_move,False,S-20,S-20,S-7,S-5,,-1.5247610024813838,-8.36065282839892,5.281680597860273,12.42954866479406,S-10,S-7
KWM,C_20_in_1_3,2026-08-17,no_significant_move,False,S-20,S-15,S-15,S-15,,5.093130779117061,4.333301269601748,0.8515209401280543,0.09462660815481068,S-20,S-15
LBGJ,A_10_from_low,2026-08-03,true_explosion,True,S-20,S-20,S-20,S-20,S-20,-0.05264778073697585,-0.07909909289780614,-1.8797783311199225,8.707296794232393,S-10,S-20
LBGJ,B_20_from_low,2026-08-03,true_explosion,True,S-20,S-20,S-20,S-20,S-20,-0.05264778073697585,-0.07909909289780614,-1.8797783311199225,8.707296794232393,S-10,S-20
LEXX,A_10_from_low,2026-08-03,rapid_move,True,S-20,S-20,S-20,S-20,S-20,-13.065003011629322,-11.36883842558408,-20.824506109875998,3.684362393703995,S-5,S-20
LEXX,B_20_from_low,2026-08-04,rapid_move,True,S-20,S-20,S-20,S-20,S-15,-5.068036004810054,-19.071195651955165,-19.84211000934907,5.156118143459915,S-10,S-20
LEXX,C_20_in_1_3,2026-08-13,gradual_rise,False,S-20,S-20,S-20,S-20,S-20,6.7870697808092615,8.875784337206724,11.47400366244797,0.724940615281265,S-20,S-20
LEXX,D_rapid_expansion,2026-08-13,gradual_rise,False,S-20,S-20,S-20,S-20,S-20,6.7870697808092615,8.875784337206724,11.47400366244797,0.724940615281265,S-20,S-20
MVIS,A_10_from_low,2026-08-10,temporary_spike,False,S-20,S-20,S-20,S-20,S-20,3.861194880166252,-2.3745930368982187,2.1256816815206605,1.3081530388303626,S-5,S-20
MVIS,B_20_from_low,2026-08-12,no_significant_move,False,S-20,S-20,S-20,S-20,S-2,4.837008232214814,8.698203112381066,8.19963543302606,1.066754958534355,S-15,S-20
MVIS,C_20_in_1_3,2026-08-12,no_significant_move,False,S-20,S-20,S-20,S-20,S-2,4.837008232214814,8.698203112381066,8.19963543302606,1.066754958534355,S-15,S-20
MVIS,D_rapid_expansion,2026-08-12,no_significant_move,False,S-20,S-20,S-20,S-20,S-2,4.837008232214814,8.698203112381066,8.19963543302606,1.066754958534355,S-15,S-20
PMI,A_10_from_low,2026-08-03,gradual_rise,False,S-20,S-20,S-20,S-20,S-20,0.0,0.0,-6.181316012055433,0.0,,S-20
PMI,B_20_from_low,2026-08-03,gradual_rise,False,S-20,S-20,S-20,S-20,S-20,0.0,0.0,-6.181316012055433,0.0,,S-20
PMI,C_20_in_1_3,2026-08-24,true_explosion,True,S-20,S-20,S-20,S-15,,1.1493471911239226,-0.011790842133578394,0.1682619225354216,17.68565594774219,S-1,S-20
PMI,D_rapid_expansion,2026-08-24,true_explosion,True,S-20,S-20,S-20,S-15,,1.1493471911239226,-0.011790842133578394,0.1682619225354216,17.68565594774219,S-1,S-20
PMI,E_base_breakout,2026-08-24,true_explosion,True,S-20,S-20,S-20,S-15,,1.1493471911239226,-0.011790842133578394,0.1682619225354216,17.68565594774219,S-1,S-20
SEGG,A_10_from_low,2026-08-04,no_significant_move,False,S-20,S-20,S-20,S-15,,2.6004444452361355,-3.1522349504882072,-8.891829095725114,1.5624963176463103,S-3,S-20
SEGG,B_20_from_low,2026-08-25,no_significant_move,False,S-20,S-20,S-20,,,-0.09494587301078639,4.289406372557423,5.064180234082073,0.3251896808574299,,S-20
TOP,A_10_from_low,2026-08-04,temporary_spike,False,S-20,S-20,S-20,S-20,S-20,0.5362315632735388,-5.413495340605522,-5.86740587480471,1.2068698746712052,,S-20
TOP,B_20_from_low,2026-08-07,temporary_spike,False,S-20,S-20,S-20,S-20,S-20,-2.964157722754024,1.5352748647669543,-3.93181208926741,0.8365060627145012,S-20,S-20
TOP,E_base_breakout,2026-08-21,temporary_spike,False,S-20,S-20,S-20,S-20,S-20,4.227126909097649,12.408075705067944,8.898813493714158,1.134684242370141,,S-20
TOP,C_20_in_1_3,2026-08-24,no_significant_move,False,S-20,S-20,S-20,S-20,S-20,6.926661456109294,14.541786572441232,10.711468900609056,1.3401820698259226,,S-20
TOP,D_rapid_expansion,2026-08-24,no_significant_move,False,S-20,S-20,S-20,S-20,S-20,6.926661456109294,14.541786572441232,10.711468900609056,1.3401820698259226,,S-20
WETO,A_10_from_low,2026-08-03,rapid_move,True,S-20,S-20,S-20,S-20,S-10,5.012646768655074,4.8211552995618945,-21.148753714447267,17.320782510188273,S-20,S-20
WETO,B_20_from_low,2026-08-03,rapid_move,True,S-20,S-20,S-20,S-20,S-10,5.012646768655074,4.8211552995618945,-21.148753714447267,17.320782510188273,S-20,S-20
WETO,C_20_in_1_3,2026-08-14,true_explosion,True,S-20,S-20,S-20,S-20,S-20,-0.4568988165546415,-0.673005819973568,-1.5083229269915819,0.09234541458374862,S-15,S-20
WETO,D_rapid_expansion,2026-08-14,true_explosion,True,S-20,S-20,S-20,S-20,S-20,-0.4568988165546415,-0.673005819973568,-1.5083229269915819,0.09234541458374862,S-15,S-20
AEMD,A_10_from_low,2026-08-04,no_significant_move,False,S-20,S-15,S-2,S-2,,10.698446959013722,14.548704685528662,13.628232095834306,2.0138505055759666,S-2,S-2
